listing_id,title,description,property_type,area,lat,lon,bedrooms,size_sqft,furnished,building_age_years,floor,price_aed_month,agent_name,listed_date,status,is_suspicious_truth,dup_group_truth
1212,2BR Apartment for Rent in Palm Jumeirah - Prime Location,"Landlord maintained, no agency fees. Built-in wardrobes throughout.",2BR Apartment,Palm Jumeirah,25.12225,55.16098,2,1383,0,12,31,14750,Ravi Shankar,2026-04-22,active,0,1212
600,3BR Apartment for Rent in Palm Jumeirah - Prime Location,"Landlord maintained, no agency fees. Available for immediate move-in. Close to metro station and community mall. Built-in wardrobes throughout.",3BR Apartment,Palm Jumeirah,25.09765,55.12121,4,1455,1,8,42,18000,Layla Haddad,2026-08-10,active,0,600
2208,Must See! Villa Available in Dubai Marina,Close to metro station and community mall. Near international schools.,Villa,Dubai Marina,25.06315,55.16189,5,2995,1,10,0,27000,Michael Costa,2026-06-10,active,0,1573
516,Townhouse for Rent in Dubai Silicon Oasis - Prime Location,Shared pool and gym access. Built-in wardrobes throughout. Recently renovated kitchen and bathrooms.,Townhouse,Dubai Silicon Oasis,25.13013,55.36113,3,2093,1,13,0,8250,Hassan Ali,2026-06-12,active,0,516
1570,Chiller Free Townhouse in Dubai Sports City,"Pet friendly building. Landlord maintained, no agency fees. Shared pool and gym access.",Townhouse,Dubai Sports City,25.03783,55.23181,3,1982,0,21,0,8750,Ravi Shankar,2026-06-19,active,0,1570
1243,"Upgraded Villa in Discovery Gardens, Motivated Seller",Available for immediate move-in. Recently renovated kitchen and bathrooms. Balcony with community view. Built-in wardrobes throughout.,Villa,Discovery Gardens,25.06118,55.11977,6,3829,0,4,0,21250,Fatima Al-Suwaidi,2026-07-29,active,0,1243
1636,Stunning 2BR Apartment | Jumeirah Village Circle | Vacant Soon,Shared pool and gym access. Covered parking included. Close to metro station and community mall.,2BR Apartment,Jumeirah Village Circle,25.07449,55.20583,3,1304,0,10,23,7000,Priya Nair,2026-03-01,active,0,1636
129,Villa for Rent in Business Bay - Prime Location,"Close to metro station and community mall. Landlord maintained, no agency fees. Shared pool and gym access. Recently renovated kitchen and bathrooms.",Villa,Business Bay,25.20433,55.24967,6,5038,0,17,0,41000,Hassan Ali,2026-08-03,active,0,129
640,Best Deal! 1BR Apartment in Jumeirah Lake Towers,Balcony with community view. Close to metro station and community mall. Shared pool and gym access. Built-in wardrobes throughout.,1BR Apartment,Jumeirah Lake Towers,25.05745,55.13641,1,751,0,2,34,6250,Ravi Shankar,2026-05-23,active,0,640
561,Stunning 3BR Apartment | Discovery Gardens | Vacant Soon,Built-in wardrobes throughout. Close to metro station and community mall. Balcony with community view.,3BR Apartment,Discovery Gardens,25.05963,55.16609,4,1763,0,18,25,9000,Noor Abdullah,2026-07-05,active,0,561
964,Chiller Free 2BR Apartment in Business Bay,"Available for immediate move-in. Landlord maintained, no agency fees. Pet friendly building. Balcony with community view.",2BR Apartment,Business Bay,25.19638,55.27277,3,1153,0,1,36,8500,Ravi Shankar,2026-05-06,active,0,964
1120,Spacious 2BR Apartment in Jumeirah Village Circle | Ready to Move,"Landlord maintained, no agency fees. Recently renovated kitchen and bathrooms.",2BR Apartment,Jumeirah Village Circle,25.05904,55.19741,2,1333,1,21,8,7000,Fatima Al-Suwaidi,2026-04-13,active,0,1120
1099,Spacious 1BR Apartment in Dubai Marina | Ready to Move,Built-in wardrobes throughout. Recently renovated kitchen and bathrooms.,1BR Apartment,Dubai Marina,25.06232,55.12104,2,655,1,8,37,6000,Layla Haddad,2026-05-26,active,0,1099
884,1BR Apartment with Full Amenities - Al Furjan,Shared pool and gym access. Close to metro station and community mall. Recently renovated kitchen and bathrooms. Near international schools.,1BR Apartment,Al Furjan,25.04626,55.12906,2,932,0,4,8,4250,Noor Abdullah,2026-08-09,active,0,884
1763,Spacious 1BR Apartment in Jumeirah Village Circle | Ready to Move,Near international schools. Recently renovated kitchen and bathrooms. Balcony with community view. Shared pool and gym access.,1BR Apartment,Jumeirah Village Circle,25.06833,55.22544,1,795,0,9,1,4500,Fatima Al-Suwaidi,2026-03-01,active,0,1763
2529,"Hot Deal - Townhouse in Downtown Dubai, Call Now","Shared pool and gym access. Close to metro station and community mall. Landlord maintained, no agency fees.",Townhouse,Downtown Dubai,25.20683,55.27711,4,2077,0,15,0,18500,Ravi Shankar,2026-03-01,active,0,95
141,Exclusive 1BR Apartment in Dubai Sports City | High Floor,Pet friendly building. Balcony with community view. Near international schools. Recently renovated kitchen and bathrooms.,1BR Apartment,Dubai Sports City,25.03293,55.20051,2,929,1,17,2,4500,Omar Farouk,2026-06-27,active,0,141
1540,"Upgraded Studio in Arabian Ranches, Motivated Seller",Recently renovated kitchen and bathrooms. Built-in wardrobes throughout. Covered parking included. Near international schools.,Studio,Arabian Ranches,25.07298,55.28419,0,509,0,0,10,3250,Grace Okafor,2026-04-18,active,0,1540
2123,Best Deal! 1BR Apartment in Discovery Gardens,"Landlord maintained, no agency fees. Built-in wardrobes throughout.",1BR Apartment,Discovery Gardens,25.03557,55.12879,1,848,1,20,1,3750,Omar Farouk,2026-08-21,active,0,2123
1311,Spacious Townhouse in Jumeirah Village Circle | Ready to Move,Pet friendly building. Close to metro station and community mall. Balcony with community view.,Townhouse,Jumeirah Village Circle,25.08103,55.23399,4,2040,1,10,0,11750,Sofia Marchetti,2026-04-12,active,0,1311
465,Best Deal! Townhouse in Al Furjan,Covered parking included. Pet friendly building.,Townhouse,Al Furjan,25.01009,55.15305,4,2575,0,15,0,12750,Anjali Menon,2026-08-10,active,0,465
586,Chiller Free Studio in Mirdif,Near international schools. Recently renovated kitchen and bathrooms. Available for immediate move-in.,Studio,Mirdif,25.20952,55.4067,0,417,0,3,8,1750,Sofia Marchetti,2026-06-19,active,0,586
864,Spacious Villa in Downtown Dubai | Ready to Move,Close to metro station and community mall. Recently renovated kitchen and bathrooms. Near international schools.,Villa,Downtown Dubai,25.19896,55.29437,5,5173,1,8,0,49250,Anjali Menon,2026-03-03,active,0,864
2603,URGENT SALE Chiller Free Studio in Palm Jumeirah,Pet friendly building. Balcony with community view.,Studio,Palm Jumeirah,25.08922,55.15115,0,532,1,2,18,3065,Yusuf Karimi,2026-08-28,active,1,2603
469,Stunning 1BR Apartment | Downtown Dubai | Vacant Soon,Balcony with community view. Available for immediate move-in.,1BR Apartment,Downtown Dubai,25.19312,55.28656,2,799,0,2,30,7750,Anjali Menon,2026-04-16,active,0,469
1675,Townhouse with Full Amenities - Jumeirah Village Circle,Pet friendly building. Shared pool and gym access.,Townhouse,Jumeirah Village Circle,25.03566,55.21578,3,2360,1,4,0,11000,Hassan Ali,2026-04-12,active,0,1675
2140,Exclusive Villa in Mirdif | High Floor,Pet friendly building. Shared pool and gym access. Covered parking included.,Villa,Mirdif,25.21394,55.44331,4,3679,0,17,0,13750,Ravi Shankar,2026-08-22,active,0,2140
814,Spacious Townhouse in Al Furjan | Ready to Move,Recently renovated kitchen and bathrooms. Pet friendly building. Near international schools.,Townhouse,Al Furjan,25.02559,55.12785,3,2588,1,22,0,12750,Anjali Menon,2026-01-07,active,0,814
1064,Spacious Studio in Mirdif | Ready to Move,"Landlord maintained, no agency fees. Shared pool and gym access. Balcony with community view.",Studio,Mirdif,25.21448,55.40257,0,492,0,12,13,2250,Daniel Reyes,2026-04-17,active,0,1064
2627,URGENT SALE Villa with Full Amenities - Discovery Gardens,Covered parking included. Built-in wardrobes throughout.,Villa,Discovery Gardens,25.05777,55.14348,4,3680,0,17,0,7153,Michael Costa,2026-03-09,active,1,2627
1697,"Upgraded Villa in Mirdif, Motivated Seller",Pet friendly building. Recently renovated kitchen and bathrooms. Available for immediate move-in.,Villa,Mirdif,25.22583,55.43536,6,4292,0,5,0,16500,Yusuf Karimi,2026-04-15,active,0,1697
1061,Townhouse for Rent in Dubai Sports City - Prime Location,Near international schools. Shared pool and gym access. Close to metro station and community mall.,Townhouse,Dubai Sports City,25.06333,55.20076,3,2029,1,2,0,9750,Elena Popescu,2026-06-24,active,0,1061
732,1BR Apartment for Rent in Al Furjan - Prime Location,"Landlord maintained, no agency fees. Balcony with community view. Covered parking included. Pet friendly building.",1BR Apartment,Al Furjan,25.00552,55.13747,2,864,0,6,16,5000,Anjali Menon,2026-08-17,active,0,732
2606,URGENT SALE Exclusive Townhouse in Dubai Marina | High Floor,Built-in wardrobes throughout. Covered parking included. Available for immediate move-in.,Townhouse,Dubai Marina,25.08367,55.12641,4,1953,1,0,0,7012,Noor Abdullah,2026-06-11,active,1,2606
199,Chiller Free 2BR Apartment in Mirdif,Near international schools. Shared pool and gym access. Available for immediate move-in.,2BR Apartment,Mirdif,25.21121,55.39787,2,1046,1,7,4,5750,Layla Haddad,2026-07-04,active,0,199
409,Spacious Studio in Arabian Ranches | Ready to Move,Balcony with community view. Shared pool and gym access.,Studio,Arabian Ranches,25.06517,55.25965,0,398,0,19,25,2250,Omar Farouk,2026-04-13,active,0,409
985,Chiller Free Townhouse in Dubai Sports City,Near international schools. Covered parking included. Available for immediate move-in. Shared pool and gym access.,Townhouse,Dubai Sports City,25.02901,55.20892,3,2567,1,13,0,13500,Yusuf Karimi,2026-01-13,active,0,985
2431,2BR Apartment in Al Furjan | Well Maintained,Balcony with community view. Near international schools. Pet friendly building.,2BR Apartment,Al Furjan,25.01007,55.12987,2,943,0,21,36,4000,Noor Abdullah,2026-02-18,active,0,1097
2009,Chiller Free 1BR Apartment in Business Bay,Close to metro station and community mall. Covered parking included. Balcony with community view. Recently renovated kitchen and bathrooms.,1BR Apartment,Business Bay,25.16289,55.2849,1,757,1,10,40,7250,Daniel Reyes,2026-04-28,active,0,2009
75,Stunning 1BR Apartment | Arabian Ranches | Vacant Soon,Recently renovated kitchen and bathrooms. Balcony with community view.,1BR Apartment,Arabian Ranches,25.039,55.25407,1,820,0,2,33,6000,Chen Wei,2026-03-31,active,0,75
2521,Palm Jumeirah 3BR Apartment - Negotiable Price,"Landlord maintained, no agency fees. Pet friendly building.",3BR Apartment,Palm Jumeirah,25.13002,55.12831,3,1596,0,20,41,18500,Anjali Menon,2026-03-09,active,0,2165
1344,Exclusive Villa in Jumeirah Village Circle | High Floor,Recently renovated kitchen and bathrooms. Available for immediate move-in. Balcony with community view. Shared pool and gym access.,Villa,Jumeirah Village Circle,25.07292,55.21674,5,2914,0,10,0,16000,Priya Nair,2026-01-26,active,0,1344
1738,Villa for Rent in Dubai Silicon Oasis - Prime Location,Balcony with community view. Pet friendly building. Built-in wardrobes throughout.,Villa,Dubai Silicon Oasis,25.12517,55.39773,5,5043,0,21,0,17500,Anjali Menon,2026-03-09,active,0,1738
233,Spacious 3BR Apartment in Downtown Dubai | Ready to Move,Pet friendly building. Available for immediate move-in. Recently renovated kitchen and bathrooms. Balcony with community view.,3BR Apartment,Downtown Dubai,25.20578,55.26193,3,2061,0,4,11,19750,Grace Okafor,2026-06-21,active,0,233
665,"Upgraded 3BR Apartment in Arabian Ranches, Motivated Seller","Close to metro station and community mall. Balcony with community view. Landlord maintained, no agency fees. Recently renovated kitchen and bathrooms.",3BR Apartment,Arabian Ranches,25.0581,55.26842,3,1981,0,2,37,15750,Priya Nair,2026-01-23,active,0,665
1461,Chiller Free Townhouse in Al Furjan,Covered parking included. Close to metro station and community mall. Balcony with community view. Shared pool and gym access.,Townhouse,Al Furjan,25.01148,55.13234,4,2015,0,20,0,9750,Grace Okafor,2026-01-04,active,0,1461
627,"Upgraded 1BR Apartment in Jumeirah Lake Towers, Motivated Seller",Near international schools. Balcony with community view.,1BR Apartment,Jumeirah Lake Towers,25.08989,55.11868,1,662,1,11,22,6000,Priya Nair,2026-01-08,active,0,627
1263,"Upgraded Townhouse in Jumeirah Village Circle, Motivated Seller","Landlord maintained, no agency fees. Close to metro station and community mall. Shared pool and gym access. Covered parking included.",Townhouse,Jumeirah Village Circle,25.07007,55.21293,3,1816,0,14,0,8750,Grace Okafor,2026-05-09,active,0,1263
1627,Chiller Free 2BR Apartment in Dubai Silicon Oasis,Recently renovated kitchen and bathrooms. Built-in wardrobes throughout. Covered parking included.,2BR Apartment,Dubai Silicon Oasis,25.14155,55.35829,2,1033,1,17,41,4000,Anjali Menon,2026-06-25,active,0,1627
2362,Villa in Al Furjan | Well Maintained,Close to metro station and community mall. Pet friendly building. Shared pool and gym access. Near international schools.,Villa,Al Furjan,25.03194,55.1366,5,3660,0,7,0,21500,Grace Okafor,2026-09-09,active,0,1095
2059,1BR Apartment with Full Amenities - Dubai Silicon Oasis,Balcony with community view. Covered parking included. Available for immediate move-in.,1BR Apartment,Dubai Silicon Oasis,25.11107,55.36987,2,805,0,13,35,3500,Noor Abdullah,2026-07-06,active,0,2059
2385,Must See! 3BR Apartment Available in Al Furjan,"Available for immediate move-in. Near international schools. Landlord maintained, no agency fees.",3BR Apartment,Al Furjan,25.01573,55.15185,4,1707,1,15,24,7500,Sofia Marchetti,2026-05-03,active,0,1374
679,"Upgraded 3BR Apartment in Jumeirah Village Circle, Motivated Seller",Close to metro station and community mall. Pet friendly building. Built-in wardrobes throughout.,3BR Apartment,Jumeirah Village Circle,25.04738,55.18608,3,1871,1,19,24,9250,Fatima Al-Suwaidi,2026-02-15,active,0,679
1111,Spacious Studio in Business Bay | Ready to Move,Recently renovated kitchen and bathrooms. Pet friendly building. Close to metro station and community mall. Shared pool and gym access.,Studio,Business Bay,25.20342,55.25267,0,413,1,1,8,3750,Anjali Menon,2026-05-22,active,0,1111
2491,Must See! Studio Available in Dubai Marina,Covered parking included. Built-in wardrobes throughout.,Studio,Dubai Marina,25.07638,55.13576,0,371,0,20,37,3000,Hassan Ali,2026-02-28,active,0,1003
1893,2BR Apartment with Full Amenities - Jumeirah Lake Towers,Recently renovated kitchen and bathrooms. Built-in wardrobes throughout. Close to metro station and community mall. Near international schools.,2BR Apartment,Jumeirah Lake Towers,25.07291,55.15012,3,1329,0,12,7,10250,Sofia Marchetti,2026-05-12,active,0,1893
1806,3BR Apartment with Full Amenities - Discovery Gardens,Shared pool and gym access. Recently renovated kitchen and bathrooms. Balcony with community view.,3BR Apartment,Discovery Gardens,25.0328,55.14374,3,1411,1,6,15,8500,Michael Costa,2026-05-12,active,0,1806
1010,2BR Apartment with Full Amenities - Arabian Ranches,Close to metro station and community mall. Shared pool and gym access.,2BR Apartment,Arabian Ranches,25.03892,55.27804,3,1213,1,4,8,9000,Grace Okafor,2026-07-24,active,0,1010
368,2BR Apartment with Full Amenities - Business Bay,Available for immediate move-in. Recently renovated kitchen and bathrooms. Covered parking included.,2BR Apartment,Business Bay,25.20052,55.24726,2,1186,0,4,23,8500,Layla Haddad,2026-04-02,active,0,368
1158,"Upgraded 2BR Apartment in Arabian Ranches, Motivated Seller","Available for immediate move-in. Landlord maintained, no agency fees. Close to metro station and community mall. Shared pool and gym access.",2BR Apartment,Arabian Ranches,25.0623,55.29346,2,1025,0,13,28,6750,Noor Abdullah,2026-08-01,active,0,1158
2075,Best Deal! 1BR Apartment in Dubai Silicon Oasis,Close to metro station and community mall. Built-in wardrobes throughout.,1BR Apartment,Dubai Silicon Oasis,25.1038,55.39487,1,876,1,20,39,4000,Hassan Ali,2026-01-31,active,0,2075
2325,2BR Apartment in Palm Jumeirah | Well Maintained,Shared pool and gym access. Available for immediate move-in.,2BR Apartment,Palm Jumeirah,25.09799,55.13665,3,1161,0,8,34,15500,Omar Farouk,2026-03-04,active,0,1778
1164,"Upgraded 1BR Apartment in Jumeirah Lake Towers, Motivated Seller","Covered parking included. Built-in wardrobes throughout. Near international schools. Landlord maintained, no agency fees.",1BR Apartment,Jumeirah Lake Towers,25.08571,55.11954,2,916,1,8,17,6000,Yusuf Karimi,2026-06-28,active,0,1164
1612,"Upgraded 3BR Apartment in Palm Jumeirah, Motivated Seller",Balcony with community view. Recently renovated kitchen and bathrooms. Pet friendly building.,3BR Apartment,Palm Jumeirah,25.13319,55.14287,4,1563,0,16,32,17500,Fatima Al-Suwaidi,2026-07-26,active,0,1612
850,Townhouse with Full Amenities - Palm Jumeirah,"Covered parking included. Landlord maintained, no agency fees. Close to metro station and community mall. Available for immediate move-in.",Townhouse,Palm Jumeirah,25.11157,55.13041,4,2559,1,21,0,29500,Noor Abdullah,2026-05-14,active,0,850
1069,Exclusive Villa in Discovery Gardens | High Floor,"Landlord maintained, no agency fees. Available for immediate move-in. Shared pool and gym access.",Villa,Discovery Gardens,25.06291,55.12258,4,4174,0,11,0,22750,Fatima Al-Suwaidi,2026-08-08,active,0,1069
142,"Upgraded Studio in Al Furjan, Motivated Seller","Available for immediate move-in. Recently renovated kitchen and bathrooms. Landlord maintained, no agency fees. Shared pool and gym access.",Studio,Al Furjan,25.01081,55.15693,0,494,0,15,38,2500,Layla Haddad,2026-05-20,active,0,142
2114,2BR Apartment with Full Amenities - Jumeirah Lake Towers,Balcony with community view. Pet friendly building. Available for immediate move-in. Recently renovated kitchen and bathrooms.,2BR Apartment,Jumeirah Lake Towers,25.04703,55.14656,2,1367,0,13,11,8500,Michael Costa,2026-05-24,active,0,2114
296,Chiller Free Townhouse in Dubai Sports City,Available for immediate move-in. Pet friendly building.,Townhouse,Dubai Sports City,25.0559,55.2115,4,2073,0,19,0,7750,Omar Farouk,2026-04-02,active,0,296
2257,"Hot Deal - Townhouse in Dubai Marina, Call Now",Covered parking included. Shared pool and gym access. Available for immediate move-in.,Townhouse,Dubai Marina,25.08787,55.14241,3,1983,1,8,0,16500,Noor Abdullah,2026-06-08,active,0,1137
2523,"Hot Deal - 1BR Apartment in Discovery Gardens, Call Now",Balcony with community view. Shared pool and gym access.,1BR Apartment,Discovery Gardens,25.05087,55.15335,2,874,0,9,21,5000,Chen Wei,2026-07-10,active,0,534
1772,Chiller Free 3BR Apartment in Mirdif,Covered parking included. Shared pool and gym access.,3BR Apartment,Mirdif,25.23479,55.40639,4,2057,0,2,6,10250,Grace Okafor,2026-03-22,active,0,1772
253,"Upgraded 3BR Apartment in Mirdif, Motivated Seller",Built-in wardrobes throughout. Available for immediate move-in. Close to metro station and community mall.,3BR Apartment,Mirdif,25.22684,55.40927,4,2000,0,15,8,8000,Michael Costa,2026-06-29,active,0,253
1515,1BR Apartment with Full Amenities - Jumeirah Lake Towers,Near international schools. Covered parking included.,1BR Apartment,Jumeirah Lake Towers,25.08067,55.12623,1,891,1,16,25,6750,Grace Okafor,2026-04-03,active,0,1515
1812,Chiller Free 1BR Apartment in Downtown Dubai,"Balcony with community view. Landlord maintained, no agency fees. Recently renovated kitchen and bathrooms.",1BR Apartment,Downtown Dubai,25.18846,55.2777,2,936,0,19,6,11000,Hassan Ali,2026-02-07,active,0,1812
832,Best Deal! 1BR Apartment in Al Furjan,"Covered parking included. Landlord maintained, no agency fees. Pet friendly building.",1BR Apartment,Al Furjan,25.02888,55.16829,1,927,0,5,6,4750,Omar Farouk,2026-02-01,active,0,832
1960,Chiller Free Villa in Jumeirah Lake Towers,Near international schools. Pet friendly building.,Villa,Jumeirah Lake Towers,25.08452,55.12428,5,3012,1,6,0,24750,Noor Abdullah,2026-06-26,active,0,1960
1463,Chiller Free 2BR Apartment in Jumeirah Lake Towers,Built-in wardrobes throughout. Near international schools.,2BR Apartment,Jumeirah Lake Towers,25.05696,55.13603,3,1150,0,19,24,9000,Anjali Menon,2026-07-04,active,0,1463
1379,Villa with Full Amenities - Palm Jumeirah,Covered parking included. Near international schools. Pet friendly building.,Villa,Palm Jumeirah,25.10724,55.13017,5,2878,0,4,0,35500,Omar Farouk,2026-02-03,active,0,1379
32,Exclusive Villa in Jumeirah Village Circle | High Floor,Shared pool and gym access. Near international schools. Recently renovated kitchen and bathrooms.,Villa,Jumeirah Village Circle,25.05602,55.22175,4,4555,1,14,0,21000,Grace Okafor,2026-03-28,active,0,32
1486,Townhouse for Rent in Downtown Dubai - Prime Location,Shared pool and gym access. Available for immediate move-in. Recently renovated kitchen and bathrooms. Built-in wardrobes throughout.,Townhouse,Downtown Dubai,25.21119,55.26995,4,2473,0,11,0,29500,Michael Costa,2026-07-09,active,0,1486
7,Studio with Full Amenities - Dubai Sports City,Built-in wardrobes throughout. Recently renovated kitchen and bathrooms. Near international schools. Covered parking included.,Studio,Dubai Sports City,25.02821,55.19296,0,478,0,14,34,2000,Noor Abdullah,2026-01-30,active,0,7
909,Best Deal! Studio in Jumeirah Village Circle,Covered parking included. Balcony with community view. Shared pool and gym access.,Studio,Jumeirah Village Circle,25.0647,55.23427,0,533,0,14,8,2750,Noor Abdullah,2026-06-11,active,0,909
2027,Stunning 2BR Apartment | Al Furjan | Vacant Soon,Shared pool and gym access. Near international schools. Built-in wardrobes throughout. Balcony with community view.,2BR Apartment,Al Furjan,25.04473,55.12723,3,1196,0,1,36,6250,Noor Abdullah,2026-08-06,active,0,2027
572,Spacious 2BR Apartment in Business Bay | Ready to Move,Available for immediate move-in. Near international schools.,2BR Apartment,Business Bay,25.20853,55.24774,2,955,0,21,37,7000,Yusuf Karimi,2026-03-30,active,0,572
2214,Must See! 2BR Apartment Available in Al Furjan,Near international schools. Pet friendly building. Built-in wardrobes throughout. Available for immediate move-in.,2BR Apartment,Al Furjan,25.04158,55.1384,2,974,0,2,11,4500,Anjali Menon,2026-09-03,active,0,837
595,2BR Apartment for Rent in Palm Jumeirah - Prime Location,Pet friendly building. Near international schools.,2BR Apartment,Palm Jumeirah,25.08765,55.13161,2,1269,0,5,20,16750,Fatima Al-Suwaidi,2026-02-25,active,0,595
117,"Upgraded Villa in Palm Jumeirah, Motivated Seller","Landlord maintained, no agency fees. Recently renovated kitchen and bathrooms.",Villa,Palm Jumeirah,25.09049,55.14138,6,3694,0,21,0,44750,Sofia Marchetti,2026-04-25,active,0,117
1074,Chiller Free 1BR Apartment in Arabian Ranches,Recently renovated kitchen and bathrooms. Pet friendly building.,1BR Apartment,Arabian Ranches,25.0359,55.29364,1,757,1,21,18,5000,Hassan Ali,2026-03-10,active,0,1074
2468,"Hot Deal - Townhouse in Dubai Marina, Call Now",Recently renovated kitchen and bathrooms. Close to metro station and community mall. Built-in wardrobes throughout.,Townhouse,Dubai Marina,25.07254,55.14332,4,2481,0,7,0,21000,Anjali Menon,2026-02-10,active,0,591
2221,Studio in Al Furjan | Well Maintained,"Balcony with community view. Landlord maintained, no agency fees. Close to metro station and community mall. Pet friendly building.",Studio,Al Furjan,25.03817,55.14745,0,426,1,17,30,2500,Grace Okafor,2026-02-19,active,0,1438
2581,URGENT SALE Stunning 1BR Apartment | Jumeirah Lake Towers | Vacant Soon,Close to metro station and community mall. Near international schools. Pet friendly building.,1BR Apartment,Jumeirah Lake Towers,25.06853,55.15161,2,651,0,15,4,2329,Sofia Marchetti,2026-03-30,active,1,2581
2065,Spacious 1BR Apartment in Jumeirah Village Circle | Ready to Move,Recently renovated kitchen and bathrooms. Pet friendly building.,1BR Apartment,Jumeirah Village Circle,25.0568,55.20031,1,898,1,7,8,5000,Daniel Reyes,2026-06-09,active,0,2065
2037,Stunning Studio | Mirdif | Vacant Soon,Close to metro station and community mall. Recently renovated kitchen and bathrooms.,Studio,Mirdif,25.21133,55.41735,0,526,1,8,23,2750,Chen Wei,2026-04-17,active,0,2037
152,Exclusive Studio in Jumeirah Lake Towers | High Floor,"Landlord maintained, no agency fees. Balcony with community view.",Studio,Jumeirah Lake Towers,25.08354,55.15808,0,495,1,2,29,4500,Daniel Reyes,2026-06-26,active,0,152
324,3BR Apartment for Rent in Arabian Ranches - Prime Location,Shared pool and gym access. Pet friendly building.,3BR Apartment,Arabian Ranches,25.07088,55.28017,4,1557,1,21,9,9000,Priya Nair,2026-04-22,active,0,324
578,Chiller Free Villa in Dubai Sports City,Near international schools. Shared pool and gym access.,Villa,Dubai Sports City,25.02626,55.21544,6,4527,0,13,0,17500,Yusuf Karimi,2026-07-25,active,0,578
842,2BR Apartment with Full Amenities - Al Furjan,"Landlord maintained, no agency fees. Shared pool and gym access.",2BR Apartment,Al Furjan,25.01753,55.13868,2,1218,0,5,33,7000,Hassan Ali,2026-04-05,active,0,842
421,2BR Apartment for Rent in Dubai Silicon Oasis - Prime Location,Shared pool and gym access. Recently renovated kitchen and bathrooms. Covered parking included.,2BR Apartment,Dubai Silicon Oasis,25.10443,55.3685,3,1070,1,1,2,4500,Layla Haddad,2026-05-09,active,0,421
1049,Stunning 3BR Apartment | Dubai Silicon Oasis | Vacant Soon,Balcony with community view. Near international schools. Recently renovated kitchen and bathrooms.,3BR Apartment,Dubai Silicon Oasis,25.12137,55.37004,3,1560,1,0,14,6250,Fatima Al-Suwaidi,2026-03-22,active,0,1049
455,"Upgraded 1BR Apartment in Arabian Ranches, Motivated Seller",Recently renovated kitchen and bathrooms. Pet friendly building.,1BR Apartment,Arabian Ranches,25.07001,55.29093,2,893,0,14,39,6000,Anjali Menon,2026-03-18,active,0,455
721,3BR Apartment for Rent in Dubai Sports City - Prime Location,Close to metro station and community mall. Pet friendly building.,3BR Apartment,Dubai Sports City,25.0305,55.21298,4,1561,0,5,34,8000,Elena Popescu,2026-08-14,active,0,721
2031,Exclusive Studio in Mirdif | High Floor,Built-in wardrobes throughout. Recently renovated kitchen and bathrooms.,Studio,Mirdif,25.20562,55.4167,0,482,1,16,35,2250,Ravi Shankar,2026-02-09,active,0,2031
2583,URGENT SALE Exclusive Studio in Mirdif | High Floor,Covered parking included. Near international schools.,Studio,Mirdif,25.23841,55.43785,0,536,1,11,33,1639,Priya Nair,2026-01-03,active,1,2583
1229,"Upgraded Studio in Palm Jumeirah, Motivated Seller","Close to metro station and community mall. Landlord maintained, no agency fees. Near international schools. Pet friendly building.",Studio,Palm Jumeirah,25.09731,55.12324,0,398,0,0,14,6000,Layla Haddad,2026-07-19,active,0,1229
976,Villa with Full Amenities - Dubai Sports City,Balcony with community view. Covered parking included. Near international schools.,Villa,Dubai Sports City,25.04428,55.19812,5,4649,1,9,0,22000,Daniel Reyes,2026-03-31,active,0,976
239,"Upgraded Villa in Dubai Marina, Motivated Seller",Available for immediate move-in. Near international schools.,Villa,Dubai Marina,25.09724,55.12847,6,3646,0,11,0,29750,Noor Abdullah,2026-01-11,active,0,239
93,Best Deal! Villa in Palm Jumeirah,"Built-in wardrobes throughout. Landlord maintained, no agency fees. Shared pool and gym access. Near international schools.",Villa,Palm Jumeirah,25.08902,55.12167,5,3455,0,4,0,49750,Omar Farouk,2026-02-02,active,0,93
1819,Chiller Free 2BR Apartment in Discovery Gardens,Close to metro station and community mall. Built-in wardrobes throughout. Balcony with community view. Near international schools.,2BR Apartment,Discovery Gardens,25.06197,55.1209,3,1164,0,18,20,5000,Sofia Marchetti,2026-03-01,active,0,1819
2492,Must See! Studio Available in Al Furjan,Built-in wardrobes throughout. Recently renovated kitchen and bathrooms. Covered parking included. Shared pool and gym access.,Studio,Al Furjan,25.02734,55.17083,0,434,1,11,40,2500,Omar Farouk,2026-06-18,active,0,918
1478,Stunning Studio | Arabian Ranches | Vacant Soon,"Landlord maintained, no agency fees. Recently renovated kitchen and bathrooms. Available for immediate move-in. Built-in wardrobes throughout.",Studio,Arabian Ranches,25.04276,55.27492,0,417,0,7,7,2500,Yusuf Karimi,2026-04-07,active,0,1478
2119,3BR Apartment for Rent in Al Furjan - Prime Location,"Pet friendly building. Close to metro station and community mall. Landlord maintained, no agency fees.",3BR Apartment,Al Furjan,25.01047,55.15875,4,1546,0,10,3,7750,Fatima Al-Suwaidi,2026-06-26,active,0,2119
2107,Best Deal! Villa in Business Bay,Near international schools. Shared pool and gym access.,Villa,Business Bay,25.16601,55.26446,5,4579,0,0,0,32500,Grace Okafor,2026-04-12,active,0,2107
1016,Stunning Townhouse | Palm Jumeirah | Vacant Soon,"Landlord maintained, no agency fees. Close to metro station and community mall. Near international schools. Balcony with community view.",Townhouse,Palm Jumeirah,25.11146,55.14915,4,2476,1,17,0,34500,Sofia Marchetti,2026-05-31,active,0,1016
2386,Brand New Listing: 2BR Apartment in Jumeirah Village Circle,Pet friendly building. Covered parking included. Recently renovated kitchen and bathrooms. Close to metro station and community mall.,2BR Apartment,Jumeirah Village Circle,25.07718,55.2253,2,1364,0,4,17,6500,Chen Wei,2026-06-19,active,0,1017
2005,"Upgraded Studio in Business Bay, Motivated Seller",Pet friendly building. Recently renovated kitchen and bathrooms.,Studio,Business Bay,25.18026,55.25592,0,445,1,20,41,3250,Anjali Menon,2026-07-21,active,0,2005
1407,Exclusive 2BR Apartment in Discovery Gardens | High Floor,Pet friendly building. Shared pool and gym access.,2BR Apartment,Discovery Gardens,25.01555,55.13328,3,1125,1,12,39,5250,Layla Haddad,2026-08-26,active,0,1407
666,"Upgraded Villa in Jumeirah Lake Towers, Motivated Seller","Covered parking included. Landlord maintained, no agency fees. Near international schools.",Villa,Jumeirah Lake Towers,25.08848,55.12626,5,3582,0,4,0,24500,Priya Nair,2026-03-13,active,0,666
2388,Brand New Listing: Townhouse in Arabian Ranches,"Available for immediate move-in. Landlord maintained, no agency fees. Balcony with community view. Shared pool and gym access.",Townhouse,Arabian Ranches,25.0704,55.29083,3,2177,1,0,0,14500,Chen Wei,2026-09-04,active,0,579
283,Studio with Full Amenities - Discovery Gardens,"Landlord maintained, no agency fees. Shared pool and gym access.",Studio,Discovery Gardens,25.01872,55.1222,0,463,0,5,32,2750,Noor Abdullah,2026-06-02,active,0,283
1623,Exclusive Townhouse in Business Bay | High Floor,"Close to metro station and community mall. Landlord maintained, no agency fees.",Townhouse,Business Bay,25.19058,55.23857,3,2385,1,7,0,17750,Yusuf Karimi,2026-03-17,active,0,1623
802,1BR Apartment with Full Amenities - Arabian Ranches,Covered parking included. Recently renovated kitchen and bathrooms. Available for immediate move-in. Close to metro station and community mall.,1BR Apartment,Arabian Ranches,25.06883,55.27636,1,905,0,12,21,6000,Sofia Marchetti,2026-05-03,active,0,802
628,Spacious Townhouse in Arabian Ranches | Ready to Move,Balcony with community view. Shared pool and gym access. Recently renovated kitchen and bathrooms. Close to metro station and community mall.,Townhouse,Arabian Ranches,25.07413,55.29502,4,2532,0,16,0,17250,Hassan Ali,2026-04-07,active,0,628
625,"Upgraded 1BR Apartment in Mirdif, Motivated Seller",Available for immediate move-in. Covered parking included.,1BR Apartment,Mirdif,25.19484,55.43183,2,725,0,20,4,2750,Ravi Shankar,2026-04-23,active,0,625
1160,3BR Apartment with Full Amenities - Discovery Gardens,Close to metro station and community mall. Balcony with community view. Near international schools.,3BR Apartment,Discovery Gardens,25.02541,55.14245,4,1443,0,22,34,6250,Layla Haddad,2026-02-01,active,0,1160
2175,Stunning 1BR Apartment | Jumeirah Village Circle | Vacant Soon,"Landlord maintained, no agency fees. Recently renovated kitchen and bathrooms. Covered parking included.",1BR Apartment,Jumeirah Village Circle,25.07687,55.19907,1,863,0,5,22,5250,Chen Wei,2026-02-28,active,0,2175
711,"Upgraded Townhouse in Palm Jumeirah, Motivated Seller",Pet friendly building. Covered parking included. Balcony with community view.,Townhouse,Palm Jumeirah,25.10346,55.12538,4,2098,0,4,0,30500,Chen Wei,2026-07-02,active,0,711
2458,Studio in Arabian Ranches | Well Maintained,Near international schools. Pet friendly building.,Studio,Arabian Ranches,25.038,55.2561,0,499,1,0,29,4000,Layla Haddad,2026-01-24,active,0,562
676,Spacious 1BR Apartment in Business Bay | Ready to Move,Built-in wardrobes throughout. Balcony with community view.,1BR Apartment,Business Bay,25.19093,55.2573,2,853,0,3,30,7750,Grace Okafor,2026-04-14,active,0,676
2542,Brand New Listing: Townhouse in Al Furjan,Pet friendly building. Balcony with community view. Near international schools.,Townhouse,Al Furjan,25.03126,55.12657,3,2407,0,8,0,10500,Ravi Shankar,2026-08-30,active,0,1314
1736,"Upgraded 1BR Apartment in Dubai Marina, Motivated Seller",Near international schools. Available for immediate move-in. Balcony with community view.,1BR Apartment,Dubai Marina,25.09663,55.14115,2,725,0,13,17,5500,Layla Haddad,2026-02-04,active,0,1736
2056,Chiller Free Townhouse in Mirdif,Pet friendly building. Close to metro station and community mall. Available for immediate move-in.,Townhouse,Mirdif,25.23934,55.41802,3,2136,1,1,0,12250,Fatima Al-Suwaidi,2026-06-18,active,0,2056
1327,3BR Apartment for Rent in Dubai Sports City - Prime Location,Available for immediate move-in. Close to metro station and community mall.,3BR Apartment,Dubai Sports City,25.049,55.19984,3,1597,0,17,16,7500,Anjali Menon,2026-02-21,active,0,1327
2088,Townhouse with Full Amenities - Jumeirah Lake Towers,Near international schools. Shared pool and gym access.,Townhouse,Jumeirah Lake Towers,25.05618,55.12288,4,2140,0,9,0,13500,Chen Wei,2026-05-17,active,0,2088
404,"Upgraded Studio in Business Bay, Motivated Seller","Near international schools. Landlord maintained, no agency fees. Available for immediate move-in.",Studio,Business Bay,25.18805,55.25989,0,461,0,13,10,3250,Fatima Al-Suwaidi,2026-08-02,active,0,404
602,Studio for Rent in Al Furjan - Prime Location,"Balcony with community view. Close to metro station and community mall. Landlord maintained, no agency fees.",Studio,Al Furjan,25.00548,55.16093,0,411,1,15,12,2500,Noor Abdullah,2026-08-08,active,0,602
743,Best Deal! Townhouse in Downtown Dubai,Covered parking included. Balcony with community view. Close to metro station and community mall.,Townhouse,Downtown Dubai,25.18704,55.29763,4,1958,0,8,0,17750,Michael Costa,2026-02-26,active,0,743
1037,Stunning Villa | Downtown Dubai | Vacant Soon,Pet friendly building. Near international schools.,Villa,Downtown Dubai,25.18287,55.29348,6,3089,1,10,0,29000,Noor Abdullah,2026-02-26,active,0,1037
1914,Best Deal! Townhouse in Dubai Sports City,Available for immediate move-in. Built-in wardrobes throughout. Close to metro station and community mall.,Townhouse,Dubai Sports City,25.04747,55.2241,3,2155,0,21,0,7250,Michael Costa,2026-01-26,active,0,1914
639,Best Deal! Studio in Al Furjan,"Pet friendly building. Balcony with community view. Landlord maintained, no agency fees.",Studio,Al Furjan,25.03909,55.16038,0,513,1,17,41,2250,Noor Abdullah,2026-02-26,active,0,639
2485,Townhouse in Business Bay | Well Maintained,Pet friendly building. Close to metro station and community mall. Shared pool and gym access. Balcony with community view.,Townhouse,Business Bay,25.16353,55.27007,3,2376,0,20,0,16500,Yusuf Karimi,2026-03-20,active,0,307
1880,Stunning Townhouse | Palm Jumeirah | Vacant Soon,Close to metro station and community mall. Balcony with community view. Pet friendly building.,Townhouse,Palm Jumeirah,25.08885,55.13417,4,2015,0,0,0,31000,Noor Abdullah,2026-07-16,active,0,1880
1681,Stunning Townhouse | Arabian Ranches | Vacant Soon,Shared pool and gym access. Balcony with community view.,Townhouse,Arabian Ranches,25.07052,55.29373,4,1900,0,0,0,13500,Yusuf Karimi,2026-03-02,active,0,1681
313,Spacious Studio in Business Bay | Ready to Move,"Landlord maintained, no agency fees. Recently renovated kitchen and bathrooms. Built-in wardrobes throughout. Covered parking included.",Studio,Business Bay,25.20666,55.24326,0,512,0,4,14,4250,Fatima Al-Suwaidi,2026-01-02,active,0,313
12,Chiller Free 1BR Apartment in Palm Jumeirah,"Close to metro station and community mall. Recently renovated kitchen and bathrooms. Landlord maintained, no agency fees. Covered parking included.",1BR Apartment,Palm Jumeirah,25.12381,55.15403,1,942,0,7,31,13750,Anjali Menon,2026-04-19,active,0,12
1139,3BR Apartment with Full Amenities - Mirdif,"Covered parking included. Pet friendly building. Near international schools. Landlord maintained, no agency fees.",3BR Apartment,Mirdif,25.21424,55.39869,4,1504,0,19,23,7250,Omar Farouk,2026-03-16,active,0,1139
135,"Upgraded Villa in Palm Jumeirah, Motivated Seller",Near international schools. Pet friendly building.,Villa,Palm Jumeirah,25.11193,55.13179,5,4216,1,13,0,49000,Anjali Menon,2026-06-02,active,0,135
416,Stunning 1BR Apartment | Mirdif | Vacant Soon,"Pet friendly building. Landlord maintained, no agency fees. Available for immediate move-in. Close to metro station and community mall.",1BR Apartment,Mirdif,25.23479,55.42536,1,873,0,17,13,3250,Priya Nair,2026-01-30,active,0,416
2575,URGENT SALE Chiller Free 1BR Apartment in Al Furjan,Built-in wardrobes throughout. Near international schools.,1BR Apartment,Al Furjan,25.02281,55.14035,2,878,0,16,12,1765,Chen Wei,2026-05-26,active,1,2575
1862,Chiller Free Villa in Arabian Ranches,"Covered parking included. Recently renovated kitchen and bathrooms. Landlord maintained, no agency fees. Shared pool and gym access.",Villa,Arabian Ranches,25.06886,55.25507,6,5062,0,22,0,27000,Michael Costa,2026-06-09,active,0,1862
1662,2BR Apartment with Full Amenities - Business Bay,Shared pool and gym access. Available for immediate move-in. Near international schools. Pet friendly building.,2BR Apartment,Business Bay,25.17482,55.24157,2,1065,0,12,19,6750,Ravi Shankar,2026-04-29,active,0,1662
957,Chiller Free 2BR Apartment in Al Furjan,Balcony with community view. Built-in wardrobes throughout.,2BR Apartment,Al Furjan,25.0224,55.13974,3,1200,1,22,36,6000,Noor Abdullah,2026-01-23,active,0,957
1976,Chiller Free Townhouse in Palm Jumeirah,Recently renovated kitchen and bathrooms. Covered parking included. Pet friendly building.,Townhouse,Palm Jumeirah,25.11064,55.11782,3,2367,0,17,0,31750,Chen Wei,2026-05-02,active,0,1976
2340,"Hot Deal - Townhouse in Dubai Silicon Oasis, Call Now","Landlord maintained, no agency fees. Near international schools.",Townhouse,Dubai Silicon Oasis,25.14213,55.37654,3,2056,1,20,0,8000,Layla Haddad,2026-04-07,active,0,767
180,"Upgraded Townhouse in Dubai Marina, Motivated Seller",Close to metro station and community mall. Balcony with community view.,Townhouse,Dubai Marina,25.08483,55.16116,3,2289,1,19,0,17500,Hassan Ali,2026-08-05,active,0,180
364,Exclusive Townhouse in Dubai Silicon Oasis | High Floor,Shared pool and gym access. Balcony with community view. Recently renovated kitchen and bathrooms. Pet friendly building.,Townhouse,Dubai Silicon Oasis,25.10879,55.38103,4,1889,1,14,0,8000,Elena Popescu,2026-07-06,active,0,364
240,Exclusive 1BR Apartment in Dubai Sports City | High Floor,Built-in wardrobes throughout. Pet friendly building. Available for immediate move-in.,1BR Apartment,Dubai Sports City,25.06466,55.19313,1,842,0,11,38,3750,Michael Costa,2026-08-21,active,0,240
1916,Townhouse with Full Amenities - Discovery Gardens,Pet friendly building. Near international schools. Shared pool and gym access.,Townhouse,Discovery Gardens,25.03289,55.14933,4,2430,0,15,0,9250,Sofia Marchetti,2026-01-21,active,0,1916
1842,Stunning Townhouse | Discovery Gardens | Vacant Soon,Built-in wardrobes throughout. Covered parking included.,Townhouse,Discovery Gardens,25.03132,55.15778,3,2434,1,12,0,14250,Daniel Reyes,2026-01-15,active,0,1842
2329,Studio in Jumeirah Lake Towers | Well Maintained,Recently renovated kitchen and bathrooms. Covered parking included.,Studio,Jumeirah Lake Towers,25.0793,55.16393,0,445,1,20,16,4000,Anjali Menon,2026-02-07,active,0,617
33,Stunning 1BR Apartment | Arabian Ranches | Vacant Soon,Recently renovated kitchen and bathrooms. Covered parking included. Pet friendly building.,1BR Apartment,Arabian Ranches,25.06117,55.28374,1,685,0,20,3,4250,Michael Costa,2026-02-09,active,0,33
613,Spacious 1BR Apartment in Dubai Marina | Ready to Move,"Recently renovated kitchen and bathrooms. Shared pool and gym access. Landlord maintained, no agency fees.",1BR Apartment,Dubai Marina,25.09988,55.13924,1,754,0,10,4,6250,Hassan Ali,2026-06-29,active,0,613
632,Stunning Villa | Palm Jumeirah | Vacant Soon,"Available for immediate move-in. Shared pool and gym access. Landlord maintained, no agency fees. Balcony with community view.",Villa,Palm Jumeirah,25.09377,55.14885,4,4724,0,4,0,66750,Omar Farouk,2026-02-12,active,0,632
1905,Best Deal! Studio in Palm Jumeirah,Available for immediate move-in. Recently renovated kitchen and bathrooms. Balcony with community view.,Studio,Palm Jumeirah,25.1021,55.15114,0,485,0,13,26,5750,Layla Haddad,2026-07-09,active,0,1905
1821,Exclusive 2BR Apartment in Palm Jumeirah | High Floor,Shared pool and gym access. Balcony with community view. Near international schools.,2BR Apartment,Palm Jumeirah,25.13392,55.12891,2,1266,1,1,26,16250,Ravi Shankar,2026-06-15,active,0,1821
1305,Spacious Villa in Jumeirah Lake Towers | Ready to Move,Available for immediate move-in. Recently renovated kitchen and bathrooms. Shared pool and gym access. Balcony with community view.,Villa,Jumeirah Lake Towers,25.07576,55.14387,5,5080,0,9,0,37500,Omar Farouk,2026-01-24,active,0,1305
1860,1BR Apartment for Rent in Business Bay - Prime Location,Near international schools. Shared pool and gym access. Built-in wardrobes throughout. Close to metro station and community mall.,1BR Apartment,Business Bay,25.1699,55.25117,1,779,0,8,14,7000,Omar Farouk,2026-05-24,active,0,1860
120,Stunning Villa | Mirdif | Vacant Soon,Built-in wardrobes throughout. Recently renovated kitchen and bathrooms. Balcony with community view. Near international schools.,Villa,Mirdif,25.21145,55.40247,4,4521,1,12,0,21000,Hassan Ali,2026-06-19,active,0,120
1633,Chiller Free Studio in Arabian Ranches,"Landlord maintained, no agency fees. Near international schools.",Studio,Arabian Ranches,25.0579,55.28031,0,482,1,7,9,3250,Sofia Marchetti,2026-03-25,active,0,1633
736,Chiller Free Studio in Jumeirah Village Circle,"Landlord maintained, no agency fees. Shared pool and gym access. Available for immediate move-in. Close to metro station and community mall.",Studio,Jumeirah Village Circle,25.06258,55.21382,0,405,0,15,16,2000,Hassan Ali,2026-07-19,active,0,736
1655,Exclusive 3BR Apartment in Jumeirah Lake Towers | High Floor,"Landlord maintained, no agency fees. Balcony with community view. Near international schools. Built-in wardrobes throughout.",3BR Apartment,Jumeirah Lake Towers,25.06861,55.14541,3,1494,0,18,8,11250,Daniel Reyes,2026-07-07,active,0,1655
20,Stunning Villa | Business Bay | Vacant Soon,Close to metro station and community mall. Built-in wardrobes throughout. Balcony with community view. Covered parking included.,Villa,Business Bay,25.16857,55.25351,4,4609,0,13,0,36250,Elena Popescu,2026-06-26,active,0,20
2558,"Hot Deal - Townhouse in Business Bay, Call Now","Pet friendly building. Recently renovated kitchen and bathrooms. Built-in wardrobes throughout. Landlord maintained, no agency fees.",Townhouse,Business Bay,25.17814,55.26167,4,2026,1,20,0,14000,Omar Farouk,2026-03-15,active,0,1941
2490,"Hot Deal - 1BR Apartment in Palm Jumeirah, Call Now","Built-in wardrobes throughout. Landlord maintained, no agency fees.",1BR Apartment,Palm Jumeirah,25.09196,55.13203,2,929,0,14,38,11000,Ravi Shankar,2026-04-21,active,0,2
1353,Exclusive Studio in Arabian Ranches | High Floor,Near international schools. Shared pool and gym access. Balcony with community view.,Studio,Arabian Ranches,25.06256,55.26267,0,520,1,8,35,3500,Fatima Al-Suwaidi,2026-03-18,active,0,1353
2201,"Hot Deal - 1BR Apartment in Jumeirah Village Circle, Call Now","Shared pool and gym access. Built-in wardrobes throughout. Landlord maintained, no agency fees. Near international schools.",1BR Apartment,Jumeirah Village Circle,25.05216,55.21485,1,959,1,9,36,6500,Hassan Ali,2026-08-29,active,0,517
315,Stunning Townhouse | Palm Jumeirah | Vacant Soon,Near international schools. Built-in wardrobes throughout.,Townhouse,Palm Jumeirah,25.11443,55.11654,3,1904,1,11,0,25250,Michael Costa,2026-05-27,active,0,315
722,Spacious Townhouse in Jumeirah Lake Towers | Ready to Move,Shared pool and gym access. Available for immediate move-in. Balcony with community view. Recently renovated kitchen and bathrooms.,Townhouse,Jumeirah Lake Towers,25.04931,55.13483,3,2128,1,0,0,16750,Anjali Menon,2026-08-22,active,0,722
1447,Stunning 3BR Apartment | Jumeirah Lake Towers | Vacant Soon,Available for immediate move-in. Shared pool and gym access.,3BR Apartment,Jumeirah Lake Towers,25.0775,55.12172,4,1951,1,18,11,17500,Elena Popescu,2026-06-26,active,0,1447
725,Stunning 3BR Apartment | Discovery Gardens | Vacant Soon,"Close to metro station and community mall. Shared pool and gym access. Landlord maintained, no agency fees. Available for immediate move-in.",3BR Apartment,Discovery Gardens,25.02469,55.12851,3,2084,0,16,37,11750,Noor Abdullah,2026-04-06,active,0,725
896,2BR Apartment for Rent in Jumeirah Lake Towers - Prime Location,Balcony with community view. Pet friendly building. Recently renovated kitchen and bathrooms. Covered parking included.,2BR Apartment,Jumeirah Lake Towers,25.08035,55.14474,3,1120,0,5,3,8000,Chen Wei,2026-02-26,active,0,896
2299,"Hot Deal - 2BR Apartment in Palm Jumeirah, Call Now",Built-in wardrobes throughout. Close to metro station and community mall. Available for immediate move-in.,2BR Apartment,Palm Jumeirah,25.11992,55.15834,2,1322,0,14,2,14000,Omar Farouk,2026-05-07,active,0,1425
1715,Exclusive Townhouse in Al Furjan | High Floor,Pet friendly building. Close to metro station and community mall.,Townhouse,Al Furjan,25.01998,55.17063,4,1817,1,21,0,8000,Layla Haddad,2026-06-23,active,0,1715
1832,Best Deal! 1BR Apartment in Jumeirah Village Circle,"Landlord maintained, no agency fees. Covered parking included. Available for immediate move-in. Close to metro station and community mall.",1BR Apartment,Jumeirah Village Circle,25.04161,55.20216,2,706,1,13,4,4250,Noor Abdullah,2026-08-10,active,0,1832
1800,2BR Apartment for Rent in Mirdif - Prime Location,"Landlord maintained, no agency fees. Near international schools. Pet friendly building.",2BR Apartment,Mirdif,25.21563,55.4136,2,1365,1,10,29,6000,Priya Nair,2026-05-11,active,0,1800
1925,Studio with Full Amenities - Downtown Dubai,Shared pool and gym access. Near international schools.,Studio,Downtown Dubai,25.18386,55.29585,0,460,0,11,20,4250,Elena Popescu,2026-05-19,active,0,1925
389,Best Deal! 2BR Apartment in Al Furjan,Covered parking included. Recently renovated kitchen and bathrooms. Balcony with community view.,2BR Apartment,Al Furjan,25.008,55.13598,3,1390,0,2,41,6750,Noor Abdullah,2026-03-07,active,0,389
2220,Dubai Silicon Oasis Villa - Negotiable Price,"Landlord maintained, no agency fees. Shared pool and gym access. Built-in wardrobes throughout. Balcony with community view.",Villa,Dubai Silicon Oasis,25.10978,55.39995,4,3178,0,7,0,13500,Chen Wei,2026-03-03,active,0,1312
1870,"Upgraded Villa in Palm Jumeirah, Motivated Seller","Landlord maintained, no agency fees. Pet friendly building. Covered parking included. Balcony with community view.",Villa,Palm Jumeirah,25.11245,55.16332,5,4995,0,21,0,57250,Sofia Marchetti,2026-07-13,active,0,1870
250,Studio with Full Amenities - Downtown Dubai,Built-in wardrobes throughout. Shared pool and gym access. Available for immediate move-in.,Studio,Downtown Dubai,25.2015,55.27529,0,533,0,22,15,5500,Omar Farouk,2026-02-10,active,0,250
967,Best Deal! Villa in Dubai Sports City,"Landlord maintained, no agency fees. Covered parking included.",Villa,Dubai Sports City,25.06588,55.22163,5,4226,0,2,0,17500,Sofia Marchetti,2026-07-08,active,0,967
1012,Exclusive Villa in Downtown Dubai | High Floor,"Balcony with community view. Recently renovated kitchen and bathrooms. Pet friendly building. Landlord maintained, no agency fees.",Villa,Downtown Dubai,25.20791,55.28215,4,4002,0,21,0,42000,Hassan Ali,2026-08-11,active,0,1012
875,2BR Apartment with Full Amenities - Jumeirah Lake Towers,Shared pool and gym access. Close to metro station and community mall.,2BR Apartment,Jumeirah Lake Towers,25.05989,55.1613,2,1380,0,17,6,10750,Elena Popescu,2026-03-18,active,0,875
1132,Stunning 3BR Apartment | Palm Jumeirah | Vacant Soon,Built-in wardrobes throughout. Covered parking included. Near international schools.,3BR Apartment,Palm Jumeirah,25.12096,55.14541,3,1574,0,11,37,23000,Ravi Shankar,2026-05-10,active,0,1132
2466,2BR Apartment in Mirdif | Well Maintained,"Available for immediate move-in. Recently renovated kitchen and bathrooms. Near international schools. Landlord maintained, no agency fees.",2BR Apartment,Mirdif,25.22497,55.43067,3,1254,0,21,41,4500,Yusuf Karimi,2026-07-07,active,0,1729
203,Villa for Rent in Arabian Ranches - Prime Location,"Landlord maintained, no agency fees. Shared pool and gym access.",Villa,Arabian Ranches,25.05787,55.26557,5,3037,1,8,0,18500,Grace Okafor,2026-07-21,active,0,203
1625,"Upgraded Townhouse in Al Furjan, Motivated Seller",Pet friendly building. Covered parking included.,Townhouse,Al Furjan,25.00384,55.15924,4,2036,1,2,0,12000,Omar Farouk,2026-08-22,active,0,1625
769,"Upgraded Villa in Business Bay, Motivated Seller",Available for immediate move-in. Shared pool and gym access. Built-in wardrobes throughout.,Villa,Business Bay,25.1944,55.24878,4,4970,1,6,0,43250,Ravi Shankar,2026-07-20,active,0,769
394,Townhouse with Full Amenities - Mirdif,"Shared pool and gym access. Near international schools. Built-in wardrobes throughout. Landlord maintained, no agency fees.",Townhouse,Mirdif,25.22606,55.42285,3,1835,0,21,0,9000,Michael Costa,2026-06-21,active,0,394
821,1BR Apartment for Rent in Dubai Silicon Oasis - Prime Location,Balcony with community view. Available for immediate move-in.,1BR Apartment,Dubai Silicon Oasis,25.10567,55.39533,2,746,0,15,31,2750,Grace Okafor,2026-08-08,active,0,821
331,Exclusive Studio in Jumeirah Village Circle | High Floor,Near international schools. Balcony with community view. Shared pool and gym access.,Studio,Jumeirah Village Circle,25.03309,55.23066,0,422,0,15,20,2000,Chen Wei,2026-06-24,active,0,331
662,Spacious 3BR Apartment in Discovery Gardens | Ready to Move,"Balcony with community view. Landlord maintained, no agency fees. Available for immediate move-in. Close to metro station and community mall.",3BR Apartment,Discovery Gardens,25.03578,55.16169,3,2022,0,15,12,9250,Daniel Reyes,2026-01-10,active,0,662
1475,Exclusive Villa in Palm Jumeirah | High Floor,Close to metro station and community mall. Covered parking included.,Villa,Palm Jumeirah,25.13355,55.14389,4,4610,0,0,0,62500,Omar Farouk,2026-03-01,active,0,1475
2234,Must See! Studio Available in Jumeirah Lake Towers,Shared pool and gym access. Recently renovated kitchen and bathrooms.,Studio,Jumeirah Lake Towers,25.07159,55.1224,0,506,0,19,19,3500,Chen Wei,2026-07-20,active,0,928
2087,Villa for Rent in Arabian Ranches - Prime Location,Recently renovated kitchen and bathrooms. Pet friendly building.,Villa,Arabian Ranches,25.04318,55.28987,5,3280,0,20,0,23750,Priya Nair,2026-08-28,active,0,2087
1366,Best Deal! 3BR Apartment in Arabian Ranches,Recently renovated kitchen and bathrooms. Built-in wardrobes throughout.,3BR Apartment,Arabian Ranches,25.0733,55.25436,3,1708,1,14,4,10750,Noor Abdullah,2026-05-29,active,0,1366
2024,Stunning Townhouse | Mirdif | Vacant Soon,Built-in wardrobes throughout. Close to metro station and community mall.,Townhouse,Mirdif,25.19251,55.43103,3,1976,1,5,0,8500,Sofia Marchetti,2026-07-25,active,0,2024
378,Exclusive 3BR Apartment in Downtown Dubai | High Floor,Available for immediate move-in. Near international schools. Balcony with community view.,3BR Apartment,Downtown Dubai,25.2106,55.2548,4,1911,1,22,38,21500,Ravi Shankar,2026-06-20,active,0,378
1420,Best Deal! 1BR Apartment in Palm Jumeirah,Recently renovated kitchen and bathrooms. Balcony with community view. Pet friendly building.,1BR Apartment,Palm Jumeirah,25.09655,55.12798,2,671,1,8,2,10250,Yusuf Karimi,2026-04-21,active,0,1420
1557,Stunning Studio | Dubai Silicon Oasis | Vacant Soon,"Balcony with community view. Built-in wardrobes throughout. Landlord maintained, no agency fees. Shared pool and gym access.",Studio,Dubai Silicon Oasis,25.1427,55.38358,0,522,1,16,34,2000,Chen Wei,2026-04-08,active,0,1557
2125,"Upgraded Townhouse in Dubai Sports City, Motivated Seller",Pet friendly building. Close to metro station and community mall.,Townhouse,Dubai Sports City,25.03329,55.20304,3,2442,0,13,0,11250,Layla Haddad,2026-02-27,active,0,2125
1015,2BR Apartment for Rent in Jumeirah Lake Towers - Prime Location,Built-in wardrobes throughout. Covered parking included.,2BR Apartment,Jumeirah Lake Towers,25.07648,55.12357,3,1168,1,17,14,9750,Chen Wei,2026-04-26,active,0,1015
2498,Brand New Listing: 2BR Apartment in Downtown Dubai,Recently renovated kitchen and bathrooms. Balcony with community view. Built-in wardrobes throughout. Near international schools.,2BR Apartment,Downtown Dubai,25.17502,55.26909,3,1196,0,9,28,14000,Yusuf Karimi,2026-04-23,active,0,1710
735,Villa with Full Amenities - Downtown Dubai,Available for immediate move-in. Built-in wardrobes throughout. Shared pool and gym access.,Villa,Downtown Dubai,25.20555,55.26196,5,4825,0,13,0,49500,Hassan Ali,2026-03-13,active,0,735
2423,"Hot Deal - 1BR Apartment in Arabian Ranches, Call Now",Close to metro station and community mall. Balcony with community view. Built-in wardrobes throughout.,1BR Apartment,Arabian Ranches,25.03999,55.25457,1,805,0,2,33,6000,Daniel Reyes,2026-04-13,active,0,75
2035,Chiller Free Townhouse in Mirdif,"Landlord maintained, no agency fees. Close to metro station and community mall. Recently renovated kitchen and bathrooms. Shared pool and gym access.",Townhouse,Mirdif,25.23569,55.40266,4,2090,1,16,0,11000,Anjali Menon,2026-02-18,active,0,2035
2499,"Hot Deal - Studio in Palm Jumeirah, Call Now",Covered parking included. Shared pool and gym access. Built-in wardrobes throughout.,Studio,Palm Jumeirah,25.12307,55.14506,0,424,0,7,22,6000,Chen Wei,2026-06-11,active,0,1450
1649,Chiller Free Townhouse in Business Bay,"Landlord maintained, no agency fees. Shared pool and gym access. Built-in wardrobes throughout. Balcony with community view.",Townhouse,Business Bay,25.18287,55.25747,4,2114,0,7,0,19250,Omar Farouk,2026-03-13,active,0,1649
2051,"Upgraded Villa in Jumeirah Lake Towers, Motivated Seller",Pet friendly building. Shared pool and gym access.,Villa,Jumeirah Lake Towers,25.07274,55.13673,6,4482,0,10,0,27500,Omar Farouk,2026-07-13,active,0,2051
838,Stunning 3BR Apartment | Downtown Dubai | Vacant Soon,Available for immediate move-in. Pet friendly building. Shared pool and gym access.,3BR Apartment,Downtown Dubai,25.21695,55.26121,3,1719,1,2,15,23750,Chen Wei,2026-08-10,active,0,838
2318,1BR Apartment in Dubai Silicon Oasis | Well Maintained,"Available for immediate move-in. Landlord maintained, no agency fees.",1BR Apartment,Dubai Silicon Oasis,25.1148,55.3766,2,800,0,15,33,3000,Fatima Al-Suwaidi,2026-07-20,active,0,380
307,Townhouse with Full Amenities - Business Bay,Close to metro station and community mall. Recently renovated kitchen and bathrooms.,Townhouse,Business Bay,25.1634,55.26937,3,2376,0,20,0,16750,Chen Wei,2026-03-01,active,0,307
433,Townhouse with Full Amenities - Jumeirah Village Circle,Close to metro station and community mall. Balcony with community view. Available for immediate move-in.,Townhouse,Jumeirah Village Circle,25.07169,55.20539,4,2218,1,11,0,11750,Fatima Al-Suwaidi,2026-04-06,active,0,433
87,Best Deal! 1BR Apartment in Dubai Marina,Balcony with community view. Near international schools. Shared pool and gym access. Close to metro station and community mall.,1BR Apartment,Dubai Marina,25.08624,55.12733,2,864,0,19,30,6000,Sofia Marchetti,2026-06-11,active,0,87
1472,Best Deal! 2BR Apartment in Arabian Ranches,"Recently renovated kitchen and bathrooms. Landlord maintained, no agency fees. Pet friendly building.",2BR Apartment,Arabian Ranches,25.05948,55.29156,3,1125,0,8,41,8250,Omar Farouk,2026-06-10,active,0,1472
1026,Exclusive Townhouse in Dubai Silicon Oasis | High Floor,Built-in wardrobes throughout. Pet friendly building.,Townhouse,Dubai Silicon Oasis,25.14059,55.38577,4,2498,0,15,0,10250,Ravi Shankar,2026-07-25,active,0,1026
2576,URGENT SALE Spacious 1BR Apartment in Downtown Dubai | Ready to Move,"Balcony with community view. Available for immediate move-in. Landlord maintained, no agency fees. Pet friendly building.",1BR Apartment,Downtown Dubai,25.20982,55.26969,1,846,0,4,6,3825,Fatima Al-Suwaidi,2026-01-17,active,1,2576
1374,3BR Apartment with Full Amenities - Al Furjan,Shared pool and gym access. Built-in wardrobes throughout. Covered parking included.,3BR Apartment,Al Furjan,25.0153,55.15176,4,1707,1,15,24,7750,Grace Okafor,2026-04-24,active,0,1374
1560,Chiller Free 2BR Apartment in Dubai Silicon Oasis,"Recently renovated kitchen and bathrooms. Landlord maintained, no agency fees. Near international schools.",2BR Apartment,Dubai Silicon Oasis,25.14694,55.37659,2,1126,0,22,22,4500,Sofia Marchetti,2026-03-12,active,0,1560
1924,Studio with Full Amenities - Jumeirah Lake Towers,Built-in wardrobes throughout. Covered parking included. Available for immediate move-in.,Studio,Jumeirah Lake Towers,25.09333,55.12755,0,547,0,10,20,4000,Michael Costa,2026-02-26,active,0,1924
2477,Must See! Studio Available in Business Bay,Shared pool and gym access. Covered parking included. Pet friendly building. Close to metro station and community mall.,Studio,Business Bay,25.19709,55.26356,0,462,0,19,27,4000,Noor Abdullah,2026-05-13,active,0,651
77,Townhouse for Rent in Jumeirah Lake Towers - Prime Location,"Landlord maintained, no agency fees. Available for immediate move-in. Shared pool and gym access. Covered parking included.",Townhouse,Jumeirah Lake Towers,25.07332,55.16511,3,1857,1,2,0,14000,Noor Abdullah,2026-01-20,active,0,77
2104,Chiller Free 2BR Apartment in Palm Jumeirah,"Balcony with community view. Near international schools. Shared pool and gym access. Landlord maintained, no agency fees.",2BR Apartment,Palm Jumeirah,25.13127,55.12445,3,1164,0,18,41,12750,Priya Nair,2026-08-07,active,0,2104
520,Stunning Townhouse | Dubai Silicon Oasis | Vacant Soon,Built-in wardrobes throughout. Close to metro station and community mall. Recently renovated kitchen and bathrooms.,Townhouse,Dubai Silicon Oasis,25.11994,55.36718,3,2299,1,0,0,10000,Chen Wei,2026-08-16,active,0,520
444,Chiller Free Townhouse in Al Furjan,Recently renovated kitchen and bathrooms. Built-in wardrobes throughout. Shared pool and gym access. Pet friendly building.,Townhouse,Al Furjan,25.02847,55.14304,3,1883,0,20,0,9250,Noor Abdullah,2026-07-28,active,0,444
1117,"Upgraded 2BR Apartment in Al Furjan, Motivated Seller",Covered parking included. Close to metro station and community mall. Balcony with community view.,2BR Apartment,Al Furjan,25.02797,55.13949,3,1227,1,19,9,5000,Omar Farouk,2026-01-30,active,0,1117
95,Chiller Free Townhouse in Downtown Dubai,"Built-in wardrobes throughout. Landlord maintained, no agency fees.",Townhouse,Downtown Dubai,25.20768,55.2769,4,2092,0,15,0,19250,Elena Popescu,2026-02-14,active,0,95
6,Chiller Free 1BR Apartment in Jumeirah Lake Towers,Close to metro station and community mall. Recently renovated kitchen and bathrooms.,1BR Apartment,Jumeirah Lake Towers,25.05194,55.1254,2,776,0,17,17,6000,Sofia Marchetti,2026-02-05,active,0,6
1882,Best Deal! Townhouse in Arabian Ranches,Shared pool and gym access. Available for immediate move-in. Pet friendly building.,Townhouse,Arabian Ranches,25.02665,55.29123,3,2460,0,9,0,18750,Elena Popescu,2026-02-23,active,0,1882
989,Stunning Townhouse | Mirdif | Vacant Soon,Recently renovated kitchen and bathrooms. Pet friendly building.,Townhouse,Mirdif,25.23914,55.44027,3,1831,0,2,0,10000,Sofia Marchetti,2026-03-19,active,0,989
17,Best Deal! Studio in Arabian Ranches,Near international schools. Balcony with community view. Pet friendly building.,Studio,Arabian Ranches,25.06789,55.28058,0,382,0,18,7,2000,Omar Farouk,2026-08-14,active,0,17
290,"Upgraded Townhouse in Discovery Gardens, Motivated Seller",Close to metro station and community mall. Near international schools.,Townhouse,Discovery Gardens,25.05817,55.15187,3,2077,1,20,0,11000,Noor Abdullah,2026-08-22,active,0,290
1319,Townhouse with Full Amenities - Business Bay,Close to metro station and community mall. Balcony with community view. Pet friendly building. Available for immediate move-in.,Townhouse,Business Bay,25.16313,55.2705,4,2315,0,4,0,19000,Yusuf Karimi,2026-06-13,active,0,1319
1561,Exclusive 3BR Apartment in Al Furjan | High Floor,"Built-in wardrobes throughout. Recently renovated kitchen and bathrooms. Landlord maintained, no agency fees.",3BR Apartment,Al Furjan,25.03733,55.14549,3,1730,0,20,8,8750,Ravi Shankar,2026-03-10,active,0,1561
2263,Must See! Villa Available in Jumeirah Lake Towers,Built-in wardrobes throughout. Close to metro station and community mall.,Villa,Jumeirah Lake Towers,25.07238,55.13643,6,4467,0,10,0,28500,Sofia Marchetti,2026-07-16,active,0,2051
2452,Must See! 1BR Apartment Available in Dubai Marina,Recently renovated kitchen and bathrooms. Pet friendly building.,1BR Apartment,Dubai Marina,25.09475,55.14188,2,935,0,11,26,9500,Hassan Ali,2026-04-13,active,0,1684
1734,Villa for Rent in Dubai Silicon Oasis - Prime Location,"Near international schools. Shared pool and gym access. Available for immediate move-in. Landlord maintained, no agency fees.",Villa,Dubai Silicon Oasis,25.12888,55.39072,6,3247,1,3,0,12250,Chen Wei,2026-07-24,active,0,1734
1142,Stunning Townhouse | Arabian Ranches | Vacant Soon,"Landlord maintained, no agency fees. Close to metro station and community mall.",Townhouse,Arabian Ranches,25.04279,55.25617,4,2411,0,15,0,12750,Hassan Ali,2026-02-17,active,0,1142
2048,"Upgraded Townhouse in Discovery Gardens, Motivated Seller",Pet friendly building. Recently renovated kitchen and bathrooms. Close to metro station and community mall. Near international schools.,Townhouse,Discovery Gardens,25.0606,55.12882,4,2044,1,14,0,10500,Elena Popescu,2026-04-25,active,0,2048
2156,Spacious 1BR Apartment in Downtown Dubai | Ready to Move,Shared pool and gym access. Available for immediate move-in. Close to metro station and community mall. Near international schools.,1BR Apartment,Downtown Dubai,25.19943,55.2746,1,928,0,2,21,10750,Daniel Reyes,2026-06-16,active,0,2156
1137,Best Deal! Townhouse in Dubai Marina,Close to metro station and community mall. Built-in wardrobes throughout. Pet friendly building. Balcony with community view.,Townhouse,Dubai Marina,25.08884,55.14234,3,1983,1,8,0,17000,Ravi Shankar,2026-05-19,active,0,1137
2186,Spacious 2BR Apartment in Discovery Gardens | Ready to Move,Shared pool and gym access. Pet friendly building. Recently renovated kitchen and bathrooms. Near international schools.,2BR Apartment,Discovery Gardens,25.0303,55.16054,3,1183,0,8,32,5250,Grace Okafor,2026-03-12,active,0,2186
2614,URGENT SALE Exclusive Townhouse in Dubai Marina | High Floor,Near international schools. Pet friendly building. Close to metro station and community mall. Recently renovated kitchen and bathrooms.,Townhouse,Dubai Marina,25.0973,55.13622,4,1825,0,5,0,6034,Chen Wei,2026-03-09,active,1,2614
1784,2BR Apartment with Full Amenities - Palm Jumeirah,"Landlord maintained, no agency fees. Recently renovated kitchen and bathrooms.",2BR Apartment,Palm Jumeirah,25.10772,55.15994,3,1286,0,1,38,17250,Michael Costa,2026-05-30,active,0,1784
872,Exclusive 3BR Apartment in Dubai Silicon Oasis | High Floor,"Close to metro station and community mall. Recently renovated kitchen and bathrooms. Landlord maintained, no agency fees.",3BR Apartment,Dubai Silicon Oasis,25.14535,55.39054,3,1966,0,10,8,8250,Sofia Marchetti,2026-03-21,active,0,872
2525,Studio in Al Furjan | Well Maintained,Covered parking included. Balcony with community view.,Studio,Al Furjan,25.0167,55.14607,0,519,1,21,17,2000,Priya Nair,2026-08-15,active,0,521
2422,"Hot Deal - Studio in Business Bay, Call Now","Near international schools. Landlord maintained, no agency fees.",Studio,Business Bay,25.18818,55.28781,0,413,1,8,38,3500,Elena Popescu,2026-02-06,active,0,2135
2266,Arabian Ranches Townhouse - Negotiable Price,Covered parking included. Built-in wardrobes throughout. Pet friendly building.,Townhouse,Arabian Ranches,25.02854,55.26384,3,2179,0,10,0,14500,Ravi Shankar,2026-08-07,active,0,1911
1767,Stunning Villa | Discovery Gardens | Vacant Soon,Available for immediate move-in. Close to metro station and community mall. Recently renovated kitchen and bathrooms. Near international schools.,Villa,Discovery Gardens,25.03379,55.14001,5,3634,0,7,0,15000,Layla Haddad,2026-05-24,active,0,1767
1433,Exclusive 3BR Apartment in Jumeirah Village Circle | High Floor,Available for immediate move-in. Shared pool and gym access. Recently renovated kitchen and bathrooms.,3BR Apartment,Jumeirah Village Circle,25.03676,55.21286,4,2020,0,17,42,10500,Sofia Marchetti,2026-04-04,active,0,1433
2522,Brand New Listing: 3BR Apartment in Dubai Silicon Oasis,Near international schools. Built-in wardrobes throughout.,3BR Apartment,Dubai Silicon Oasis,25.10516,55.38406,4,2108,1,6,28,9000,Priya Nair,2026-06-14,active,0,1580
1790,Townhouse with Full Amenities - Discovery Gardens,"Near international schools. Available for immediate move-in. Landlord maintained, no agency fees. Close to metro station and community mall.",Townhouse,Discovery Gardens,25.04974,55.16206,3,2090,0,10,0,9500,Layla Haddad,2026-03-03,active,0,1790
1745,Spacious Townhouse in Arabian Ranches | Ready to Move,"Available for immediate move-in. Landlord maintained, no agency fees.",Townhouse,Arabian Ranches,25.035,55.25238,3,2322,1,12,0,15000,Sofia Marchetti,2026-01-21,active,0,1745
428,Townhouse with Full Amenities - Palm Jumeirah,Near international schools. Shared pool and gym access.,Townhouse,Palm Jumeirah,25.13675,55.11952,3,2090,1,16,0,26500,Elena Popescu,2026-01-08,active,0,428
1688,Best Deal! Studio in Jumeirah Village Circle,Close to metro station and community mall. Pet friendly building. Balcony with community view.,Studio,Jumeirah Village Circle,25.03895,55.20041,0,511,1,9,35,3250,Layla Haddad,2026-01-13,active,0,1688
1977,Townhouse with Full Amenities - Dubai Sports City,Pet friendly building. Covered parking included. Close to metro station and community mall. Balcony with community view.,Townhouse,Dubai Sports City,25.03836,55.22215,4,1886,0,18,0,7000,Layla Haddad,2026-02-11,active,0,1977
299,Townhouse with Full Amenities - Palm Jumeirah,Shared pool and gym access. Near international schools. Available for immediate move-in.,Townhouse,Palm Jumeirah,25.11047,55.13512,3,2205,0,1,0,29750,Michael Costa,2026-01-13,active,0,299
2021,Chiller Free 3BR Apartment in Jumeirah Lake Towers,Near international schools. Covered parking included. Shared pool and gym access.,3BR Apartment,Jumeirah Lake Towers,25.07229,55.12152,4,1501,0,7,16,12500,Omar Farouk,2026-06-01,active,0,2021
47,Chiller Free 3BR Apartment in Jumeirah Village Circle,Covered parking included. Near international schools.,3BR Apartment,Jumeirah Village Circle,25.05996,55.23068,4,1926,0,0,35,10500,Noor Abdullah,2026-05-08,active,0,47
201,1BR Apartment with Full Amenities - Palm Jumeirah,Recently renovated kitchen and bathrooms. Pet friendly building. Close to metro station and community mall.,1BR Apartment,Palm Jumeirah,25.13072,55.14318,1,821,0,7,23,10000,Fatima Al-Suwaidi,2026-04-06,active,0,201
590,Spacious 1BR Apartment in Dubai Silicon Oasis | Ready to Move,Built-in wardrobes throughout. Pet friendly building. Close to metro station and community mall. Covered parking included.,1BR Apartment,Dubai Silicon Oasis,25.14206,55.38093,1,656,0,13,22,2000,Hassan Ali,2026-07-14,active,0,590
2122,Townhouse for Rent in Al Furjan - Prime Location,Shared pool and gym access. Available for immediate move-in. Near international schools.,Townhouse,Al Furjan,25.04742,55.15198,4,2320,1,11,0,13000,Anjali Menon,2026-06-23,active,0,2122
1454,Best Deal! 3BR Apartment in Al Furjan,Covered parking included. Shared pool and gym access. Built-in wardrobes throughout.,3BR Apartment,Al Furjan,24.99963,55.16014,4,1837,0,3,33,10000,Grace Okafor,2026-05-19,active,0,1454
2328,Dubai Silicon Oasis 2BR Apartment - Negotiable Price,"Near international schools. Pet friendly building. Landlord maintained, no agency fees. Available for immediate move-in.",2BR Apartment,Dubai Silicon Oasis,25.1422,55.35908,2,1048,1,17,41,4000,Noor Abdullah,2026-06-27,active,0,1627
1845,Stunning Villa | Mirdif | Vacant Soon,Recently renovated kitchen and bathrooms. Shared pool and gym access.,Villa,Mirdif,25.23833,55.40346,4,4707,0,15,0,21250,Layla Haddad,2026-03-19,active,0,1845
2430,Arabian Ranches 3BR Apartment - Negotiable Price,Built-in wardrobes throughout. Close to metro station and community mall. Available for immediate move-in. Covered parking included.,3BR Apartment,Arabian Ranches,25.04863,55.27554,4,2018,0,15,33,13500,Yusuf Karimi,2026-08-08,active,0,495
694,Chiller Free 3BR Apartment in Downtown Dubai,Pet friendly building. Near international schools. Available for immediate move-in.,3BR Apartment,Downtown Dubai,25.20192,55.28747,3,1615,1,10,42,20500,Fatima Al-Suwaidi,2026-03-29,active,0,694
412,1BR Apartment for Rent in Jumeirah Lake Towers - Prime Location,"Shared pool and gym access. Landlord maintained, no agency fees. Recently renovated kitchen and bathrooms. Covered parking included.",1BR Apartment,Jumeirah Lake Towers,25.07734,55.14582,2,715,0,9,16,5250,Sofia Marchetti,2026-01-12,active,0,412
1373,Exclusive Villa in Arabian Ranches | High Floor,Built-in wardrobes throughout. Covered parking included.,Villa,Arabian Ranches,25.06982,55.27094,6,3527,0,12,0,21750,Yusuf Karimi,2026-03-10,active,0,1373
822,"Upgraded Studio in Palm Jumeirah, Motivated Seller",Close to metro station and community mall. Covered parking included. Built-in wardrobes throughout.,Studio,Palm Jumeirah,25.10694,55.14432,0,524,1,20,27,7500,Layla Haddad,2026-04-21,active,0,822
750,"Upgraded 1BR Apartment in Arabian Ranches, Motivated Seller",Recently renovated kitchen and bathrooms. Available for immediate move-in. Near international schools.,1BR Apartment,Arabian Ranches,25.02722,55.27571,1,870,0,15,6,5000,Omar Farouk,2026-06-12,active,0,750
798,2BR Apartment for Rent in Palm Jumeirah - Prime Location,Covered parking included. Close to metro station and community mall.,2BR Apartment,Palm Jumeirah,25.09784,55.14314,2,1115,0,20,26,11250,Anjali Menon,2026-06-28,active,0,798
2259,Townhouse in Palm Jumeirah | Well Maintained,"Landlord maintained, no agency fees. Built-in wardrobes throughout. Available for immediate move-in. Covered parking included.",Townhouse,Palm Jumeirah,25.11713,55.14809,4,2343,0,0,0,33500,Fatima Al-Suwaidi,2026-06-03,active,0,907
631,Stunning 1BR Apartment | Palm Jumeirah | Vacant Soon,Pet friendly building. Covered parking included. Balcony with community view. Available for immediate move-in.,1BR Apartment,Palm Jumeirah,25.08818,55.12004,2,858,0,21,9,10000,Anjali Menon,2026-04-15,active,0,631
379,"Upgraded 3BR Apartment in Dubai Silicon Oasis, Motivated Seller",Near international schools. Recently renovated kitchen and bathrooms.,3BR Apartment,Dubai Silicon Oasis,25.13641,55.39035,4,1636,0,4,2,5750,Anjali Menon,2026-02-15,active,0,379
1500,Spacious Townhouse in Downtown Dubai | Ready to Move,Covered parking included. Close to metro station and community mall.,Townhouse,Downtown Dubai,25.19718,55.2707,4,2506,0,20,0,25250,Chen Wei,2026-02-12,active,0,1500
1223,1BR Apartment with Full Amenities - Dubai Sports City,Available for immediate move-in. Shared pool and gym access. Covered parking included. Recently renovated kitchen and bathrooms.,1BR Apartment,Dubai Sports City,25.02318,55.20953,2,761,0,13,33,3750,Grace Okafor,2026-01-08,active,0,1223
225,"Upgraded Studio in Al Furjan, Motivated Seller",Close to metro station and community mall. Near international schools. Pet friendly building. Shared pool and gym access.,Studio,Al Furjan,25.02703,55.1416,0,489,1,8,9,2500,Priya Nair,2026-01-11,active,0,225
80,Stunning Villa | Discovery Gardens | Vacant Soon,Recently renovated kitchen and bathrooms. Near international schools. Shared pool and gym access. Built-in wardrobes throughout.,Villa,Discovery Gardens,25.05438,55.16006,6,3415,1,18,0,18000,Anjali Menon,2026-06-19,active,0,80
2068,Best Deal! 1BR Apartment in Dubai Marina,"Landlord maintained, no agency fees. Recently renovated kitchen and bathrooms. Balcony with community view.",1BR Apartment,Dubai Marina,25.09737,55.12369,2,897,1,5,3,9250,Layla Haddad,2026-05-14,active,0,2068
1317,Stunning Studio | Dubai Marina | Vacant Soon,"Pet friendly building. Landlord maintained, no agency fees.",Studio,Dubai Marina,25.07887,55.12622,0,480,0,7,14,4750,Grace Okafor,2026-07-05,active,0,1317
2409,Must See! Villa Available in Discovery Gardens,Recently renovated kitchen and bathrooms. Built-in wardrobes throughout. Available for immediate move-in. Near international schools.,Villa,Discovery Gardens,25.01835,55.13051,4,4240,0,18,0,16000,Layla Haddad,2026-08-09,active,0,179
1680,Spacious Townhouse in Arabian Ranches | Ready to Move,Shared pool and gym access. Balcony with community view. Pet friendly building. Near international schools.,Townhouse,Arabian Ranches,25.05015,55.27589,3,2311,0,10,0,14000,Chen Wei,2026-07-20,active,0,1680
2416,Arabian Ranches 3BR Apartment - Negotiable Price,"Near international schools. Available for immediate move-in. Pet friendly building. Landlord maintained, no agency fees.",3BR Apartment,Arabian Ranches,25.03063,55.24885,4,1786,1,11,20,12500,Sofia Marchetti,2026-06-27,active,0,2111
377,"Upgraded Villa in Palm Jumeirah, Motivated Seller",Built-in wardrobes throughout. Covered parking included.,Villa,Palm Jumeirah,25.11715,55.16353,4,3148,1,12,0,42250,Omar Farouk,2026-02-13,active,0,377
1992,Stunning 2BR Apartment | Palm Jumeirah | Vacant Soon,"Landlord maintained, no agency fees. Built-in wardrobes throughout. Close to metro station and community mall. Near international schools.",2BR Apartment,Palm Jumeirah,25.09272,55.15658,3,1385,0,10,14,17250,Anjali Menon,2026-02-09,active,0,1992
1211,Stunning 3BR Apartment | Arabian Ranches | Vacant Soon,Shared pool and gym access. Close to metro station and community mall.,3BR Apartment,Arabian Ranches,25.06567,55.26462,4,1912,1,5,42,13000,Priya Nair,2026-04-12,active,0,1211
1030,Spacious Villa in Discovery Gardens | Ready to Move,Shared pool and gym access. Available for immediate move-in. Balcony with community view.,Villa,Discovery Gardens,25.01494,55.1483,4,4300,1,4,0,19000,Hassan Ali,2026-08-02,active,0,1030
2531,Must See! 3BR Apartment Available in Al Furjan,Recently renovated kitchen and bathrooms. Pet friendly building.,3BR Apartment,Al Furjan,25.04177,55.1324,3,2035,0,18,33,10500,Priya Nair,2026-06-07,active,0,606
2225,Brand New Listing: 1BR Apartment in Arabian Ranches,Balcony with community view. Near international schools. Covered parking included. Shared pool and gym access.,1BR Apartment,Arabian Ranches,25.03672,55.27589,1,862,0,9,9,6000,Yusuf Karimi,2026-05-04,active,0,1610
1177,1BR Apartment for Rent in Business Bay - Prime Location,Near international schools. Built-in wardrobes throughout.,1BR Apartment,Business Bay,25.20571,55.2736,2,697,1,17,25,5500,Priya Nair,2026-02-06,active,0,1177
1628,Spacious 3BR Apartment in Business Bay | Ready to Move,Close to metro station and community mall. Shared pool and gym access. Near international schools. Available for immediate move-in.,3BR Apartment,Business Bay,25.18486,55.24148,4,1567,0,14,16,11500,Layla Haddad,2026-05-25,active,0,1628
1273,Townhouse for Rent in Palm Jumeirah - Prime Location,Shared pool and gym access. Available for immediate move-in.,Townhouse,Palm Jumeirah,25.08751,55.16085,3,2475,0,10,0,36750,Fatima Al-Suwaidi,2026-06-11,active,0,1273
887,Spacious 1BR Apartment in Dubai Silicon Oasis | Ready to Move,Pet friendly building. Shared pool and gym access.,1BR Apartment,Dubai Silicon Oasis,25.12515,55.39423,1,922,1,7,28,4500,Hassan Ali,2026-04-16,active,0,887
441,Chiller Free 1BR Apartment in Downtown Dubai,Near international schools. Balcony with community view. Close to metro station and community mall. Pet friendly building.,1BR Apartment,Downtown Dubai,25.21888,55.27351,2,841,0,5,16,9500,Hassan Ali,2026-01-01,active,0,441
713,3BR Apartment for Rent in Palm Jumeirah - Prime Location,Pet friendly building. Covered parking included. Recently renovated kitchen and bathrooms. Shared pool and gym access.,3BR Apartment,Palm Jumeirah,25.1216,55.15489,4,1689,0,20,5,22250,Priya Nair,2026-05-17,active,0,713
1303,Chiller Free Studio in Dubai Sports City,"Landlord maintained, no agency fees. Pet friendly building. Built-in wardrobes throughout.",Studio,Dubai Sports City,25.03186,55.19841,0,422,1,7,41,1750,Grace Okafor,2026-02-21,active,0,1303
799,Spacious Villa in Arabian Ranches | Ready to Move,"Landlord maintained, no agency fees. Near international schools. Available for immediate move-in. Pet friendly building.",Villa,Arabian Ranches,25.04492,55.26482,4,3130,0,11,0,19250,Sofia Marchetti,2026-02-08,active,0,799
2289,Townhouse in Jumeirah Village Circle | Well Maintained,Close to metro station and community mall. Shared pool and gym access. Near international schools. Pet friendly building.,Townhouse,Jumeirah Village Circle,25.03624,55.21603,3,2360,1,4,0,10500,Anjali Menon,2026-05-02,active,0,1675
571,Best Deal! Studio in Jumeirah Village Circle,"Shared pool and gym access. Landlord maintained, no agency fees. Built-in wardrobes throughout. Pet friendly building.",Studio,Jumeirah Village Circle,25.07792,55.22473,0,506,0,6,26,2250,Omar Farouk,2026-06-10,active,0,571
1322,Villa with Full Amenities - Dubai Sports City,Covered parking included. Balcony with community view. Shared pool and gym access. Pet friendly building.,Villa,Dubai Sports City,25.06392,55.20763,4,4872,0,18,0,21000,Hassan Ali,2026-01-04,active,0,1322
1494,Exclusive 1BR Apartment in Dubai Marina | High Floor,Covered parking included. Recently renovated kitchen and bathrooms. Built-in wardrobes throughout. Near international schools.,1BR Apartment,Dubai Marina,25.10428,55.15264,1,843,0,7,1,6250,Michael Costa,2026-06-14,active,0,1494
2139,Spacious 3BR Apartment in Mirdif | Ready to Move,"Balcony with community view. Close to metro station and community mall. Landlord maintained, no agency fees.",3BR Apartment,Mirdif,25.19325,55.439,3,1431,0,3,36,7750,Sofia Marchetti,2026-05-07,active,0,2139
2334,Studio in Jumeirah Lake Towers | Well Maintained,Available for immediate move-in. Pet friendly building.,Studio,Jumeirah Lake Towers,25.07195,55.14745,0,479,0,22,42,3000,Grace Okafor,2026-01-20,active,0,1285
1739,Chiller Free Townhouse in Business Bay,Built-in wardrobes throughout. Near international schools. Available for immediate move-in.,Townhouse,Business Bay,25.17867,55.251,4,1985,0,13,0,15250,Ravi Shankar,2026-04-27,active,0,1739
295,Stunning Studio | Discovery Gardens | Vacant Soon,Recently renovated kitchen and bathrooms. Balcony with community view.,Studio,Discovery Gardens,25.02404,55.15752,0,461,0,13,27,2000,Fatima Al-Suwaidi,2026-07-09,active,0,295
92,"Upgraded Studio in Arabian Ranches, Motivated Seller",Shared pool and gym access. Near international schools. Close to metro station and community mall. Pet friendly building.,Studio,Arabian Ranches,25.05976,55.26571,0,400,1,9,20,2750,Hassan Ali,2026-07-06,active,0,92
2404,"Hot Deal - 3BR Apartment in Jumeirah Lake Towers, Call Now","Landlord maintained, no agency fees. Recently renovated kitchen and bathrooms.",3BR Apartment,Jumeirah Lake Towers,25.08532,55.14136,3,1770,0,21,42,12500,Yusuf Karimi,2026-01-23,active,0,1814
971,Exclusive Townhouse in Mirdif | High Floor,Close to metro station and community mall. Covered parking included.,Townhouse,Mirdif,25.22683,55.41444,4,1943,0,0,0,9250,Fatima Al-Suwaidi,2026-06-02,active,0,971
897,Spacious 1BR Apartment in Dubai Silicon Oasis | Ready to Move,Built-in wardrobes throughout. Balcony with community view.,1BR Apartment,Dubai Silicon Oasis,25.13628,55.3977,1,791,0,10,2,2750,Hassan Ali,2026-01-07,active,0,897
167,Spacious 1BR Apartment in Al Furjan | Ready to Move,Recently renovated kitchen and bathrooms. Pet friendly building. Near international schools.,1BR Apartment,Al Furjan,25.03708,55.13923,1,814,1,10,18,4750,Grace Okafor,2026-02-27,active,0,167
2484,Mirdif 1BR Apartment - Negotiable Price,Close to metro station and community mall. Near international schools.,1BR Apartment,Mirdif,25.21639,55.39908,1,661,0,8,1,2500,Elena Popescu,2026-06-02,active,0,1315
1033,"Upgraded 2BR Apartment in Palm Jumeirah, Motivated Seller","Landlord maintained, no agency fees. Balcony with community view.",2BR Apartment,Palm Jumeirah,25.12959,55.1583,2,953,0,1,23,14500,Ravi Shankar,2026-01-30,active,0,1033
933,3BR Apartment for Rent in Al Furjan - Prime Location,"Landlord maintained, no agency fees. Available for immediate move-in. Balcony with community view.",3BR Apartment,Al Furjan,25.00352,55.13337,4,1947,1,4,30,11500,Priya Nair,2026-08-02,active,0,933
1637,"Upgraded Studio in Business Bay, Motivated Seller",Near international schools. Balcony with community view.,Studio,Business Bay,25.16494,55.26846,0,517,0,22,28,3500,Omar Farouk,2026-04-22,active,0,1637
1155,1BR Apartment with Full Amenities - Dubai Marina,Available for immediate move-in. Covered parking included. Pet friendly building. Close to metro station and community mall.,1BR Apartment,Dubai Marina,25.07861,55.16161,2,723,1,18,30,7000,Priya Nair,2026-07-29,active,0,1155
789,"Upgraded 2BR Apartment in Discovery Gardens, Motivated Seller",Covered parking included. Built-in wardrobes throughout. Pet friendly building. Shared pool and gym access.,2BR Apartment,Discovery Gardens,25.02883,55.13644,3,1363,0,4,24,6750,Michael Costa,2026-03-05,active,0,789
1090,Best Deal! Townhouse in Discovery Gardens,"Landlord maintained, no agency fees. Near international schools. Covered parking included. Close to metro station and community mall.",Townhouse,Discovery Gardens,25.04493,55.1509,4,2343,0,15,0,11250,Elena Popescu,2026-06-13,active,0,1090
2015,Chiller Free 1BR Apartment in Mirdif,Recently renovated kitchen and bathrooms. Balcony with community view.,1BR Apartment,Mirdif,25.20574,55.40674,1,869,1,2,33,4500,Yusuf Karimi,2026-02-25,active,0,2015
2194,Stunning Villa | Dubai Marina | Vacant Soon,"Available for immediate move-in. Landlord maintained, no agency fees.",Villa,Dubai Marina,25.08859,55.13181,5,4531,1,1,0,43500,Chen Wei,2026-05-15,active,0,2194
1219,Chiller Free 2BR Apartment in Discovery Gardens,Built-in wardrobes throughout. Shared pool and gym access.,2BR Apartment,Discovery Gardens,25.05508,55.15713,3,1345,1,14,30,5750,Sofia Marchetti,2026-07-31,active,0,1219
1000,Exclusive 2BR Apartment in Downtown Dubai | High Floor,"Landlord maintained, no agency fees. Available for immediate move-in. Pet friendly building. Balcony with community view.",2BR Apartment,Downtown Dubai,25.21872,55.26846,3,1268,1,12,41,14250,Michael Costa,2026-08-23,active,0,1000
739,"Upgraded 2BR Apartment in Downtown Dubai, Motivated Seller","Shared pool and gym access. Built-in wardrobes throughout. Balcony with community view. Landlord maintained, no agency fees.",2BR Apartment,Downtown Dubai,25.19719,55.25384,3,1178,0,10,30,13500,Grace Okafor,2026-05-23,active,0,739
623,"Upgraded Townhouse in Dubai Marina, Motivated Seller",Balcony with community view. Pet friendly building. Available for immediate move-in.,Townhouse,Dubai Marina,25.05636,55.11574,3,2080,1,21,0,15500,Ravi Shankar,2026-03-20,active,0,623
1476,Stunning Villa | Al Furjan | Vacant Soon,Shared pool and gym access. Pet friendly building.,Villa,Al Furjan,25.00978,55.16389,4,4823,0,9,0,22500,Ravi Shankar,2026-07-30,active,0,1476
1818,"Upgraded 3BR Apartment in Dubai Silicon Oasis, Motivated Seller",Available for immediate move-in. Recently renovated kitchen and bathrooms. Close to metro station and community mall. Balcony with community view.,3BR Apartment,Dubai Silicon Oasis,25.1159,55.38184,3,1459,0,19,2,5500,Grace Okafor,2026-08-29,active,0,1818
768,Exclusive 2BR Apartment in Al Furjan | High Floor,"Pet friendly building. Landlord maintained, no agency fees. Shared pool and gym access.",2BR Apartment,Al Furjan,25.02158,55.14059,3,1023,1,13,35,6250,Anjali Menon,2026-04-14,active,0,768
2106,Chiller Free 2BR Apartment in Business Bay,Covered parking included. Built-in wardrobes throughout. Balcony with community view.,2BR Apartment,Business Bay,25.19295,55.25896,3,1023,0,10,31,9000,Michael Costa,2026-07-01,active,0,2106
1018,Spacious 3BR Apartment in Dubai Sports City | Ready to Move,"Balcony with community view. Covered parking included. Landlord maintained, no agency fees.",3BR Apartment,Dubai Sports City,25.04615,55.21853,3,1566,0,7,37,7750,Yusuf Karimi,2026-05-21,active,0,1018
247,Chiller Free Townhouse in Jumeirah Lake Towers,Built-in wardrobes throughout. Available for immediate move-in.,Townhouse,Jumeirah Lake Towers,25.07205,55.13009,4,2233,0,19,0,14000,Sofia Marchetti,2026-04-16,active,0,247
101,Exclusive 1BR Apartment in Al Furjan | High Floor,"Shared pool and gym access. Covered parking included. Balcony with community view. Landlord maintained, no agency fees.",1BR Apartment,Al Furjan,25.01477,55.15258,2,839,0,3,21,4000,Fatima Al-Suwaidi,2026-01-13,active,0,101
545,Best Deal! 2BR Apartment in Dubai Marina,Close to metro station and community mall. Balcony with community view.,2BR Apartment,Dubai Marina,25.06136,55.15009,2,1134,0,4,19,10250,Michael Costa,2026-04-18,active,0,545
2545,Business Bay 1BR Apartment - Negotiable Price,Balcony with community view. Shared pool and gym access. Built-in wardrobes throughout. Near international schools.,1BR Apartment,Business Bay,25.20851,55.24643,2,637,1,16,24,5000,Elena Popescu,2026-05-11,active,0,486
342,Stunning Studio | Dubai Sports City | Vacant Soon,"Recently renovated kitchen and bathrooms. Landlord maintained, no agency fees. Available for immediate move-in. Covered parking included.",Studio,Dubai Sports City,25.05005,55.22358,0,442,0,4,1,1750,Ravi Shankar,2026-04-27,active,0,342
169,Best Deal! Villa in Mirdif,Covered parking included. Shared pool and gym access. Pet friendly building. Close to metro station and community mall.,Villa,Mirdif,25.24043,55.40322,5,2839,0,0,0,14750,Omar Farouk,2026-03-20,active,0,169
2285,Must See! Villa Available in Mirdif,Near international schools. Recently renovated kitchen and bathrooms.,Villa,Mirdif,25.23504,55.43019,6,4534,1,22,0,22500,Layla Haddad,2026-07-26,active,0,1462
2166,Spacious 3BR Apartment in Jumeirah Village Circle | Ready to Move,"Near international schools. Pet friendly building. Landlord maintained, no agency fees. Available for immediate move-in.",3BR Apartment,Jumeirah Village Circle,25.03654,55.18882,3,1561,0,4,33,9500,Ravi Shankar,2026-03-21,active,0,2166
1619,"Upgraded 2BR Apartment in Dubai Marina, Motivated Seller","Recently renovated kitchen and bathrooms. Landlord maintained, no agency fees. Shared pool and gym access.",2BR Apartment,Dubai Marina,25.09762,55.1554,3,1244,0,6,31,11250,Noor Abdullah,2026-05-18,active,0,1619
2557,Must See! 1BR Apartment Available in Arabian Ranches,Shared pool and gym access. Built-in wardrobes throughout.,1BR Apartment,Arabian Ranches,25.05346,55.28142,1,810,1,10,1,6000,Priya Nair,2026-02-07,active,0,577
2193,Townhouse with Full Amenities - Jumeirah Lake Towers,Pet friendly building. Built-in wardrobes throughout.,Townhouse,Jumeirah Lake Towers,25.06481,55.12485,3,2527,0,3,0,16750,Chen Wei,2026-07-11,active,0,2193
2419,"Hot Deal - Studio in Dubai Silicon Oasis, Call Now","Landlord maintained, no agency fees. Recently renovated kitchen and bathrooms.",Studio,Dubai Silicon Oasis,25.13378,55.40209,0,464,1,22,3,1500,Priya Nair,2026-01-19,active,0,1023
919,Exclusive 3BR Apartment in Discovery Gardens | High Floor,Near international schools. Available for immediate move-in. Pet friendly building. Close to metro station and community mall.,3BR Apartment,Discovery Gardens,25.05926,55.13418,4,1661,0,5,26,9000,Ravi Shankar,2026-07-16,active,0,919
581,Exclusive Studio in Mirdif | High Floor,Balcony with community view. Recently renovated kitchen and bathrooms.,Studio,Mirdif,25.20136,55.44121,0,475,0,3,2,2000,Chen Wei,2026-08-09,active,0,581
546,Stunning Villa | Al Furjan | Vacant Soon,Balcony with community view. Built-in wardrobes throughout.,Villa,Al Furjan,25.00546,55.13595,4,2907,0,13,0,13250,Yusuf Karimi,2026-01-19,active,0,546
1466,Best Deal! Townhouse in Arabian Ranches,"Near international schools. Landlord maintained, no agency fees. Covered parking included. Shared pool and gym access.",Townhouse,Arabian Ranches,25.07497,55.26693,4,2282,1,16,0,17500,Grace Okafor,2026-04-15,active,0,1466
2190,Villa for Rent in Palm Jumeirah - Prime Location,"Balcony with community view. Recently renovated kitchen and bathrooms. Landlord maintained, no agency fees. Shared pool and gym access.",Villa,Palm Jumeirah,25.11193,55.14211,6,4518,0,3,0,69250,Priya Nair,2026-06-27,active,0,2190
1542,Best Deal! 2BR Apartment in Arabian Ranches,Available for immediate move-in. Recently renovated kitchen and bathrooms. Close to metro station and community mall.,2BR Apartment,Arabian Ranches,25.06282,55.29504,2,1363,0,3,25,9000,Omar Farouk,2026-08-07,active,0,1542
1431,Best Deal! 3BR Apartment in Arabian Ranches,Near international schools. Pet friendly building. Built-in wardrobes throughout.,3BR Apartment,Arabian Ranches,25.04381,55.2479,3,1794,0,10,5,12000,Fatima Al-Suwaidi,2026-01-27,active,0,1431
1899,Best Deal! Villa in Jumeirah Village Circle,"Built-in wardrobes throughout. Landlord maintained, no agency fees. Available for immediate move-in.",Villa,Jumeirah Village Circle,25.07689,55.20248,5,3627,1,15,0,22000,Daniel Reyes,2026-04-04,active,0,1899
1225,3BR Apartment for Rent in Al Furjan - Prime Location,Close to metro station and community mall. Covered parking included. Near international schools. Recently renovated kitchen and bathrooms.,3BR Apartment,Al Furjan,25.04065,55.14754,4,1459,0,16,39,8000,Hassan Ali,2026-04-22,active,0,1225
1813,Villa with Full Amenities - Downtown Dubai,Covered parking included. Available for immediate move-in.,Villa,Downtown Dubai,25.20034,55.26542,6,4609,1,18,0,51000,Elena Popescu,2026-03-28,active,0,1813
853,2BR Apartment with Full Amenities - Dubai Marina,"Landlord maintained, no agency fees. Balcony with community view.",2BR Apartment,Dubai Marina,25.07231,55.1452,3,1139,1,7,32,12000,Michael Costa,2026-08-06,active,0,853
1780,Exclusive 1BR Apartment in Discovery Gardens | High Floor,Recently renovated kitchen and bathrooms. Available for immediate move-in.,1BR Apartment,Discovery Gardens,25.04518,55.13938,1,844,0,2,27,4500,Michael Costa,2026-08-09,active,0,1780
2246,"Hot Deal - 2BR Apartment in Business Bay, Call Now","Close to metro station and community mall. Shared pool and gym access. Covered parking included. Landlord maintained, no agency fees.",2BR Apartment,Business Bay,25.19715,55.24816,3,957,1,22,42,8500,Ravi Shankar,2026-01-29,active,0,1174
1509,"Upgraded 2BR Apartment in Jumeirah Lake Towers, Motivated Seller","Landlord maintained, no agency fees. Near international schools.",2BR Apartment,Jumeirah Lake Towers,25.06626,55.13495,2,1036,1,17,18,7250,Grace Okafor,2026-08-03,active,0,1509
1282,Best Deal! 1BR Apartment in Jumeirah Village Circle,Available for immediate move-in. Covered parking included. Recently renovated kitchen and bathrooms. Pet friendly building.,1BR Apartment,Jumeirah Village Circle,25.08205,55.20442,1,780,0,1,34,5000,Daniel Reyes,2026-01-25,active,0,1282
422,Chiller Free 2BR Apartment in Arabian Ranches,"Recently renovated kitchen and bathrooms. Landlord maintained, no agency fees. Available for immediate move-in.",2BR Apartment,Arabian Ranches,25.06738,55.2475,2,1343,1,17,18,9750,Elena Popescu,2026-01-13,active,0,422
671,Stunning Studio | Jumeirah Lake Towers | Vacant Soon,"Landlord maintained, no agency fees. Available for immediate move-in. Covered parking included.",Studio,Jumeirah Lake Towers,25.09187,55.1458,0,439,0,16,7,3000,Priya Nair,2026-01-08,active,0,671
437,Spacious Studio in Business Bay | Ready to Move,"Shared pool and gym access. Balcony with community view. Landlord maintained, no agency fees.",Studio,Business Bay,25.1634,55.2645,0,450,0,7,38,3500,Yusuf Karimi,2026-01-12,active,0,437
865,Best Deal! Townhouse in Dubai Marina,Available for immediate move-in. Near international schools. Recently renovated kitchen and bathrooms. Shared pool and gym access.,Townhouse,Dubai Marina,25.06724,55.16476,4,2550,0,20,0,22250,Ravi Shankar,2026-05-08,active,0,865
1537,Exclusive Townhouse in Dubai Sports City | High Floor,Near international schools. Pet friendly building.,Townhouse,Dubai Sports City,25.03568,55.23618,3,2232,1,4,0,8750,Anjali Menon,2026-05-17,active,0,1537
1452,Best Deal! Studio in Dubai Silicon Oasis,"Covered parking included. Close to metro station and community mall. Shared pool and gym access. Landlord maintained, no agency fees.",Studio,Dubai Silicon Oasis,25.14489,55.38753,0,468,0,7,5,2250,Sofia Marchetti,2026-06-24,active,0,1452
2154,Chiller Free 3BR Apartment in Downtown Dubai,Balcony with community view. Built-in wardrobes throughout. Pet friendly building.,3BR Apartment,Downtown Dubai,25.20816,55.29803,4,1688,0,13,31,20750,Michael Costa,2026-03-22,active,0,2154
2262,1BR Apartment in Discovery Gardens | Well Maintained,"Available for immediate move-in. Landlord maintained, no agency fees.",1BR Apartment,Discovery Gardens,25.04469,55.16794,2,791,0,1,39,4000,Michael Costa,2026-02-27,active,0,683
90,Best Deal! Studio in Dubai Silicon Oasis,"Built-in wardrobes throughout. Close to metro station and community mall. Landlord maintained, no agency fees.",Studio,Dubai Silicon Oasis,25.11206,55.39727,0,455,1,6,3,1750,Grace Okafor,2026-01-10,active,0,90
1349,Spacious 1BR Apartment in Dubai Marina | Ready to Move,"Pet friendly building. Landlord maintained, no agency fees. Available for immediate move-in. Near international schools.",1BR Apartment,Dubai Marina,25.05817,55.15942,1,855,0,14,8,6750,Omar Farouk,2026-06-04,active,0,1349
1441,Exclusive 3BR Apartment in Discovery Gardens | High Floor,Shared pool and gym access. Near international schools. Close to metro station and community mall.,3BR Apartment,Discovery Gardens,25.04516,55.15557,4,1523,0,18,41,7250,Anjali Menon,2026-07-17,active,0,1441
434,Chiller Free 1BR Apartment in Jumeirah Lake Towers,Shared pool and gym access. Pet friendly building. Balcony with community view.,1BR Apartment,Jumeirah Lake Towers,25.0824,55.14264,2,743,0,15,1,4500,Fatima Al-Suwaidi,2026-05-27,active,0,434
115,Best Deal! Studio in Downtown Dubai,Recently renovated kitchen and bathrooms. Pet friendly building.,Studio,Downtown Dubai,25.18754,55.26967,0,446,0,14,18,5250,Daniel Reyes,2026-06-17,active,0,115
1788,Best Deal! Villa in Jumeirah Village Circle,Recently renovated kitchen and bathrooms. Shared pool and gym access. Covered parking included.,Villa,Jumeirah Village Circle,25.06004,55.22547,5,4630,1,9,0,25250,Priya Nair,2026-05-30,active,0,1788
1295,2BR Apartment for Rent in Mirdif - Prime Location,Near international schools. Shared pool and gym access. Covered parking included.,2BR Apartment,Mirdif,25.23515,55.43222,3,1271,0,0,29,6000,Daniel Reyes,2026-06-28,active,0,1295
1606,Stunning Villa | Jumeirah Village Circle | Vacant Soon,Close to metro station and community mall. Shared pool and gym access. Balcony with community view. Pet friendly building.,Villa,Jumeirah Village Circle,25.04259,55.19589,6,3149,1,14,0,18750,Priya Nair,2026-04-18,active,0,1606
2003,Best Deal! 2BR Apartment in Mirdif,Near international schools. Covered parking included. Available for immediate move-in.,2BR Apartment,Mirdif,25.2328,55.44584,3,1250,1,16,9,5750,Ravi Shankar,2026-02-22,active,0,2003
2456,"Hot Deal - 2BR Apartment in Discovery Gardens, Call Now",Recently renovated kitchen and bathrooms. Available for immediate move-in.,2BR Apartment,Discovery Gardens,25.04014,55.15687,3,1062,0,8,24,5000,Fatima Al-Suwaidi,2026-02-12,active,0,1713
1721,Chiller Free 3BR Apartment in Mirdif,"Near international schools. Pet friendly building. Available for immediate move-in. Landlord maintained, no agency fees.",3BR Apartment,Mirdif,25.23711,55.40914,4,1671,0,22,41,6500,Yusuf Karimi,2026-02-25,active,0,1721
2219,Downtown Dubai 1BR Apartment - Negotiable Price,Built-in wardrobes throughout. Close to metro station and community mall.,1BR Apartment,Downtown Dubai,25.21805,55.27307,2,841,0,5,16,9500,Yusuf Karimi,2026-01-17,active,0,441
1731,Best Deal! 2BR Apartment in Dubai Silicon Oasis,"Shared pool and gym access. Landlord maintained, no agency fees. Pet friendly building.",2BR Apartment,Dubai Silicon Oasis,25.11737,55.36306,3,970,0,21,24,3000,Ravi Shankar,2026-07-19,active,0,1731
1775,Spacious Villa in Palm Jumeirah | Ready to Move,Pet friendly building. Balcony with community view. Available for immediate move-in. Near international schools.,Villa,Palm Jumeirah,25.12995,55.13025,6,4955,0,19,0,68750,Chen Wei,2026-06-03,active,0,1775
2470,Townhouse in Dubai Marina | Well Maintained,Balcony with community view. Available for immediate move-in. Near international schools.,Townhouse,Dubai Marina,25.09542,55.11806,4,2402,1,15,0,24500,Omar Farouk,2026-01-23,active,0,2072
1600,Chiller Free 2BR Apartment in Downtown Dubai,Close to metro station and community mall. Covered parking included.,2BR Apartment,Downtown Dubai,25.18349,55.26261,3,1116,0,20,38,13250,Omar Farouk,2026-08-04,active,0,1600
2396,Al Furjan 2BR Apartment - Negotiable Price,Pet friendly building. Near international schools. Balcony with community view.,2BR Apartment,Al Furjan,25.0076,55.1361,3,1405,0,2,41,7000,Michael Costa,2026-03-21,active,0,389
391,Stunning Townhouse | Arabian Ranches | Vacant Soon,Recently renovated kitchen and bathrooms. Available for immediate move-in.,Townhouse,Arabian Ranches,25.07285,55.2715,4,2105,0,13,0,15000,Hassan Ali,2026-04-12,active,0,391
2052,Best Deal! 2BR Apartment in Dubai Sports City,Built-in wardrobes throughout. Balcony with community view. Available for immediate move-in.,2BR Apartment,Dubai Sports City,25.04877,55.21256,3,1246,0,13,1,4500,Chen Wei,2026-02-28,active,0,2052
2578,URGENT SALE Exclusive Studio in Dubai Sports City | High Floor,"Near international schools. Landlord maintained, no agency fees. Available for immediate move-in. Close to metro station and community mall.",Studio,Dubai Sports City,25.0588,55.22692,0,473,1,2,16,1033,Fatima Al-Suwaidi,2026-01-13,active,1,2578
2278,Brand New Listing: Villa in Palm Jumeirah,Pet friendly building. Available for immediate move-in.,Villa,Palm Jumeirah,25.09033,55.14496,6,4400,1,21,0,62000,Fatima Al-Suwaidi,2026-03-15,active,0,475
1548,Exclusive 3BR Apartment in Jumeirah Village Circle | High Floor,"Landlord maintained, no agency fees. Shared pool and gym access. Balcony with community view. Close to metro station and community mall.",3BR Apartment,Jumeirah Village Circle,25.05895,55.21587,4,1948,1,16,9,8750,Noor Abdullah,2026-02-13,active,0,1548
1041,Chiller Free Studio in Jumeirah Village Circle,Shared pool and gym access. Recently renovated kitchen and bathrooms. Close to metro station and community mall. Available for immediate move-in.,Studio,Jumeirah Village Circle,25.04893,55.19905,0,506,0,9,2,2750,Omar Farouk,2026-01-22,active,0,1041
2547,Mirdif Studio - Negotiable Price,"Built-in wardrobes throughout. Shared pool and gym access. Landlord maintained, no agency fees.",Studio,Mirdif,25.23539,55.40173,0,499,0,21,35,2000,Fatima Al-Suwaidi,2026-06-23,active,0,55
2057,2BR Apartment with Full Amenities - Jumeirah Lake Towers,Available for immediate move-in. Shared pool and gym access.,2BR Apartment,Jumeirah Lake Towers,25.06958,55.16134,3,1154,0,12,25,8750,Layla Haddad,2026-07-29,active,0,2057
1804,Best Deal! 1BR Apartment in Downtown Dubai,Balcony with community view. Covered parking included. Pet friendly building.,1BR Apartment,Downtown Dubai,25.20591,55.25871,1,902,0,6,17,8500,Grace Okafor,2026-07-17,active,0,1804
1876,Exclusive 2BR Apartment in Discovery Gardens | High Floor,Covered parking included. Near international schools.,2BR Apartment,Discovery Gardens,25.06103,55.14276,3,1379,1,3,3,8250,Noor Abdullah,2026-04-26,active,0,1876
261,Exclusive Townhouse in Al Furjan | High Floor,Recently renovated kitchen and bathrooms. Balcony with community view.,Townhouse,Al Furjan,25.01558,55.13937,4,2093,0,4,0,12000,Noor Abdullah,2026-04-18,active,0,261
1758,Exclusive 3BR Apartment in Al Furjan | High Floor,"Landlord maintained, no agency fees. Built-in wardrobes throughout. Pet friendly building. Available for immediate move-in.",3BR Apartment,Al Furjan,25.04423,55.15709,4,1421,1,20,29,7500,Ravi Shankar,2026-04-04,active,0,1758
2464,Dubai Silicon Oasis Villa - Negotiable Price,Shared pool and gym access. Pet friendly building. Close to metro station and community mall. Near international schools.,Villa,Dubai Silicon Oasis,25.13264,55.3698,6,4364,0,8,0,18500,Omar Farouk,2026-05-31,active,0,1762
178,Stunning Townhouse | Jumeirah Lake Towers | Vacant Soon,"Landlord maintained, no agency fees. Built-in wardrobes throughout.",Townhouse,Jumeirah Lake Towers,25.08461,55.15228,3,2554,1,7,0,21250,Priya Nair,2026-08-05,active,0,178
921,1BR Apartment for Rent in Jumeirah Lake Towers - Prime Location,Shared pool and gym access. Close to metro station and community mall. Pet friendly building.,1BR Apartment,Jumeirah Lake Towers,25.053,55.1282,1,870,0,17,4,5750,Noor Abdullah,2026-04-12,active,0,921
373,Townhouse with Full Amenities - Jumeirah Village Circle,"Built-in wardrobes throughout. Landlord maintained, no agency fees. Balcony with community view. Shared pool and gym access.",Townhouse,Jumeirah Village Circle,25.05753,55.22073,3,2010,0,6,0,9000,Chen Wei,2026-08-05,active,0,373
488,Stunning Studio | Mirdif | Vacant Soon,"Recently renovated kitchen and bathrooms. Landlord maintained, no agency fees.",Studio,Mirdif,25.22402,55.44194,0,550,0,8,39,2500,Hassan Ali,2026-06-19,active,0,488
231,Exclusive Studio in Dubai Sports City | High Floor,"Near international schools. Balcony with community view. Landlord maintained, no agency fees. Built-in wardrobes throughout.",Studio,Dubai Sports City,25.06465,55.24107,0,452,0,14,25,1750,Chen Wei,2026-02-04,active,0,231
714,Exclusive Villa in Dubai Silicon Oasis | High Floor,Shared pool and gym access. Near international schools.,Villa,Dubai Silicon Oasis,25.09872,55.39871,4,3423,0,2,0,12250,Chen Wei,2026-07-19,active,0,714
1052,Stunning 1BR Apartment | Jumeirah Village Circle | Vacant Soon,"Built-in wardrobes throughout. Landlord maintained, no agency fees. Balcony with community view.",1BR Apartment,Jumeirah Village Circle,25.03639,55.2074,2,866,1,12,3,4250,Elena Popescu,2026-01-03,active,0,1052
2055,Villa with Full Amenities - Arabian Ranches,Shared pool and gym access. Balcony with community view. Near international schools. Close to metro station and community mall.,Villa,Arabian Ranches,25.04924,55.26703,6,3408,1,21,0,18500,Chen Wei,2026-01-23,active,0,2055
811,Best Deal! Townhouse in Downtown Dubai,Close to metro station and community mall. Available for immediate move-in. Recently renovated kitchen and bathrooms. Covered parking included.,Townhouse,Downtown Dubai,25.17942,55.25301,4,2159,0,22,0,24250,Priya Nair,2026-04-27,active,0,811
2509,Must See! Studio Available in Arabian Ranches,Pet friendly building. Close to metro station and community mall.,Studio,Arabian Ranches,25.05893,55.28599,0,468,1,15,42,4000,Priya Nair,2026-02-10,active,0,1415
385,Best Deal! Townhouse in Business Bay,"Near international schools. Close to metro station and community mall. Landlord maintained, no agency fees.",Townhouse,Business Bay,25.21201,55.2582,3,2106,1,13,0,14000,Sofia Marchetti,2026-08-06,active,0,385
2103,Villa with Full Amenities - Dubai Silicon Oasis,"Built-in wardrobes throughout. Balcony with community view. Landlord maintained, no agency fees. Close to metro station and community mall.",Villa,Dubai Silicon Oasis,25.10692,55.40446,6,4509,0,11,0,19750,Elena Popescu,2026-05-05,active,0,2103
936,Stunning 1BR Apartment | Palm Jumeirah | Vacant Soon,Shared pool and gym access. Built-in wardrobes throughout.,1BR Apartment,Palm Jumeirah,25.08814,55.13075,2,657,1,0,25,9500,Noor Abdullah,2026-03-25,active,0,936
285,Townhouse for Rent in Arabian Ranches - Prime Location,Shared pool and gym access. Near international schools.,Townhouse,Arabian Ranches,25.06552,55.2528,4,2514,1,1,0,19500,Sofia Marchetti,2026-05-28,active,0,285
1036,3BR Apartment for Rent in Dubai Silicon Oasis - Prime Location,Available for immediate move-in. Balcony with community view. Pet friendly building. Recently renovated kitchen and bathrooms.,3BR Apartment,Dubai Silicon Oasis,25.13864,55.39785,3,2007,0,6,27,7750,Anjali Menon,2026-01-30,active,0,1036
398,Stunning Villa | Palm Jumeirah | Vacant Soon,Balcony with community view. Built-in wardrobes throughout. Near international schools.,Villa,Palm Jumeirah,25.09733,55.13472,4,3332,0,21,0,36500,Chen Wei,2026-08-12,active,0,398
889,Stunning Studio | Dubai Sports City | Vacant Soon,Close to metro station and community mall. Pet friendly building. Covered parking included. Shared pool and gym access.,Studio,Dubai Sports City,25.04089,55.20934,0,403,0,19,35,1750,Sofia Marchetti,2026-03-12,active,0,889
970,3BR Apartment with Full Amenities - Al Furjan,"Recently renovated kitchen and bathrooms. Landlord maintained, no agency fees.",3BR Apartment,Al Furjan,25.01262,55.16319,4,1745,1,0,12,9500,Grace Okafor,2026-07-15,active,0,970
234,Best Deal! Townhouse in Discovery Gardens,"Pet friendly building. Landlord maintained, no agency fees. Built-in wardrobes throughout.",Townhouse,Discovery Gardens,25.04562,55.13468,3,2298,0,11,0,9000,Omar Farouk,2026-06-08,active,0,234
507,Stunning 3BR Apartment | Business Bay | Vacant Soon,Close to metro station and community mall. Shared pool and gym access. Pet friendly building.,3BR Apartment,Business Bay,25.1654,55.27996,3,1895,0,22,28,13250,Grace Okafor,2026-08-09,active,0,507
1919,Spacious Studio in Business Bay | Ready to Move,"Covered parking included. Landlord maintained, no agency fees.",Studio,Business Bay,25.18229,55.28332,0,452,1,19,9,3500,Hassan Ali,2026-04-12,active,0,1919
2451,"Hot Deal - 3BR Apartment in Al Furjan, Call Now","Landlord maintained, no agency fees. Covered parking included. Recently renovated kitchen and bathrooms.",3BR Apartment,Al Furjan,25.02923,55.13106,4,1999,1,0,36,11500,Layla Haddad,2026-07-03,active,0,399
2284,Studio in Jumeirah Village Circle | Well Maintained,Balcony with community view. Covered parking included. Built-in wardrobes throughout.,Studio,Jumeirah Village Circle,25.06586,55.23067,0,460,0,1,10,2500,Hassan Ali,2026-07-27,active,0,1215
1172,Spacious Villa in Dubai Sports City | Ready to Move,Pet friendly building. Near international schools. Recently renovated kitchen and bathrooms. Built-in wardrobes throughout.,Villa,Dubai Sports City,25.06648,55.20001,5,3914,1,6,0,16000,Omar Farouk,2026-06-14,active,0,1172
588,3BR Apartment for Rent in Palm Jumeirah - Prime Location,Recently renovated kitchen and bathrooms. Near international schools. Covered parking included. Available for immediate move-in.,3BR Apartment,Palm Jumeirah,25.12238,55.13423,4,1511,0,20,16,21000,Michael Costa,2026-03-10,active,0,588
606,Exclusive 3BR Apartment in Al Furjan | High Floor,"Close to metro station and community mall. Landlord maintained, no agency fees.",3BR Apartment,Al Furjan,25.041,55.13166,3,2020,0,18,33,10500,Daniel Reyes,2026-05-29,active,0,606
1283,Best Deal! Studio in Dubai Marina,Near international schools. Recently renovated kitchen and bathrooms.,Studio,Dubai Marina,25.06639,55.12121,0,454,1,20,30,4500,Fatima Al-Suwaidi,2026-07-22,active,0,1283
1339,"Upgraded 1BR Apartment in Dubai Sports City, Motivated Seller",Near international schools. Shared pool and gym access. Close to metro station and community mall. Covered parking included.,1BR Apartment,Dubai Sports City,25.06669,55.20458,2,694,1,16,6,3000,Hassan Ali,2026-04-03,active,0,1339
523,Spacious 1BR Apartment in Discovery Gardens | Ready to Move,Balcony with community view. Built-in wardrobes throughout.,1BR Apartment,Discovery Gardens,25.0398,55.15777,1,816,0,12,33,4250,Grace Okafor,2026-01-28,active,0,523
2222,Studio in Al Furjan | Well Maintained,"Shared pool and gym access. Close to metro station and community mall. Landlord maintained, no agency fees.",Studio,Al Furjan,25.03743,55.14633,0,456,1,17,30,3000,Daniel Reyes,2026-02-09,active,0,1438
1443,Townhouse with Full Amenities - Jumeirah Village Circle,Covered parking included. Shared pool and gym access. Close to metro station and community mall.,Townhouse,Jumeirah Village Circle,25.07061,55.20103,3,1877,0,7,0,11000,Chen Wei,2026-04-03,active,0,1443
1912,Best Deal! 1BR Apartment in Discovery Gardens,Pet friendly building. Close to metro station and community mall.,1BR Apartment,Discovery Gardens,25.03318,55.12477,2,852,0,15,42,4000,Elena Popescu,2026-04-17,active,0,1912
2202,Jumeirah Village Circle 1BR Apartment - Negotiable Price,Shared pool and gym access. Available for immediate move-in.,1BR Apartment,Jumeirah Village Circle,25.05224,55.21572,1,959,1,9,36,6500,Daniel Reyes,2026-09-03,active,0,517
708,2BR Apartment for Rent in Dubai Marina - Prime Location,Covered parking included. Balcony with community view.,2BR Apartment,Dubai Marina,25.07177,55.13928,3,1168,0,10,36,10750,Fatima Al-Suwaidi,2026-08-08,active,0,708
2592,URGENT SALE Exclusive 2BR Apartment in Jumeirah Lake Towers | High Floor,Near international schools. Balcony with community view. Shared pool and gym access.,2BR Apartment,Jumeirah Lake Towers,25.0504,55.14329,3,1008,1,10,25,2555,Fatima Al-Suwaidi,2026-07-20,active,1,2592
1989,Studio for Rent in Jumeirah Lake Towers - Prime Location,"Landlord maintained, no agency fees. Close to metro station and community mall.",Studio,Jumeirah Lake Towers,25.0763,55.11879,0,464,1,4,21,3250,Omar Farouk,2026-03-08,active,0,1989
1959,Spacious Villa in Mirdif | Ready to Move,"Pet friendly building. Landlord maintained, no agency fees. Balcony with community view. Close to metro station and community mall.",Villa,Mirdif,25.19379,55.42861,4,4992,0,22,0,23750,Fatima Al-Suwaidi,2026-05-01,active,0,1959
1079,Best Deal! Villa in Arabian Ranches,"Landlord maintained, no agency fees. Balcony with community view. Close to metro station and community mall. Available for immediate move-in.",Villa,Arabian Ranches,25.04438,55.26908,6,3673,0,4,0,21500,Michael Costa,2026-04-24,active,0,1079
718,"Upgraded 1BR Apartment in Jumeirah Village Circle, Motivated Seller","Covered parking included. Landlord maintained, no agency fees. Recently renovated kitchen and bathrooms.",1BR Apartment,Jumeirah Village Circle,25.07249,55.20229,2,909,0,16,8,4000,Chen Wei,2026-04-02,active,0,718
322,Villa with Full Amenities - Al Furjan,Built-in wardrobes throughout. Available for immediate move-in.,Villa,Al Furjan,25.04679,55.12374,6,4210,0,18,0,15500,Hassan Ali,2026-02-02,active,0,322
1456,1BR Apartment for Rent in Business Bay - Prime Location,"Built-in wardrobes throughout. Landlord maintained, no agency fees.",1BR Apartment,Business Bay,25.19332,55.26211,1,931,0,19,35,8250,Daniel Reyes,2026-07-26,active,0,1456
1904,Chiller Free 1BR Apartment in Discovery Gardens,Balcony with community view. Recently renovated kitchen and bathrooms. Covered parking included. Near international schools.,1BR Apartment,Discovery Gardens,25.02966,55.16703,2,942,0,15,38,3750,Sofia Marchetti,2026-05-20,active,0,1904
601,1BR Apartment for Rent in Business Bay - Prime Location,Covered parking included. Recently renovated kitchen and bathrooms.,1BR Apartment,Business Bay,25.18589,55.27974,2,729,1,9,1,6500,Omar Farouk,2026-08-14,active,0,601
137,"Upgraded 2BR Apartment in Arabian Ranches, Motivated Seller",Close to metro station and community mall. Near international schools. Shared pool and gym access.,2BR Apartment,Arabian Ranches,25.04559,55.24963,2,1002,1,5,28,7000,Ravi Shankar,2026-01-24,active,0,137
128,"Upgraded 1BR Apartment in Discovery Gardens, Motivated Seller","Pet friendly building. Landlord maintained, no agency fees. Available for immediate move-in.",1BR Apartment,Discovery Gardens,25.02321,55.15915,1,658,1,18,38,3500,Yusuf Karimi,2026-03-04,active,0,128
1242,Chiller Free Studio in Arabian Ranches,Pet friendly building. Balcony with community view. Near international schools. Covered parking included.,Studio,Arabian Ranches,25.05647,55.25174,0,461,1,6,9,2750,Yusuf Karimi,2026-08-06,active,0,1242
425,3BR Apartment for Rent in Al Furjan - Prime Location,Built-in wardrobes throughout. Shared pool and gym access. Balcony with community view.,3BR Apartment,Al Furjan,25.0201,55.14336,3,1869,0,16,24,10750,Omar Farouk,2026-05-13,active,0,425
1107,Stunning 2BR Apartment | Mirdif | Vacant Soon,Balcony with community view. Available for immediate move-in.,2BR Apartment,Mirdif,25.2066,55.39951,2,1057,1,5,15,5500,Fatima Al-Suwaidi,2026-02-25,active,0,1107
367,Chiller Free Studio in Dubai Marina,Recently renovated kitchen and bathrooms. Built-in wardrobes throughout. Close to metro station and community mall. Shared pool and gym access.,Studio,Dubai Marina,25.06848,55.14438,0,450,0,2,39,4750,Noor Abdullah,2026-06-10,active,0,367
1519,Chiller Free 3BR Apartment in Dubai Marina,Built-in wardrobes throughout. Shared pool and gym access.,3BR Apartment,Dubai Marina,25.07952,55.13322,4,1998,1,8,40,19250,Grace Okafor,2026-03-08,active,0,1519
2609,URGENT SALE Spacious Studio in Palm Jumeirah | Ready to Move,Close to metro station and community mall. Recently renovated kitchen and bathrooms. Pet friendly building.,Studio,Palm Jumeirah,25.12568,55.11562,0,545,0,0,9,3534,Sofia Marchetti,2026-06-03,active,1,2609
904,2BR Apartment with Full Amenities - Al Furjan,Near international schools. Balcony with community view. Close to metro station and community mall.,2BR Apartment,Al Furjan,25.01054,55.14469,2,1074,1,2,10,6250,Noor Abdullah,2026-06-21,active,0,904
1699,Stunning Townhouse | Palm Jumeirah | Vacant Soon,"Covered parking included. Landlord maintained, no agency fees.",Townhouse,Palm Jumeirah,25.10635,55.14008,4,2275,0,1,0,32750,Priya Nair,2026-08-26,active,0,1699
440,Stunning Studio | Al Furjan | Vacant Soon,"Landlord maintained, no agency fees. Shared pool and gym access. Pet friendly building.",Studio,Al Furjan,25.0026,55.15549,0,503,1,20,15,2750,Sofia Marchetti,2026-07-15,active,0,440
1215,Exclusive Studio in Jumeirah Village Circle | High Floor,Near international schools. Shared pool and gym access. Covered parking included. Recently renovated kitchen and bathrooms.,Studio,Jumeirah Village Circle,25.06589,55.23109,0,460,0,1,10,2250,Grace Okafor,2026-07-15,active,0,1215
1939,Chiller Free Townhouse in Downtown Dubai,"Covered parking included. Landlord maintained, no agency fees. Built-in wardrobes throughout.",Townhouse,Downtown Dubai,25.21436,55.2583,3,2289,0,1,0,23250,Chen Wei,2026-07-24,active,0,1939
839,"Upgraded Villa in Dubai Sports City, Motivated Seller","Balcony with community view. Landlord maintained, no agency fees. Available for immediate move-in. Recently renovated kitchen and bathrooms.",Villa,Dubai Sports City,25.05965,55.20907,4,3115,1,3,0,13750,Grace Okafor,2026-05-22,active,0,839
702,Exclusive Villa in Jumeirah Village Circle | High Floor,Near international schools. Pet friendly building. Balcony with community view. Available for immediate move-in.,Villa,Jumeirah Village Circle,25.05786,55.21001,6,4613,0,6,0,24750,Fatima Al-Suwaidi,2026-01-01,active,0,702
612,Townhouse for Rent in Jumeirah Village Circle - Prime Location,"Pet friendly building. Near international schools. Close to metro station and community mall. Landlord maintained, no agency fees.",Townhouse,Jumeirah Village Circle,25.0494,55.19734,4,2389,1,16,0,14000,Elena Popescu,2026-06-28,active,0,612
343,Spacious 1BR Apartment in Jumeirah Village Circle | Ready to Move,Balcony with community view. Built-in wardrobes throughout. Recently renovated kitchen and bathrooms. Close to metro station and community mall.,1BR Apartment,Jumeirah Village Circle,25.04619,55.22218,1,868,1,21,26,4250,Michael Costa,2026-07-23,active,0,343
68,Exclusive Townhouse in Business Bay | High Floor,Close to metro station and community mall. Near international schools. Available for immediate move-in. Balcony with community view.,Townhouse,Business Bay,25.16738,55.26347,3,1861,0,17,0,13500,Noor Abdullah,2026-08-12,active,0,68
226,Best Deal! 2BR Apartment in Discovery Gardens,"Built-in wardrobes throughout. Landlord maintained, no agency fees. Available for immediate move-in. Balcony with community view.",2BR Apartment,Discovery Gardens,25.02572,55.15703,3,1219,1,5,34,5500,Elena Popescu,2026-02-26,active,0,226
1228,Townhouse with Full Amenities - Downtown Dubai,Shared pool and gym access. Near international schools.,Townhouse,Downtown Dubai,25.19697,55.25327,4,1983,1,5,0,25500,Omar Farouk,2026-01-04,active,0,1228
1756,Spacious Townhouse in Mirdif | Ready to Move,Recently renovated kitchen and bathrooms. Covered parking included. Pet friendly building. Close to metro station and community mall.,Townhouse,Mirdif,25.23516,55.4149,3,2408,1,1,0,10750,Ravi Shankar,2026-03-04,active,0,1756
667,Stunning Villa | Jumeirah Lake Towers | Vacant Soon,"Landlord maintained, no agency fees. Shared pool and gym access.",Villa,Jumeirah Lake Towers,25.05209,55.14584,6,4600,1,15,0,31500,Noor Abdullah,2026-08-01,active,0,667
352,Best Deal! 3BR Apartment in Palm Jumeirah,Built-in wardrobes throughout. Near international schools.,3BR Apartment,Palm Jumeirah,25.09935,55.16395,3,1890,0,22,7,22000,Anjali Menon,2026-07-07,active,0,352
603,1BR Apartment with Full Amenities - Downtown Dubai,Shared pool and gym access. Recently renovated kitchen and bathrooms. Pet friendly building.,1BR Apartment,Downtown Dubai,25.19304,55.27064,1,911,0,17,13,9750,Daniel Reyes,2026-05-07,active,0,603
1398,Stunning Studio | Arabian Ranches | Vacant Soon,Available for immediate move-in. Balcony with community view.,Studio,Arabian Ranches,25.07238,55.24578,0,409,0,11,2,2750,Yusuf Karimi,2026-07-19,active,0,1398
2602,URGENT SALE Spacious Villa in Dubai Sports City | Ready to Move,Covered parking included. Pet friendly building.,Villa,Dubai Sports City,25.06805,55.20163,6,3540,0,2,0,6607,Sofia Marchetti,2026-02-19,active,1,2602
1314,Stunning Townhouse | Al Furjan | Vacant Soon,Available for immediate move-in. Built-in wardrobes throughout.,Townhouse,Al Furjan,25.03099,55.12604,3,2407,0,8,0,10250,Chen Wei,2026-08-27,active,0,1314
2348,Must See! 3BR Apartment Available in Dubai Silicon Oasis,Near international schools. Balcony with community view.,3BR Apartment,Dubai Silicon Oasis,25.14089,55.37349,4,1457,0,9,37,6000,Grace Okafor,2026-06-30,active,0,310
587,Exclusive Townhouse in Al Furjan | High Floor,Near international schools. Covered parking included.,Townhouse,Al Furjan,25.01853,55.1534,4,2241,0,1,0,11000,Chen Wei,2026-04-08,active,0,587
484,Chiller Free 1BR Apartment in Dubai Sports City,"Shared pool and gym access. Available for immediate move-in. Landlord maintained, no agency fees.",1BR Apartment,Dubai Sports City,25.05832,55.23378,2,805,1,14,41,3500,Priya Nair,2026-04-07,active,0,484
745,Stunning Townhouse | Arabian Ranches | Vacant Soon,Available for immediate move-in. Pet friendly building.,Townhouse,Arabian Ranches,25.05297,55.25064,3,2165,1,22,0,11500,Ravi Shankar,2026-05-18,active,0,745
1422,Exclusive 2BR Apartment in Discovery Gardens | High Floor,Built-in wardrobes throughout. Recently renovated kitchen and bathrooms. Balcony with community view. Shared pool and gym access.,2BR Apartment,Discovery Gardens,25.04841,55.16272,2,1375,1,9,27,7500,Daniel Reyes,2026-04-18,active,0,1422
906,Spacious 1BR Apartment in Dubai Marina | Ready to Move,Recently renovated kitchen and bathrooms. Pet friendly building. Shared pool and gym access. Balcony with community view.,1BR Apartment,Dubai Marina,25.07606,55.12929,2,856,0,21,24,6750,Chen Wei,2026-08-22,active,0,906
1450,Stunning Studio | Palm Jumeirah | Vacant Soon,"Close to metro station and community mall. Covered parking included. Landlord maintained, no agency fees. Balcony with community view.",Studio,Palm Jumeirah,25.12271,55.14567,0,424,0,7,22,6000,Grace Okafor,2026-06-03,active,0,1450
1368,Exclusive 3BR Apartment in Dubai Marina | High Floor,"Covered parking included. Landlord maintained, no agency fees. Balcony with community view.",3BR Apartment,Dubai Marina,25.06194,55.15794,4,1818,0,3,21,13750,Hassan Ali,2026-01-25,active,0,1368
2199,Stunning Villa | Dubai Sports City | Vacant Soon,Pet friendly building. Balcony with community view. Close to metro station and community mall. Built-in wardrobes throughout.,Villa,Dubai Sports City,25.03501,55.21839,6,4719,1,13,0,20250,Fatima Al-Suwaidi,2026-07-14,active,0,2199
249,3BR Apartment with Full Amenities - Business Bay,"Landlord maintained, no agency fees. Close to metro station and community mall. Balcony with community view. Built-in wardrobes throughout.",3BR Apartment,Business Bay,25.18692,55.23864,4,2014,0,2,17,14250,Ravi Shankar,2026-04-13,active,0,249
1184,Best Deal! Studio in Jumeirah Lake Towers,Available for immediate move-in. Near international schools. Shared pool and gym access.,Studio,Jumeirah Lake Towers,25.05782,55.16463,0,392,0,16,13,2750,Daniel Reyes,2026-07-21,active,0,1184
2242,2BR Apartment in Palm Jumeirah | Well Maintained,Covered parking included. Recently renovated kitchen and bathrooms.,2BR Apartment,Palm Jumeirah,25.10714,55.1592,3,1286,0,1,38,16500,Sofia Marchetti,2026-06-05,active,0,1784
2276,Must See! 3BR Apartment Available in Discovery Gardens,Close to metro station and community mall. Built-in wardrobes throughout. Recently renovated kitchen and bathrooms.,3BR Apartment,Discovery Gardens,25.05986,55.13488,4,1676,0,5,26,9000,Noor Abdullah,2026-07-29,active,0,919
185,Exclusive 1BR Apartment in Al Furjan | High Floor,Close to metro station and community mall. Recently renovated kitchen and bathrooms.,1BR Apartment,Al Furjan,25.01495,55.17242,2,688,0,2,22,3500,Priya Nair,2026-06-17,active,0,185
481,2BR Apartment with Full Amenities - Dubai Silicon Oasis,Close to metro station and community mall. Available for immediate move-in. Shared pool and gym access.,2BR Apartment,Dubai Silicon Oasis,25.1308,55.37172,2,1053,1,6,42,4250,Priya Nair,2026-03-26,active,0,481
1512,Stunning Villa | Dubai Marina | Vacant Soon,Pet friendly building. Shared pool and gym access.,Villa,Dubai Marina,25.09106,55.13694,6,3617,1,10,0,34250,Noor Abdullah,2026-01-10,active,0,1512
2162,Exclusive Townhouse in Arabian Ranches | High Floor,Close to metro station and community mall. Covered parking included.,Townhouse,Arabian Ranches,25.07143,55.25333,3,2342,0,7,0,12500,Daniel Reyes,2026-03-01,active,0,2162
1347,Chiller Free 1BR Apartment in Dubai Silicon Oasis,Close to metro station and community mall. Built-in wardrobes throughout. Balcony with community view. Available for immediate move-in.,1BR Apartment,Dubai Silicon Oasis,25.10308,55.38122,1,701,0,21,14,2250,Daniel Reyes,2026-07-16,active,0,1347
2553,"Hot Deal - Villa in Dubai Marina, Call Now",Near international schools. Covered parking included.,Villa,Dubai Marina,25.09032,55.13661,6,3617,1,10,0,33000,Layla Haddad,2026-01-26,active,0,1512
649,Chiller Free Studio in Al Furjan,Pet friendly building. Recently renovated kitchen and bathrooms. Near international schools.,Studio,Al Furjan,25.01502,55.16418,0,507,0,11,35,2750,Michael Costa,2026-07-17,active,0,649
1754,Stunning Villa | Discovery Gardens | Vacant Soon,"Available for immediate move-in. Built-in wardrobes throughout. Landlord maintained, no agency fees.",Villa,Discovery Gardens,25.04153,55.1653,5,4566,0,7,0,19750,Chen Wei,2026-01-19,active,0,1754
1840,Spacious Townhouse in Jumeirah Lake Towers | Ready to Move,Shared pool and gym access. Built-in wardrobes throughout.,Townhouse,Jumeirah Lake Towers,25.06322,55.15936,4,2334,1,12,0,20000,Yusuf Karimi,2026-04-16,active,0,1840
72,3BR Apartment with Full Amenities - Arabian Ranches,Balcony with community view. Near international schools.,3BR Apartment,Arabian Ranches,25.04067,55.2514,4,1513,1,21,38,10500,Michael Costa,2026-01-02,active,0,72
463,3BR Apartment with Full Amenities - Jumeirah Lake Towers,"Recently renovated kitchen and bathrooms. Landlord maintained, no agency fees.",3BR Apartment,Jumeirah Lake Towers,25.04787,55.11931,3,1425,1,7,17,12000,Omar Farouk,2026-06-14,active,0,463
230,1BR Apartment for Rent in Dubai Sports City - Prime Location,"Landlord maintained, no agency fees. Close to metro station and community mall. Recently renovated kitchen and bathrooms. Balcony with community view.",1BR Apartment,Dubai Sports City,25.0667,55.19811,2,782,0,14,41,3250,Noor Abdullah,2026-01-02,active,0,230
1722,Stunning Villa | Dubai Marina | Vacant Soon,"Available for immediate move-in. Landlord maintained, no agency fees. Pet friendly building. Recently renovated kitchen and bathrooms.",Villa,Dubai Marina,25.08279,55.12305,6,3916,0,15,0,30750,Omar Farouk,2026-04-22,active,0,1722
2555,Brand New Listing: Studio in Dubai Silicon Oasis,Covered parking included. Shared pool and gym access.,Studio,Dubai Silicon Oasis,25.13803,55.36853,0,400,1,11,14,1500,Hassan Ali,2026-03-22,active,0,1144
2461,Arabian Ranches 3BR Apartment - Negotiable Price,Pet friendly building. Recently renovated kitchen and bathrooms. Available for immediate move-in.,3BR Apartment,Arabian Ranches,25.0327,55.28958,3,1973,0,8,19,14000,Anjali Menon,2026-02-25,active,0,1191
21,Stunning 1BR Apartment | Arabian Ranches | Vacant Soon,Shared pool and gym access. Close to metro station and community mall.,1BR Apartment,Arabian Ranches,25.03517,55.29162,2,777,0,11,36,5750,Michael Costa,2026-08-27,active,0,21
553,Stunning 1BR Apartment | Downtown Dubai | Vacant Soon,Near international schools. Built-in wardrobes throughout. Shared pool and gym access.,1BR Apartment,Downtown Dubai,25.1742,55.28504,2,722,0,5,33,8500,Yusuf Karimi,2026-03-29,active,0,553
2041,Chiller Free Studio in Jumeirah Village Circle,Covered parking included. Pet friendly building. Shared pool and gym access.,Studio,Jumeirah Village Circle,25.05023,55.19716,0,538,1,15,7,2750,Priya Nair,2026-08-26,active,0,2041
1181,"Upgraded 2BR Apartment in Jumeirah Lake Towers, Motivated Seller","Landlord maintained, no agency fees. Recently renovated kitchen and bathrooms. Balcony with community view. Shared pool and gym access.",2BR Apartment,Jumeirah Lake Towers,25.06579,55.16144,3,1373,0,18,35,9000,Omar Farouk,2026-06-20,active,0,1181
2530,Must See! 1BR Apartment Available in Dubai Silicon Oasis,"Landlord maintained, no agency fees. Recently renovated kitchen and bathrooms.",1BR Apartment,Dubai Silicon Oasis,25.10837,55.37291,2,847,0,3,7,3500,Fatima Al-Suwaidi,2026-08-25,active,0,1933
614,Best Deal! Villa in Jumeirah Lake Towers,"Close to metro station and community mall. Landlord maintained, no agency fees.",Villa,Jumeirah Lake Towers,25.08298,55.15797,6,2970,1,15,0,22000,Elena Popescu,2026-08-06,active,0,614
831,Best Deal! Villa in Dubai Sports City,Close to metro station and community mall. Available for immediate move-in.,Villa,Dubai Sports City,25.04951,55.23092,4,3935,1,7,0,16000,Daniel Reyes,2026-05-22,active,0,831
1764,Villa with Full Amenities - Arabian Ranches,Balcony with community view. Covered parking included.,Villa,Arabian Ranches,25.07141,55.26165,5,3474,1,18,0,20500,Yusuf Karimi,2026-07-29,active,0,1764
652,Villa for Rent in Discovery Gardens - Prime Location,Covered parking included. Pet friendly building.,Villa,Discovery Gardens,25.05829,55.12508,5,3133,0,13,0,15750,Sofia Marchetti,2026-02-11,active,0,652
2158,"Upgraded 2BR Apartment in Downtown Dubai, Motivated Seller",Pet friendly building. Available for immediate move-in. Balcony with community view. Covered parking included.,2BR Apartment,Downtown Dubai,25.18182,55.2766,2,1269,0,11,9,12250,Elena Popescu,2026-08-10,active,0,2158
2314,Arabian Ranches 3BR Apartment - Negotiable Price,"Shared pool and gym access. Landlord maintained, no agency fees. Near international schools. Built-in wardrobes throughout.",3BR Apartment,Arabian Ranches,25.03694,55.29183,3,1774,1,18,35,13000,Chen Wei,2026-06-04,active,0,2019
1247,Best Deal! 1BR Apartment in Palm Jumeirah,Near international schools. Balcony with community view. Close to metro station and community mall. Pet friendly building.,1BR Apartment,Palm Jumeirah,25.12995,55.12248,1,830,0,21,41,10000,Anjali Menon,2026-05-22,active,0,1247
301,Exclusive Studio in Dubai Silicon Oasis | High Floor,Available for immediate move-in. Balcony with community view. Shared pool and gym access. Near international schools.,Studio,Dubai Silicon Oasis,25.11743,55.39571,0,444,1,20,11,2000,Chen Wei,2026-05-15,active,0,301
1887,Stunning Townhouse | Al Furjan | Vacant Soon,"Landlord maintained, no agency fees. Shared pool and gym access. Available for immediate move-in. Recently renovated kitchen and bathrooms.",Townhouse,Al Furjan,25.00935,55.17167,3,2439,0,3,0,13750,Layla Haddad,2026-06-16,active,0,1887
280,Exclusive 1BR Apartment in Mirdif | High Floor,Built-in wardrobes throughout. Covered parking included. Available for immediate move-in. Pet friendly building.,1BR Apartment,Mirdif,25.23009,55.44241,2,923,0,14,23,4750,Grace Okafor,2026-04-16,active,0,280
1863,Exclusive 2BR Apartment in Al Furjan | High Floor,Covered parking included. Near international schools.,2BR Apartment,Al Furjan,25.00286,55.13654,2,1245,0,15,26,6000,Daniel Reyes,2026-02-23,active,0,1863
1410,Best Deal! 1BR Apartment in Palm Jumeirah,Built-in wardrobes throughout. Close to metro station and community mall.,1BR Apartment,Palm Jumeirah,25.13596,55.12006,1,711,1,7,38,9250,Anjali Menon,2026-01-02,active,0,1410
1150,Spacious 2BR Apartment in Jumeirah Village Circle | Ready to Move,Available for immediate move-in. Recently renovated kitchen and bathrooms.,2BR Apartment,Jumeirah Village Circle,25.05031,55.21858,2,1042,1,22,20,5250,Grace Okafor,2026-07-27,active,0,1150
2164,Chiller Free Townhouse in Dubai Marina,Close to metro station and community mall. Available for immediate move-in. Balcony with community view.,Townhouse,Dubai Marina,25.06605,55.14413,4,2227,1,17,0,19500,Fatima Al-Suwaidi,2026-02-23,active,0,2164
114,"Upgraded Townhouse in Jumeirah Lake Towers, Motivated Seller",Shared pool and gym access. Recently renovated kitchen and bathrooms.,Townhouse,Jumeirah Lake Towers,25.05354,55.12443,4,2490,0,5,0,18750,Sofia Marchetti,2026-04-20,active,0,114
2282,Brand New Listing: Villa in Downtown Dubai,Close to metro station and community mall. Built-in wardrobes throughout.,Villa,Downtown Dubai,25.19124,55.29688,4,3446,0,9,0,44000,Yusuf Karimi,2026-08-27,active,0,1817
911,Chiller Free Studio in Dubai Sports City,Pet friendly building. Near international schools. Available for immediate move-in. Shared pool and gym access.,Studio,Dubai Sports City,25.06925,55.19879,0,465,0,3,36,1750,Daniel Reyes,2026-04-07,active,0,911
1477,Stunning 2BR Apartment | Downtown Dubai | Vacant Soon,Balcony with community view. Built-in wardrobes throughout.,2BR Apartment,Downtown Dubai,25.20259,55.26151,3,1350,1,16,36,14750,Noor Abdullah,2026-03-16,active,0,1477
1982,Spacious 3BR Apartment in Dubai Silicon Oasis | Ready to Move,Close to metro station and community mall. Pet friendly building. Balcony with community view. Built-in wardrobes throughout.,3BR Apartment,Dubai Silicon Oasis,25.1317,55.40358,3,1915,0,17,38,9000,Omar Farouk,2026-07-24,active,0,1982
1907,Studio with Full Amenities - Palm Jumeirah,"Landlord maintained, no agency fees. Covered parking included. Built-in wardrobes throughout.",Studio,Palm Jumeirah,25.09987,55.15452,0,520,0,9,18,7000,Fatima Al-Suwaidi,2026-01-23,active,0,1907
275,Exclusive Studio in Dubai Silicon Oasis | High Floor,Available for immediate move-in. Pet friendly building.,Studio,Dubai Silicon Oasis,25.13669,55.36501,0,543,0,5,2,2250,Noor Abdullah,2026-01-17,active,0,275
1755,Studio with Full Amenities - Dubai Marina,Shared pool and gym access. Near international schools.,Studio,Dubai Marina,25.05709,55.13593,0,548,0,5,16,5250,Hassan Ali,2026-06-23,active,0,1755
1583,Best Deal! Townhouse in Arabian Ranches,"Pet friendly building. Near international schools. Recently renovated kitchen and bathrooms. Landlord maintained, no agency fees.",Townhouse,Arabian Ranches,25.07052,55.2886,4,1957,0,0,0,13000,Anjali Menon,2026-06-21,active,0,1583
1201,Studio with Full Amenities - Jumeirah Lake Towers,"Built-in wardrobes throughout. Balcony with community view. Landlord maintained, no agency fees. Available for immediate move-in.",Studio,Jumeirah Lake Towers,25.07304,55.126,0,458,0,12,36,3000,Hassan Ali,2026-04-21,active,0,1201
2256,Must See! Studio Available in Jumeirah Village Circle,Pet friendly building. Balcony with community view. Shared pool and gym access.,Studio,Jumeirah Village Circle,25.038,55.20037,0,526,1,9,35,3000,Michael Costa,2026-01-25,active,0,1688
353,Exclusive Villa in Dubai Silicon Oasis | High Floor,Built-in wardrobes throughout. Pet friendly building.,Villa,Dubai Silicon Oasis,25.1336,55.35737,6,4048,1,14,0,19000,Priya Nair,2026-07-17,active,0,353
339,Best Deal! Townhouse in Arabian Ranches,Shared pool and gym access. Recently renovated kitchen and bathrooms. Built-in wardrobes throughout.,Townhouse,Arabian Ranches,25.05053,55.28966,4,2148,1,14,0,15500,Noor Abdullah,2026-04-09,active,0,339
132,Exclusive 3BR Apartment in Al Furjan | High Floor,Shared pool and gym access. Available for immediate move-in. Pet friendly building.,3BR Apartment,Al Furjan,25.00121,55.12417,3,1978,1,22,15,9750,Omar Farouk,2026-01-09,active,0,132
151,"Upgraded Townhouse in Dubai Silicon Oasis, Motivated Seller",Close to metro station and community mall. Pet friendly building. Covered parking included. Available for immediate move-in.,Townhouse,Dubai Silicon Oasis,25.10352,55.3988,3,2560,0,15,0,10000,Sofia Marchetti,2026-07-18,active,0,151
1867,Exclusive 3BR Apartment in Dubai Marina | High Floor,Close to metro station and community mall. Balcony with community view.,3BR Apartment,Dubai Marina,25.09358,55.1382,4,1865,0,18,25,16250,Noor Abdullah,2026-05-30,active,0,1867
2481,"Hot Deal - Villa in Jumeirah Lake Towers, Call Now","Near international schools. Close to metro station and community mall. Pet friendly building. Landlord maintained, no agency fees.",Villa,Jumeirah Lake Towers,25.04651,55.13113,5,4206,1,13,0,29000,Hassan Ali,2026-02-18,active,0,2086
1442,Exclusive 1BR Apartment in Palm Jumeirah | High Floor,Built-in wardrobes throughout. Covered parking included. Pet friendly building. Near international schools.,1BR Apartment,Palm Jumeirah,25.09741,55.14873,1,749,1,8,2,8750,Noor Abdullah,2026-02-05,active,0,1442
2177,Spacious 3BR Apartment in Downtown Dubai | Ready to Move,Covered parking included. Close to metro station and community mall.,3BR Apartment,Downtown Dubai,25.19834,55.28143,3,2057,0,8,14,23250,Daniel Reyes,2026-07-13,active,0,2177
2366,Brand New Listing: Townhouse in Palm Jumeirah,Near international schools. Close to metro station and community mall.,Townhouse,Palm Jumeirah,25.12405,55.11561,4,2541,0,1,0,37000,Omar Farouk,2026-06-19,active,0,82
1277,1BR Apartment with Full Amenities - Dubai Marina,Recently renovated kitchen and bathrooms. Available for immediate move-in. Pet friendly building. Shared pool and gym access.,1BR Apartment,Dubai Marina,25.07386,55.16238,1,800,1,10,9,8250,Anjali Menon,2026-07-15,active,0,1277
793,3BR Apartment for Rent in Downtown Dubai - Prime Location,"Pet friendly building. Balcony with community view. Landlord maintained, no agency fees.",3BR Apartment,Downtown Dubai,25.20349,55.27716,4,1833,0,0,20,19250,Anjali Menon,2026-07-15,active,0,793
719,Studio with Full Amenities - Palm Jumeirah,Recently renovated kitchen and bathrooms. Shared pool and gym access.,Studio,Palm Jumeirah,25.1312,55.11479,0,496,1,12,27,7000,Hassan Ali,2026-04-22,active,0,719
693,Stunning 3BR Apartment | Dubai Silicon Oasis | Vacant Soon,"Landlord maintained, no agency fees. Recently renovated kitchen and bathrooms. Balcony with community view.",3BR Apartment,Dubai Silicon Oasis,25.11672,55.39013,3,1461,1,12,3,5750,Omar Farouk,2026-02-01,active,0,693
365,Stunning Townhouse | Jumeirah Village Circle | Vacant Soon,Balcony with community view. Shared pool and gym access.,Townhouse,Jumeirah Village Circle,25.04697,55.20883,4,2574,1,0,0,14500,Ravi Shankar,2026-07-01,active,0,365
891,Chiller Free Villa in Downtown Dubai,"Landlord maintained, no agency fees. Balcony with community view.",Villa,Downtown Dubai,25.17377,55.28569,6,2985,0,6,0,35500,Noor Abdullah,2026-01-16,active,0,891
58,"Upgraded 2BR Apartment in Palm Jumeirah, Motivated Seller",Pet friendly building. Recently renovated kitchen and bathrooms.,2BR Apartment,Palm Jumeirah,25.09444,55.16233,3,1221,0,8,11,14500,Hassan Ali,2026-07-11,active,0,58
1411,Best Deal! 1BR Apartment in Dubai Sports City,Built-in wardrobes throughout. Covered parking included.,1BR Apartment,Dubai Sports City,25.04477,55.21716,1,906,1,17,23,3250,Michael Costa,2026-05-28,active,0,1411
1157,Spacious Townhouse in Jumeirah Village Circle | Ready to Move,"Landlord maintained, no agency fees. Balcony with community view.",Townhouse,Jumeirah Village Circle,25.07417,55.20656,3,2051,0,15,0,11750,Ravi Shankar,2026-03-28,active,0,1157
506,Best Deal! Villa in Dubai Silicon Oasis,"Landlord maintained, no agency fees. Pet friendly building.",Villa,Dubai Silicon Oasis,25.11209,55.39457,6,4365,1,20,0,16500,Noor Abdullah,2026-06-14,active,0,506
23,Studio with Full Amenities - Jumeirah Lake Towers,Recently renovated kitchen and bathrooms. Shared pool and gym access.,Studio,Jumeirah Lake Towers,25.06158,55.15672,0,451,1,16,26,3750,Priya Nair,2026-03-08,active,0,23
1691,2BR Apartment with Full Amenities - Jumeirah Lake Towers,Built-in wardrobes throughout. Available for immediate move-in. Close to metro station and community mall. Pet friendly building.,2BR Apartment,Jumeirah Lake Towers,25.06076,55.15019,3,982,0,12,7,6750,Fatima Al-Suwaidi,2026-05-20,active,0,1691
408,Chiller Free 1BR Apartment in Arabian Ranches,"Landlord maintained, no agency fees. Balcony with community view. Covered parking included.",1BR Apartment,Arabian Ranches,25.06936,55.28548,2,664,1,22,31,4500,Ravi Shankar,2026-06-17,active,0,408
530,Exclusive 2BR Apartment in Discovery Gardens | High Floor,Available for immediate move-in. Close to metro station and community mall. Balcony with community view. Near international schools.,2BR Apartment,Discovery Gardens,25.02851,55.16777,3,1399,0,17,23,7750,Yusuf Karimi,2026-01-18,active,0,530
2365,Must See! 3BR Apartment Available in Arabian Ranches,Shared pool and gym access. Available for immediate move-in. Built-in wardrobes throughout. Recently renovated kitchen and bathrooms.,3BR Apartment,Arabian Ranches,25.064,55.28749,3,1626,0,4,5,10500,Omar Farouk,2026-02-12,active,0,2171
1615,Stunning Villa | Mirdif | Vacant Soon,Covered parking included. Shared pool and gym access.,Villa,Mirdif,25.19457,55.42283,5,2873,0,11,0,11250,Fatima Al-Suwaidi,2026-03-06,active,0,1615
1054,Villa for Rent in Dubai Sports City - Prime Location,"Recently renovated kitchen and bathrooms. Landlord maintained, no agency fees. Shared pool and gym access.",Villa,Dubai Sports City,25.03087,55.21137,6,3500,1,16,0,16500,Daniel Reyes,2026-06-25,active,0,1054
749,Exclusive 1BR Apartment in Discovery Gardens | High Floor,Shared pool and gym access. Pet friendly building. Balcony with community view.,1BR Apartment,Discovery Gardens,25.05716,55.12855,2,777,0,5,12,3250,Anjali Menon,2026-01-25,active,0,749
1714,Stunning 1BR Apartment | Downtown Dubai | Vacant Soon,Covered parking included. Shared pool and gym access. Available for immediate move-in. Built-in wardrobes throughout.,1BR Apartment,Downtown Dubai,25.20523,55.29038,1,720,0,6,37,8750,Sofia Marchetti,2026-01-08,active,0,1714
1141,1BR Apartment with Full Amenities - Jumeirah Lake Towers,Shared pool and gym access. Balcony with community view.,1BR Apartment,Jumeirah Lake Towers,25.08367,55.1237,2,672,0,8,22,6000,Priya Nair,2026-04-06,active,0,1141
2403,Must See! Villa Available in Mirdif,Covered parking included. Near international schools.,Villa,Mirdif,25.20695,55.42189,5,4086,0,17,0,17000,Anjali Menon,2026-05-02,active,0,688
1918,Chiller Free 1BR Apartment in Jumeirah Village Circle,Built-in wardrobes throughout. Covered parking included. Pet friendly building.,1BR Apartment,Jumeirah Village Circle,25.03801,55.23422,1,670,0,0,39,4000,Ravi Shankar,2026-05-21,active,0,1918
955,Stunning 3BR Apartment | Business Bay | Vacant Soon,Near international schools. Covered parking included. Recently renovated kitchen and bathrooms.,3BR Apartment,Business Bay,25.18849,55.27837,3,1627,0,20,29,13250,Daniel Reyes,2026-02-03,active,0,955
2556,Must See! 1BR Apartment Available in Arabian Ranches,"Landlord maintained, no agency fees. Available for immediate move-in. Covered parking included. Near international schools.",1BR Apartment,Arabian Ranches,25.05508,55.28111,1,810,1,10,1,5500,Ravi Shankar,2026-01-27,active,0,577
918,Spacious Studio in Al Furjan | Ready to Move,Built-in wardrobes throughout. Recently renovated kitchen and bathrooms. Near international schools. Balcony with community view.,Studio,Al Furjan,25.0271,55.17045,0,434,1,11,40,2500,Hassan Ali,2026-06-05,active,0,918
961,Exclusive Townhouse in Arabian Ranches | High Floor,Covered parking included. Close to metro station and community mall. Built-in wardrobes throughout.,Townhouse,Arabian Ranches,25.03925,55.25809,4,2115,1,3,0,15000,Priya Nair,2026-02-26,active,0,961
287,Spacious Studio in Downtown Dubai | Ready to Move,Balcony with community view. Built-in wardrobes throughout. Pet friendly building.,Studio,Downtown Dubai,25.20336,55.27142,0,448,0,10,37,4250,Daniel Reyes,2026-03-24,active,0,287
2230,"Hot Deal - Studio in Palm Jumeirah, Call Now",Shared pool and gym access. Pet friendly building. Near international schools. Covered parking included.,Studio,Palm Jumeirah,25.11345,55.1551,0,515,0,18,30,7500,Yusuf Karimi,2026-06-06,active,0,1055
1571,Chiller Free Studio in Dubai Silicon Oasis,Pet friendly building. Recently renovated kitchen and bathrooms. Built-in wardrobes throughout. Shared pool and gym access.,Studio,Dubai Silicon Oasis,25.11893,55.38548,0,472,1,19,17,2000,Sofia Marchetti,2026-04-21,active,0,1571
2095,3BR Apartment for Rent in Business Bay - Prime Location,Close to metro station and community mall. Available for immediate move-in.,3BR Apartment,Business Bay,25.18176,55.2421,4,1569,0,19,35,11250,Priya Nair,2026-06-13,active,0,2095
2046,Studio with Full Amenities - Business Bay,Shared pool and gym access. Near international schools.,Studio,Business Bay,25.17671,55.24861,0,480,0,21,21,3750,Anjali Menon,2026-02-18,active,0,2046
1799,Chiller Free Townhouse in Dubai Sports City,Balcony with community view. Shared pool and gym access. Built-in wardrobes throughout.,Townhouse,Dubai Sports City,25.02326,55.21654,4,2040,1,8,0,9500,Sofia Marchetti,2026-03-19,active,0,1799
83,Villa with Full Amenities - Mirdif,Covered parking included. Built-in wardrobes throughout. Pet friendly building.,Villa,Mirdif,25.21488,55.41019,5,3772,0,19,0,14500,Michael Costa,2026-05-17,active,0,83
2363,Palm Jumeirah Villa - Negotiable Price,Near international schools. Recently renovated kitchen and bathrooms.,Villa,Palm Jumeirah,25.09046,55.14901,5,5058,1,2,0,69500,Chen Wei,2026-03-05,active,0,1029
270,Studio for Rent in Al Furjan - Prime Location,Covered parking included. Pet friendly building. Shared pool and gym access. Built-in wardrobes throughout.,Studio,Al Furjan,25.04646,55.17051,0,411,0,22,16,1750,Yusuf Karimi,2026-02-20,active,0,270
2137,Exclusive Villa in Jumeirah Lake Towers | High Floor,Built-in wardrobes throughout. Close to metro station and community mall. Available for immediate move-in.,Villa,Jumeirah Lake Towers,25.07965,55.14653,4,4110,0,13,0,34000,Sofia Marchetti,2026-08-24,active,0,2137
282,"Upgraded Townhouse in Palm Jumeirah, Motivated Seller","Covered parking included. Landlord maintained, no agency fees. Near international schools. Shared pool and gym access.",Townhouse,Palm Jumeirah,25.10242,55.14252,3,2369,0,18,0,25750,Fatima Al-Suwaidi,2026-02-05,active,0,282
770,Exclusive Studio in Dubai Silicon Oasis | High Floor,Pet friendly building. Close to metro station and community mall.,Studio,Dubai Silicon Oasis,25.1331,55.3766,0,518,0,9,40,2250,Anjali Menon,2026-06-18,active,0,770
1624,Stunning Villa | Al Furjan | Vacant Soon,Built-in wardrobes throughout. Near international schools.,Villa,Al Furjan,25.02809,55.16984,4,4251,0,15,0,19500,Chen Wei,2026-04-08,active,0,1624
2113,Spacious Villa in Arabian Ranches | Ready to Move,Pet friendly building. Near international schools. Recently renovated kitchen and bathrooms.,Villa,Arabian Ranches,25.04219,55.29535,6,2916,0,4,0,18000,Anjali Menon,2026-07-23,active,0,2113
1981,Best Deal! 1BR Apartment in Arabian Ranches,Built-in wardrobes throughout. Near international schools. Available for immediate move-in. Shared pool and gym access.,1BR Apartment,Arabian Ranches,25.06867,55.26791,2,884,0,8,12,4750,Daniel Reyes,2026-07-04,active,0,1981
1255,Chiller Free Studio in Dubai Marina,"Near international schools. Landlord maintained, no agency fees. Recently renovated kitchen and bathrooms.",Studio,Dubai Marina,25.09393,55.12371,0,506,0,18,13,3500,Michael Costa,2026-05-24,active,0,1255
161,Exclusive 3BR Apartment in Dubai Silicon Oasis | High Floor,Available for immediate move-in. Balcony with community view. Pet friendly building.,3BR Apartment,Dubai Silicon Oasis,25.14612,55.39582,3,1515,1,20,39,5500,Hassan Ali,2026-04-10,active,0,161
902,Stunning 3BR Apartment | Downtown Dubai | Vacant Soon,Recently renovated kitchen and bathrooms. Close to metro station and community mall.,3BR Apartment,Downtown Dubai,25.18559,55.25175,3,2016,0,17,30,21500,Hassan Ali,2026-06-12,active,0,902
1352,Best Deal! Studio in Discovery Gardens,Near international schools. Recently renovated kitchen and bathrooms.,Studio,Discovery Gardens,25.0336,55.16903,0,414,0,2,22,2250,Michael Costa,2026-07-30,active,0,1352
480,Townhouse for Rent in Al Furjan - Prime Location,"Covered parking included. Shared pool and gym access. Landlord maintained, no agency fees.",Townhouse,Al Furjan,25.02939,55.1267,4,2455,0,16,0,11250,Grace Okafor,2026-06-07,active,0,480
2406,"Hot Deal - Townhouse in Jumeirah Lake Towers, Call Now",Covered parking included. Near international schools. Pet friendly building. Balcony with community view.,Townhouse,Jumeirah Lake Towers,25.06415,55.12466,3,2527,0,3,0,16500,Sofia Marchetti,2026-07-27,active,0,2193
2066,"Upgraded Villa in Dubai Marina, Motivated Seller",Balcony with community view. Near international schools.,Villa,Dubai Marina,25.098,55.14178,5,2823,0,20,0,22750,Anjali Menon,2026-04-29,active,0,2066
903,Chiller Free 2BR Apartment in Al Furjan,"Covered parking included. Available for immediate move-in. Landlord maintained, no agency fees.",2BR Apartment,Al Furjan,25.0173,55.16189,2,1377,0,17,34,7750,Priya Nair,2026-06-14,active,0,903
2497,"Hot Deal - 1BR Apartment in Jumeirah Lake Towers, Call Now",Shared pool and gym access. Close to metro station and community mall.,1BR Apartment,Jumeirah Lake Towers,25.07112,55.1282,1,778,0,4,19,5500,Michael Costa,2026-03-24,active,0,1514
279,"Upgraded Townhouse in Downtown Dubai, Motivated Seller","Pet friendly building. Shared pool and gym access. Recently renovated kitchen and bathrooms. Landlord maintained, no agency fees.",Townhouse,Downtown Dubai,25.21182,55.2769,4,2440,0,17,0,26500,Ravi Shankar,2026-06-13,active,0,279
1983,Spacious 2BR Apartment in Dubai Sports City | Ready to Move,Recently renovated kitchen and bathrooms. Close to metro station and community mall. Near international schools.,2BR Apartment,Dubai Sports City,25.0479,55.21324,2,1203,0,2,8,5750,Yusuf Karimi,2026-06-21,active,0,1983
1444,Spacious 2BR Apartment in Jumeirah Village Circle | Ready to Move,Shared pool and gym access. Built-in wardrobes throughout.,2BR Apartment,Jumeirah Village Circle,25.06053,55.22019,3,969,0,3,3,4250,Sofia Marchetti,2026-01-08,active,0,1444
2380,"Hot Deal - Villa in Dubai Silicon Oasis, Call Now",Covered parking included. Built-in wardrobes throughout. Close to metro station and community mall.,Villa,Dubai Silicon Oasis,25.10767,55.39474,6,3006,1,1,0,10500,Sofia Marchetti,2026-06-13,active,0,316
1851,3BR Apartment with Full Amenities - Discovery Gardens,"Recently renovated kitchen and bathrooms. Near international schools. Available for immediate move-in. Landlord maintained, no agency fees.",3BR Apartment,Discovery Gardens,25.01499,55.16035,3,1968,1,6,7,10000,Yusuf Karimi,2026-01-09,active,0,1851
2435,Mirdif Townhouse - Negotiable Price,"Landlord maintained, no agency fees. Balcony with community view. Near international schools.",Townhouse,Mirdif,25.23671,55.39997,3,2236,0,7,0,10500,Priya Nair,2026-03-16,active,0,888
1613,Chiller Free Studio in Jumeirah Lake Towers,Built-in wardrobes throughout. Recently renovated kitchen and bathrooms. Balcony with community view.,Studio,Jumeirah Lake Towers,25.09125,55.12476,0,489,1,6,12,3750,Priya Nair,2026-01-11,active,0,1613
1338,3BR Apartment with Full Amenities - Business Bay,Covered parking included. Recently renovated kitchen and bathrooms. Pet friendly building. Available for immediate move-in.,3BR Apartment,Business Bay,25.19719,55.2573,3,1431,0,11,36,10500,Yusuf Karimi,2026-08-03,active,0,1338
726,Chiller Free Studio in Mirdif,Pet friendly building. Near international schools.,Studio,Mirdif,25.21909,55.40199,0,440,1,10,1,2250,Anjali Menon,2026-05-28,active,0,726
329,Chiller Free 2BR Apartment in Jumeirah Lake Towers,Balcony with community view. Near international schools. Covered parking included.,2BR Apartment,Jumeirah Lake Towers,25.06855,55.15737,2,1017,0,8,17,6250,Noor Abdullah,2026-02-08,active,0,329
1070,1BR Apartment with Full Amenities - Jumeirah Lake Towers,Recently renovated kitchen and bathrooms. Built-in wardrobes throughout. Balcony with community view. Shared pool and gym access.,1BR Apartment,Jumeirah Lake Towers,25.06426,55.12453,2,690,1,9,24,4750,Elena Popescu,2026-06-08,active,0,1070
2232,"Hot Deal - Studio in Dubai Marina, Call Now","Built-in wardrobes throughout. Balcony with community view. Landlord maintained, no agency fees. Available for immediate move-in.",Studio,Dubai Marina,25.06759,55.11912,0,471,0,17,28,3500,Sofia Marchetti,2026-03-20,active,0,121
84,"Upgraded Townhouse in Palm Jumeirah, Motivated Seller","Recently renovated kitchen and bathrooms. Available for immediate move-in. Landlord maintained, no agency fees. Balcony with community view.",Townhouse,Palm Jumeirah,25.09159,55.12202,4,2228,0,6,0,31250,Yusuf Karimi,2026-06-14,active,0,84
1241,Best Deal! 3BR Apartment in Jumeirah Village Circle,"Recently renovated kitchen and bathrooms. Landlord maintained, no agency fees.",3BR Apartment,Jumeirah Village Circle,25.05019,55.19581,4,1634,1,18,38,8000,Layla Haddad,2026-03-11,active,0,1241
1751,"Upgraded Townhouse in Discovery Gardens, Motivated Seller",Close to metro station and community mall. Near international schools. Balcony with community view.,Townhouse,Discovery Gardens,25.05423,55.12149,3,2281,1,4,0,12750,Sofia Marchetti,2026-02-13,active,0,1751
1462,Villa with Full Amenities - Mirdif,Built-in wardrobes throughout. Pet friendly building.,Villa,Mirdif,25.23601,55.43062,6,4534,1,22,0,23250,Noor Abdullah,2026-07-08,active,0,1462
1566,3BR Apartment with Full Amenities - Dubai Sports City,"Landlord maintained, no agency fees. Recently renovated kitchen and bathrooms. Available for immediate move-in. Near international schools.",3BR Apartment,Dubai Sports City,25.05484,55.22833,4,1896,0,12,41,8750,Anjali Menon,2026-02-22,active,0,1566
1501,1BR Apartment with Full Amenities - Arabian Ranches,"Close to metro station and community mall. Landlord maintained, no agency fees. Near international schools. Built-in wardrobes throughout.",1BR Apartment,Arabian Ranches,25.0563,55.24821,2,737,1,7,13,4750,Daniel Reyes,2026-05-15,active,0,1501
2347,"Hot Deal - 1BR Apartment in Arabian Ranches, Call Now","Landlord maintained, no agency fees. Available for immediate move-in. Recently renovated kitchen and bathrooms. Covered parking included.",1BR Apartment,Arabian Ranches,25.03204,55.25634,1,691,1,22,7,4500,Omar Farouk,2026-03-28,active,0,1488
227,"Upgraded Villa in Palm Jumeirah, Motivated Seller",Recently renovated kitchen and bathrooms. Shared pool and gym access. Near international schools.,Villa,Palm Jumeirah,25.11441,55.12814,6,2836,1,11,0,37750,Noor Abdullah,2026-01-11,active,0,227
528,"Upgraded 2BR Apartment in Arabian Ranches, Motivated Seller",Near international schools. Covered parking included.,2BR Apartment,Arabian Ranches,25.05542,55.24976,2,1007,1,0,36,8250,Sofia Marchetti,2026-05-31,active,0,528
2413,Jumeirah Village Circle Studio - Negotiable Price,Available for immediate move-in. Recently renovated kitchen and bathrooms.,Studio,Jumeirah Village Circle,25.07192,55.2059,0,542,0,11,10,2500,Elena Popescu,2026-01-21,active,0,490
2206,Business Bay Studio - Negotiable Price,"Recently renovated kitchen and bathrooms. Close to metro station and community mall. Covered parking included. Landlord maintained, no agency fees.",Studio,Business Bay,25.20022,55.26663,0,379,1,5,19,3500,Elena Popescu,2026-05-30,active,0,222
900,"Upgraded 3BR Apartment in Al Furjan, Motivated Seller",Built-in wardrobes throughout. Available for immediate move-in.,3BR Apartment,Al Furjan,25.01215,55.1312,4,1441,0,14,2,6000,Daniel Reyes,2026-04-07,active,0,900
1810,"Upgraded Villa in Mirdif, Motivated Seller","Shared pool and gym access. Built-in wardrobes throughout. Available for immediate move-in. Landlord maintained, no agency fees.",Villa,Mirdif,25.19583,55.43035,4,4921,0,21,0,17750,Omar Farouk,2026-02-12,active,0,1810
1086,Townhouse for Rent in Jumeirah Lake Towers - Prime Location,"Landlord maintained, no agency fees. Built-in wardrobes throughout.",Townhouse,Jumeirah Lake Towers,25.0608,55.13098,3,1874,0,20,0,13500,Fatima Al-Suwaidi,2026-07-04,active,0,1086
2378,Dubai Sports City 1BR Apartment - Negotiable Price,Near international schools. Balcony with community view. Pet friendly building.,1BR Apartment,Dubai Sports City,25.03421,55.22306,1,928,0,0,21,5000,Michael Costa,2026-05-04,active,0,1136
1380,Best Deal! Villa in Business Bay,"Landlord maintained, no agency fees. Recently renovated kitchen and bathrooms.",Villa,Business Bay,25.1852,55.2755,6,5168,0,20,0,31000,Anjali Menon,2026-07-12,active,0,1380
246,Spacious 2BR Apartment in Jumeirah Village Circle | Ready to Move,Covered parking included. Built-in wardrobes throughout. Shared pool and gym access.,2BR Apartment,Jumeirah Village Circle,25.05061,55.19204,3,1256,0,13,17,5750,Sofia Marchetti,2026-01-31,active,0,246
1996,Exclusive 2BR Apartment in Arabian Ranches | High Floor,"Landlord maintained, no agency fees. Recently renovated kitchen and bathrooms.",2BR Apartment,Arabian Ranches,25.03319,55.24651,3,1360,1,14,38,8500,Noor Abdullah,2026-03-16,active,0,1996
145,2BR Apartment for Rent in Business Bay - Prime Location,Built-in wardrobes throughout. Recently renovated kitchen and bathrooms.,2BR Apartment,Business Bay,25.19606,55.24632,2,1109,1,6,34,9250,Layla Haddad,2026-03-18,active,0,145
1048,Best Deal! 3BR Apartment in Discovery Gardens,"Near international schools. Landlord maintained, no agency fees. Built-in wardrobes throughout. Shared pool and gym access.",3BR Apartment,Discovery Gardens,25.02605,55.11954,4,1888,1,22,16,10500,Noor Abdullah,2026-02-25,active,0,1048
2153,Villa with Full Amenities - Downtown Dubai,Pet friendly building. Balcony with community view. Shared pool and gym access. Available for immediate move-in.,Villa,Downtown Dubai,25.18928,55.29342,4,2852,1,0,0,32250,Priya Nair,2026-06-14,active,0,2153
1332,Spacious 2BR Apartment in Discovery Gardens | Ready to Move,Shared pool and gym access. Recently renovated kitchen and bathrooms. Pet friendly building. Near international schools.,2BR Apartment,Discovery Gardens,25.03904,55.16163,3,1324,1,19,35,5750,Noor Abdullah,2026-03-10,active,0,1332
360,1BR Apartment with Full Amenities - Dubai Sports City,Close to metro station and community mall. Shared pool and gym access.,1BR Apartment,Dubai Sports City,25.06685,55.23123,2,875,1,5,14,4000,Priya Nair,2026-05-19,active,0,360
2554,Must See! Villa Available in Dubai Marina,"Pet friendly building. Close to metro station and community mall. Landlord maintained, no agency fees.",Villa,Dubai Marina,25.06416,55.12341,5,3723,0,11,0,26500,Sofia Marchetti,2026-07-15,active,0,1112
660,Best Deal! 3BR Apartment in Palm Jumeirah,Built-in wardrobes throughout. Balcony with community view. Close to metro station and community mall.,3BR Apartment,Palm Jumeirah,25.09719,55.13205,3,2067,1,0,24,34250,Elena Popescu,2026-08-13,active,0,660
765,Best Deal! Studio in Mirdif,Shared pool and gym access. Close to metro station and community mall.,Studio,Mirdif,25.21994,55.43679,0,484,0,0,40,2500,Omar Farouk,2026-08-19,active,0,765
895,Spacious 3BR Apartment in Palm Jumeirah | Ready to Move,"Landlord maintained, no agency fees. Available for immediate move-in. Recently renovated kitchen and bathrooms. Pet friendly building.",3BR Apartment,Palm Jumeirah,25.11435,55.11818,3,1804,0,18,9,19500,Elena Popescu,2026-03-03,active,0,895
1482,2BR Apartment for Rent in Dubai Marina - Prime Location,Covered parking included. Close to metro station and community mall. Near international schools.,2BR Apartment,Dubai Marina,25.06921,55.11786,2,1020,0,21,29,8750,Ravi Shankar,2026-07-09,active,0,1482
1025,Spacious 3BR Apartment in Al Furjan | Ready to Move,Covered parking included. Available for immediate move-in. Shared pool and gym access. Near international schools.,3BR Apartment,Al Furjan,25.02617,55.16859,3,1961,1,17,10,9500,Grace Okafor,2026-04-28,active,0,1025
1005,"Upgraded 3BR Apartment in Jumeirah Lake Towers, Motivated Seller","Close to metro station and community mall. Landlord maintained, no agency fees.",3BR Apartment,Jumeirah Lake Towers,25.07904,55.15116,3,1790,0,20,12,13250,Daniel Reyes,2026-06-11,active,0,1005
400,Best Deal! Townhouse in Business Bay,"Near international schools. Landlord maintained, no agency fees.",Townhouse,Business Bay,25.19952,55.2572,4,1920,1,16,0,15000,Michael Costa,2026-01-31,active,0,400
777,Exclusive Studio in Mirdif | High Floor,Near international schools. Shared pool and gym access.,Studio,Mirdif,25.20858,55.43626,0,465,0,4,40,1750,Anjali Menon,2026-05-01,active,0,777
1240,Exclusive 3BR Apartment in Jumeirah Village Circle | High Floor,Shared pool and gym access. Recently renovated kitchen and bathrooms. Balcony with community view.,3BR Apartment,Jumeirah Village Circle,25.06756,55.22882,4,1781,1,12,9,11500,Noor Abdullah,2026-05-11,active,0,1240
314,Chiller Free Villa in Mirdif,"Recently renovated kitchen and bathrooms. Near international schools. Balcony with community view. Landlord maintained, no agency fees.",Villa,Mirdif,25.20548,55.39686,6,4079,1,9,0,20000,Daniel Reyes,2026-05-17,active,0,314
2418,Must See! 3BR Apartment Available in Dubai Marina,Pet friendly building. Recently renovated kitchen and bathrooms. Shared pool and gym access. Available for immediate move-in.,3BR Apartment,Dubai Marina,25.05774,55.14362,4,1560,0,8,23,14500,Yusuf Karimi,2026-02-05,active,0,1997
1210,1BR Apartment for Rent in Business Bay - Prime Location,Balcony with community view. Near international schools.,1BR Apartment,Business Bay,25.18955,55.27179,2,846,1,15,8,6750,Hassan Ali,2026-05-24,active,0,1210
695,Chiller Free 2BR Apartment in Palm Jumeirah,Near international schools. Balcony with community view. Available for immediate move-in. Recently renovated kitchen and bathrooms.,2BR Apartment,Palm Jumeirah,25.11777,55.15696,3,963,1,11,37,12250,Chen Wei,2026-05-02,active,0,695
222,"Upgraded Studio in Business Bay, Motivated Seller",Recently renovated kitchen and bathrooms. Available for immediate move-in. Covered parking included.,Studio,Business Bay,25.19932,55.26616,0,394,1,5,19,3500,Layla Haddad,2026-05-19,active,0,222
419,Chiller Free Villa in Jumeirah Lake Towers,Near international schools. Shared pool and gym access.,Villa,Jumeirah Lake Towers,25.09229,55.15905,6,3587,0,14,0,23750,Elena Popescu,2026-03-28,active,0,419
1998,Spacious 2BR Apartment in Business Bay | Ready to Move,"Covered parking included. Near international schools. Landlord maintained, no agency fees. Built-in wardrobes throughout.",2BR Apartment,Business Bay,25.19393,55.26353,3,1292,0,3,31,9500,Daniel Reyes,2026-02-03,active,0,1998
2268,Arabian Ranches 3BR Apartment - Negotiable Price,"Pet friendly building. Covered parking included. Landlord maintained, no agency fees. Shared pool and gym access.",3BR Apartment,Arabian Ranches,25.07016,55.24964,4,1779,0,3,36,13000,Sofia Marchetti,2026-01-22,active,0,1498
1256,"Upgraded 2BR Apartment in Jumeirah Lake Towers, Motivated Seller",Available for immediate move-in. Built-in wardrobes throughout. Covered parking included.,2BR Apartment,Jumeirah Lake Towers,25.06323,55.15545,3,1169,0,6,33,10000,Priya Nair,2026-01-03,active,0,1256
1886,Spacious 2BR Apartment in Jumeirah Lake Towers | Ready to Move,Built-in wardrobes throughout. Shared pool and gym access. Close to metro station and community mall.,2BR Apartment,Jumeirah Lake Towers,25.08654,55.15864,2,971,0,21,37,7250,Noor Abdullah,2026-02-17,active,0,1886
1730,1BR Apartment with Full Amenities - Mirdif,Balcony with community view. Close to metro station and community mall. Near international schools. Available for immediate move-in.,1BR Apartment,Mirdif,25.21202,55.40175,1,866,1,14,20,4000,Grace Okafor,2026-06-07,active,0,1730
635,"Upgraded 2BR Apartment in Jumeirah Lake Towers, Motivated Seller",Built-in wardrobes throughout. Near international schools.,2BR Apartment,Jumeirah Lake Towers,25.05258,55.13179,3,1146,1,5,10,7750,Ravi Shankar,2026-03-13,active,0,635
1259,Chiller Free 3BR Apartment in Mirdif,Built-in wardrobes throughout. Shared pool and gym access. Near international schools. Covered parking included.,3BR Apartment,Mirdif,25.23425,55.40267,4,1496,1,14,33,8500,Omar Farouk,2026-04-07,active,0,1259
1858,Chiller Free Villa in Mirdif,Near international schools. Pet friendly building. Balcony with community view. Covered parking included.,Villa,Mirdif,25.20487,55.43562,6,5006,1,18,0,24000,Priya Nair,2026-05-18,active,0,1858
730,Exclusive 1BR Apartment in Dubai Sports City | High Floor,Pet friendly building. Built-in wardrobes throughout. Balcony with community view.,1BR Apartment,Dubai Sports City,25.05638,55.2078,1,727,0,19,28,3500,Anjali Menon,2026-03-17,active,0,730
2138,"Upgraded 2BR Apartment in Discovery Gardens, Motivated Seller",Covered parking included. Shared pool and gym access. Close to metro station and community mall. Pet friendly building.,2BR Apartment,Discovery Gardens,25.04376,55.13364,2,1254,1,12,29,6750,Grace Okafor,2026-07-20,active,0,2138
457,Studio with Full Amenities - Palm Jumeirah,Balcony with community view. Built-in wardrobes throughout. Covered parking included. Recently renovated kitchen and bathrooms.,Studio,Palm Jumeirah,25.0972,55.1228,0,416,1,6,41,6000,Michael Costa,2026-02-14,active,0,457
1508,Exclusive 2BR Apartment in Discovery Gardens | High Floor,Near international schools. Close to metro station and community mall. Recently renovated kitchen and bathrooms.,2BR Apartment,Discovery Gardens,25.05938,55.12439,3,998,0,16,15,5250,Michael Costa,2026-07-07,active,0,1508
1708,Best Deal! 3BR Apartment in Dubai Marina,Shared pool and gym access. Built-in wardrobes throughout.,3BR Apartment,Dubai Marina,25.06199,55.14302,3,1920,0,12,38,15250,Layla Haddad,2026-03-14,active,0,1708
819,"Upgraded 3BR Apartment in Dubai Silicon Oasis, Motivated Seller",Near international schools. Pet friendly building. Recently renovated kitchen and bathrooms. Shared pool and gym access.,3BR Apartment,Dubai Silicon Oasis,25.13121,55.38641,3,1919,0,4,8,6500,Sofia Marchetti,2026-06-18,active,0,819
1446,1BR Apartment for Rent in Al Furjan - Prime Location,Balcony with community view. Shared pool and gym access. Available for immediate move-in.,1BR Apartment,Al Furjan,25.01664,55.16263,1,908,0,20,25,4750,Michael Costa,2026-08-13,active,0,1446
2512,2BR Apartment in Business Bay | Well Maintained,Built-in wardrobes throughout. Near international schools. Available for immediate move-in. Pet friendly building.,2BR Apartment,Business Bay,25.19735,55.27287,3,1138,0,1,36,8500,Elena Popescu,2026-05-08,active,0,964
2014,Villa for Rent in Palm Jumeirah - Prime Location,Close to metro station and community mall. Shared pool and gym access.,Villa,Palm Jumeirah,25.11968,55.16086,5,4518,0,22,0,58000,Fatima Al-Suwaidi,2026-04-25,active,0,2014
276,Best Deal! 2BR Apartment in Jumeirah Lake Towers,Pet friendly building. Covered parking included.,2BR Apartment,Jumeirah Lake Towers,25.04924,55.14595,3,1159,0,3,7,8500,Layla Haddad,2026-08-12,active,0,276
376,Chiller Free 3BR Apartment in Jumeirah Lake Towers,"Built-in wardrobes throughout. Balcony with community view. Close to metro station and community mall. Landlord maintained, no agency fees.",3BR Apartment,Jumeirah Lake Towers,25.06888,55.12266,4,2014,0,21,29,13000,Omar Farouk,2026-08-08,active,0,376
116,Chiller Free Villa in Palm Jumeirah,Pet friendly building. Built-in wardrobes throughout.,Villa,Palm Jumeirah,25.10819,55.14146,5,4073,0,20,0,56750,Priya Nair,2026-02-26,active,0,116
1689,Best Deal! Villa in Business Bay,Built-in wardrobes throughout. Covered parking included. Recently renovated kitchen and bathrooms.,Villa,Business Bay,25.21123,55.27648,4,4966,1,22,0,42500,Fatima Al-Suwaidi,2026-06-13,active,0,1689
1003,Studio with Full Amenities - Dubai Marina,"Shared pool and gym access. Near international schools. Landlord maintained, no agency fees.",Studio,Dubai Marina,25.07707,55.13582,0,386,0,20,37,3250,Layla Haddad,2026-02-15,active,0,1003
664,Exclusive Studio in Dubai Marina | High Floor,Close to metro station and community mall. Near international schools.,Studio,Dubai Marina,25.06919,55.13283,0,429,0,16,10,4000,Chen Wei,2026-02-20,active,0,664
388,Chiller Free Villa in Jumeirah Lake Towers,Covered parking included. Balcony with community view.,Villa,Jumeirah Lake Towers,25.08162,55.15568,5,4982,0,13,0,38750,Daniel Reyes,2026-02-21,active,0,388
937,Stunning Villa | Jumeirah Village Circle | Vacant Soon,"Landlord maintained, no agency fees. Shared pool and gym access. Pet friendly building.",Villa,Jumeirah Village Circle,25.07025,55.23204,6,3885,0,4,0,22000,Omar Farouk,2026-02-14,active,0,937
771,"Upgraded 1BR Apartment in Mirdif, Motivated Seller",Covered parking included. Balcony with community view. Pet friendly building.,1BR Apartment,Mirdif,25.20761,55.44275,1,789,0,21,37,3750,Anjali Menon,2026-02-08,active,0,771
210,Spacious 3BR Apartment in Jumeirah Lake Towers | Ready to Move,"Balcony with community view. Landlord maintained, no agency fees.",3BR Apartment,Jumeirah Lake Towers,25.06073,55.16213,4,1451,1,5,3,12250,Grace Okafor,2026-08-06,active,0,210
1534,Exclusive Villa in Downtown Dubai | High Floor,Available for immediate move-in. Shared pool and gym access.,Villa,Downtown Dubai,25.19776,55.28285,5,4634,0,8,0,49000,Yusuf Karimi,2026-05-01,active,0,1534
1316,"Upgraded Studio in Dubai Sports City, Motivated Seller","Landlord maintained, no agency fees. Recently renovated kitchen and bathrooms. Covered parking included.",Studio,Dubai Sports City,25.04786,55.20386,0,503,1,10,6,2000,Yusuf Karimi,2026-08-26,active,0,1316
585,Best Deal! Villa in Jumeirah Lake Towers,Covered parking included. Recently renovated kitchen and bathrooms. Near international schools.,Villa,Jumeirah Lake Towers,25.06545,55.15171,6,4659,0,16,0,29250,Yusuf Karimi,2026-04-09,active,0,585
830,Best Deal! Studio in Arabian Ranches,"Landlord maintained, no agency fees. Close to metro station and community mall.",Studio,Arabian Ranches,25.02669,55.26228,0,390,0,8,7,2750,Anjali Menon,2026-06-25,active,0,830
1865,Best Deal! 2BR Apartment in Jumeirah Village Circle,Near international schools. Pet friendly building. Balcony with community view.,2BR Apartment,Jumeirah Village Circle,25.07041,55.19738,2,1393,1,3,5,6500,Priya Nair,2026-03-14,active,0,1865
2373,Must See! 1BR Apartment Available in Dubai Marina,Balcony with community view. Pet friendly building. Recently renovated kitchen and bathrooms.,1BR Apartment,Dubai Marina,25.08403,55.1599,2,749,1,9,12,7000,Fatima Al-Suwaidi,2026-07-17,active,0,1102
1891,Stunning 2BR Apartment | Mirdif | Vacant Soon,Near international schools. Balcony with community view. Built-in wardrobes throughout.,2BR Apartment,Mirdif,25.2352,55.40102,3,1071,0,3,24,5750,Grace Okafor,2026-02-18,active,0,1891
73,Spacious 3BR Apartment in Discovery Gardens | Ready to Move,Recently renovated kitchen and bathrooms. Built-in wardrobes throughout. Shared pool and gym access.,3BR Apartment,Discovery Gardens,25.04347,55.15487,4,1579,1,17,15,7750,Anjali Menon,2026-01-11,active,0,73
2370,Palm Jumeirah Townhouse - Negotiable Price,Pet friendly building. Available for immediate move-in. Close to metro station and community mall. Near international schools.,Townhouse,Palm Jumeirah,25.08884,55.13581,3,2042,0,6,0,31500,Anjali Menon,2026-08-21,active,0,654
1343,Exclusive 3BR Apartment in Business Bay | High Floor,Balcony with community view. Covered parking included.,3BR Apartment,Business Bay,25.19188,55.27216,3,1963,1,8,36,17000,Yusuf Karimi,2026-06-25,active,0,1343
196,Best Deal! Villa in Discovery Gardens,Covered parking included. Near international schools. Shared pool and gym access. Available for immediate move-in.,Villa,Discovery Gardens,25.0158,55.15842,6,3170,1,12,0,13000,Noor Abdullah,2026-02-26,active,0,196
1278,"Upgraded 3BR Apartment in Downtown Dubai, Motivated Seller","Shared pool and gym access. Landlord maintained, no agency fees. Balcony with community view.",3BR Apartment,Downtown Dubai,25.22215,55.29744,3,1678,0,16,35,16000,Michael Costa,2026-05-08,active,0,1278
738,Villa with Full Amenities - Mirdif,Close to metro station and community mall. Pet friendly building. Near international schools.,Villa,Mirdif,25.20973,55.43025,5,4568,0,0,0,19500,Omar Farouk,2026-03-26,active,0,738
2292,Brand New Listing: 2BR Apartment in Dubai Sports City,"Landlord maintained, no agency fees. Shared pool and gym access. Available for immediate move-in.",2BR Apartment,Dubai Sports City,25.04329,55.2067,3,975,1,12,13,5000,Hassan Ali,2026-01-08,active,0,1292
923,"Upgraded Townhouse in Discovery Gardens, Motivated Seller",Balcony with community view. Shared pool and gym access. Near international schools. Close to metro station and community mall.,Townhouse,Discovery Gardens,25.05398,55.13852,4,2424,0,0,0,12000,Grace Okafor,2026-06-01,active,0,923
165,Spacious Studio in Discovery Gardens | Ready to Move,"Landlord maintained, no agency fees. Balcony with community view. Built-in wardrobes throughout.",Studio,Discovery Gardens,25.02267,55.15807,0,387,1,13,18,2000,Daniel Reyes,2026-05-11,active,0,165
803,"Upgraded Studio in Jumeirah Lake Towers, Motivated Seller",Near international schools. Shared pool and gym access.,Studio,Jumeirah Lake Towers,25.07698,55.13227,0,457,0,18,11,2750,Elena Popescu,2026-07-09,active,0,803
491,Villa for Rent in Al Furjan - Prime Location,"Landlord maintained, no agency fees. Covered parking included. Balcony with community view.",Villa,Al Furjan,25.00845,55.1612,4,3981,0,5,0,17500,Priya Nair,2026-05-05,active,0,491
1209,Villa for Rent in Palm Jumeirah - Prime Location,Close to metro station and community mall. Available for immediate move-in. Recently renovated kitchen and bathrooms.,Villa,Palm Jumeirah,25.12636,55.1375,4,2814,0,14,0,36250,Anjali Menon,2026-01-29,active,0,1209
1481,Studio for Rent in Dubai Sports City - Prime Location,"Pet friendly building. Covered parking included. Landlord maintained, no agency fees.",Studio,Dubai Sports City,25.04206,55.217,0,393,0,15,15,1750,Ravi Shankar,2026-04-12,active,0,1481
1803,Spacious Villa in Al Furjan | Ready to Move,"Built-in wardrobes throughout. Covered parking included. Shared pool and gym access. Landlord maintained, no agency fees.",Villa,Al Furjan,25.04461,55.14411,4,4760,1,4,0,24250,Layla Haddad,2026-06-01,active,0,1803
1292,"Upgraded 2BR Apartment in Dubai Sports City, Motivated Seller","Recently renovated kitchen and bathrooms. Landlord maintained, no agency fees. Built-in wardrobes throughout. Shared pool and gym access.",2BR Apartment,Dubai Sports City,25.04289,55.20636,3,990,1,12,13,5000,Daniel Reyes,2026-01-01,active,0,1292
756,Townhouse with Full Amenities - Jumeirah Lake Towers,Covered parking included. Built-in wardrobes throughout. Close to metro station and community mall.,Townhouse,Jumeirah Lake Towers,25.08549,55.15161,4,2565,0,17,0,15500,Layla Haddad,2026-01-08,active,0,756
1892,Spacious 2BR Apartment in Business Bay | Ready to Move,Close to metro station and community mall. Available for immediate move-in.,2BR Apartment,Business Bay,25.1684,55.25926,3,1136,0,21,27,8500,Daniel Reyes,2026-08-20,active,0,1892
1320,Spacious 2BR Apartment in Dubai Silicon Oasis | Ready to Move,Shared pool and gym access. Covered parking included.,2BR Apartment,Dubai Silicon Oasis,25.13864,55.39042,3,1209,1,14,27,4750,Hassan Ali,2026-01-04,active,0,1320
885,Exclusive 1BR Apartment in Jumeirah Lake Towers | High Floor,Built-in wardrobes throughout. Close to metro station and community mall. Pet friendly building. Recently renovated kitchen and bathrooms.,1BR Apartment,Jumeirah Lake Towers,25.05367,55.15403,2,934,0,18,34,7500,Daniel Reyes,2026-01-06,active,0,885
2472,Brand New Listing: Townhouse in Jumeirah Village Circle,Recently renovated kitchen and bathrooms. Near international schools. Covered parking included. Close to metro station and community mall.,Townhouse,Jumeirah Village Circle,25.0368,55.22805,4,1880,1,16,0,9000,Priya Nair,2026-04-04,active,0,611
1388,Chiller Free Studio in Dubai Silicon Oasis,Close to metro station and community mall. Balcony with community view. Recently renovated kitchen and bathrooms. Available for immediate move-in.,Studio,Dubai Silicon Oasis,25.103,55.36393,0,432,0,22,7,1500,Fatima Al-Suwaidi,2026-02-04,active,0,1388
1104,Exclusive 1BR Apartment in Jumeirah Lake Towers | High Floor,Built-in wardrobes throughout. Balcony with community view. Pet friendly building.,1BR Apartment,Jumeirah Lake Towers,25.08188,55.15389,1,813,1,7,35,7250,Fatima Al-Suwaidi,2026-06-06,active,0,1104
1702,"Upgraded Townhouse in Downtown Dubai, Motivated Seller","Available for immediate move-in. Landlord maintained, no agency fees. Shared pool and gym access. Near international schools.",Townhouse,Downtown Dubai,25.2048,55.2767,4,2493,0,17,0,29000,Sofia Marchetti,2026-02-07,active,0,1702
994,Stunning 3BR Apartment | Dubai Sports City | Vacant Soon,Built-in wardrobes throughout. Recently renovated kitchen and bathrooms. Shared pool and gym access. Available for immediate move-in.,3BR Apartment,Dubai Sports City,25.02829,55.23947,3,1792,0,8,40,7750,Layla Haddad,2026-04-24,active,0,994
1287,3BR Apartment with Full Amenities - Dubai Sports City,Near international schools. Covered parking included.,3BR Apartment,Dubai Sports City,25.06007,55.20817,4,1818,1,16,28,9000,Grace Okafor,2026-06-14,active,0,1287
2050,1BR Apartment with Full Amenities - Dubai Silicon Oasis,Built-in wardrobes throughout. Shared pool and gym access. Near international schools.,1BR Apartment,Dubai Silicon Oasis,25.14531,55.39586,2,933,0,14,42,3250,Priya Nair,2026-02-26,active,0,2050
940,Stunning Villa | Dubai Marina | Vacant Soon,"Landlord maintained, no agency fees. Pet friendly building.",Villa,Dubai Marina,25.06925,55.15431,6,4607,1,5,0,39000,Grace Okafor,2026-05-19,active,0,940
2236,Must See! 1BR Apartment Available in Downtown Dubai,"Landlord maintained, no agency fees. Built-in wardrobes throughout. Shared pool and gym access. Covered parking included.",1BR Apartment,Downtown Dubai,25.18013,55.26321,1,703,0,18,41,8500,Michael Costa,2026-04-02,active,0,554
2445,3BR Apartment in Dubai Sports City | Well Maintained,"Landlord maintained, no agency fees. Recently renovated kitchen and bathrooms. Close to metro station and community mall.",3BR Apartment,Dubai Sports City,25.06967,55.23816,4,1751,0,1,3,6500,Noor Abdullah,2026-08-25,active,0,156
1395,Studio for Rent in Jumeirah Lake Towers - Prime Location,Close to metro station and community mall. Shared pool and gym access.,Studio,Jumeirah Lake Towers,25.06476,55.14738,0,436,1,12,33,3750,Yusuf Karimi,2026-05-12,active,0,1395
1550,Studio for Rent in Dubai Marina - Prime Location,"Landlord maintained, no agency fees. Built-in wardrobes throughout.",Studio,Dubai Marina,25.05992,55.13203,0,545,0,8,36,4750,Yusuf Karimi,2026-05-23,active,0,1550
594,"Upgraded 1BR Apartment in Jumeirah Lake Towers, Motivated Seller",Recently renovated kitchen and bathrooms. Close to metro station and community mall. Pet friendly building.,1BR Apartment,Jumeirah Lake Towers,25.09066,55.12476,1,671,0,22,22,5500,Grace Okafor,2026-07-22,active,0,594
2446,Brand New Listing: Townhouse in Jumeirah Lake Towers,Near international schools. Recently renovated kitchen and bathrooms.,Townhouse,Jumeirah Lake Towers,25.08598,55.15158,4,2550,0,17,0,15500,Chen Wei,2026-01-22,active,0,756
1590,Studio with Full Amenities - Discovery Gardens,Available for immediate move-in. Shared pool and gym access.,Studio,Discovery Gardens,25.0555,55.13052,0,542,0,3,32,2500,Layla Haddad,2026-05-24,active,0,1590
2029,Studio with Full Amenities - Discovery Gardens,Close to metro station and community mall. Shared pool and gym access.,Studio,Discovery Gardens,25.05482,55.12638,0,486,0,5,39,2750,Grace Okafor,2026-04-21,active,0,2029
1129,Chiller Free 1BR Apartment in Downtown Dubai,Close to metro station and community mall. Shared pool and gym access. Pet friendly building.,1BR Apartment,Downtown Dubai,25.19685,55.25415,1,728,1,17,33,8500,Omar Farouk,2026-08-08,active,0,1129
882,Studio with Full Amenities - Jumeirah Lake Towers,Balcony with community view. Shared pool and gym access. Close to metro station and community mall.,Studio,Jumeirah Lake Towers,25.06796,55.15553,0,490,0,1,4,4000,Priya Nair,2026-03-15,active,0,882
424,Best Deal! 3BR Apartment in Dubai Silicon Oasis,Available for immediate move-in. Shared pool and gym access.,3BR Apartment,Dubai Silicon Oasis,25.13776,55.3642,4,1406,1,15,22,5250,Noor Abdullah,2026-06-11,active,0,424
1533,Exclusive Studio in Jumeirah Village Circle | High Floor,"Recently renovated kitchen and bathrooms. Landlord maintained, no agency fees. Available for immediate move-in.",Studio,Jumeirah Village Circle,25.06664,55.20021,0,395,0,9,38,2500,Chen Wei,2026-06-03,active,0,1533
1144,Stunning Studio | Dubai Silicon Oasis | Vacant Soon,Balcony with community view. Recently renovated kitchen and bathrooms. Available for immediate move-in. Built-in wardrobes throughout.,Studio,Dubai Silicon Oasis,25.13736,55.36914,0,415,1,11,14,1500,Anjali Menon,2026-03-05,active,0,1144
2273,"Hot Deal - 2BR Apartment in Dubai Sports City, Call Now",Built-in wardrobes throughout. Covered parking included. Pet friendly building.,2BR Apartment,Dubai Sports City,25.06788,55.19769,2,1096,1,15,42,5000,Ravi Shankar,2026-05-13,active,0,1364
1103,Villa for Rent in Discovery Gardens - Prime Location,"Pet friendly building. Landlord maintained, no agency fees. Near international schools. Close to metro station and community mall.",Villa,Discovery Gardens,25.03809,55.12882,4,3376,0,8,0,15000,Grace Okafor,2026-08-15,active,0,1103
564,Exclusive 2BR Apartment in Palm Jumeirah | High Floor,Near international schools. Recently renovated kitchen and bathrooms. Available for immediate move-in. Shared pool and gym access.,2BR Apartment,Palm Jumeirah,25.12926,55.11848,2,1008,0,14,28,12000,Hassan Ali,2026-03-14,active,0,564
2077,Exclusive Studio in Dubai Silicon Oasis | High Floor,Recently renovated kitchen and bathrooms. Balcony with community view.,Studio,Dubai Silicon Oasis,25.14311,55.39657,0,402,0,21,26,1500,Elena Popescu,2026-04-22,active,0,2077
2111,3BR Apartment with Full Amenities - Arabian Ranches,Built-in wardrobes throughout. Recently renovated kitchen and bathrooms.,3BR Apartment,Arabian Ranches,25.03159,55.24793,4,1786,1,11,20,12000,Daniel Reyes,2026-06-07,active,0,2111
2401,Must See! 3BR Apartment Available in Al Furjan,Near international schools. Close to metro station and community mall. Built-in wardrobes throughout.,3BR Apartment,Al Furjan,25.00383,55.13204,4,1595,1,9,40,7500,Grace Okafor,2026-04-10,active,0,2163
2133,"Upgraded 1BR Apartment in Mirdif, Motivated Seller",Covered parking included. Close to metro station and community mall.,1BR Apartment,Mirdif,25.21026,55.42117,1,729,0,10,9,3750,Omar Farouk,2026-08-01,active,0,2133
1146,"Upgraded Villa in Business Bay, Motivated Seller",Available for immediate move-in. Close to metro station and community mall.,Villa,Business Bay,25.18036,55.26806,5,4080,1,3,0,37750,Layla Haddad,2026-01-18,active,0,1146
1781,2BR Apartment with Full Amenities - Arabian Ranches,"Pet friendly building. Landlord maintained, no agency fees.",2BR Apartment,Arabian Ranches,25.03068,55.25875,2,1123,0,8,25,8250,Anjali Menon,2026-03-05,active,0,1781
569,Spacious Studio in Jumeirah Village Circle | Ready to Move,Balcony with community view. Pet friendly building. Built-in wardrobes throughout. Recently renovated kitchen and bathrooms.,Studio,Jumeirah Village Circle,25.04449,55.2292,0,386,0,20,38,1750,Anjali Menon,2026-05-27,active,0,569
327,Chiller Free Villa in Mirdif,Pet friendly building. Built-in wardrobes throughout. Shared pool and gym access. Balcony with community view.,Villa,Mirdif,25.23983,55.43601,5,5008,0,9,0,23000,Yusuf Karimi,2026-01-03,active,0,327
2215,"Hot Deal - Studio in Dubai Marina, Call Now",Close to metro station and community mall. Shared pool and gym access. Covered parking included.,Studio,Dubai Marina,25.08466,55.12934,0,487,1,15,37,4500,Michael Costa,2026-02-27,active,0,1786
2552,"Hot Deal - 2BR Apartment in Mirdif, Call Now","Landlord maintained, no agency fees. Built-in wardrobes throughout.",2BR Apartment,Mirdif,25.21776,55.43596,3,1350,1,5,6,6500,Priya Nair,2026-05-16,active,0,899
2002,Stunning Studio | Jumeirah Village Circle | Vacant Soon,"Landlord maintained, no agency fees. Balcony with community view. Close to metro station and community mall. Covered parking included.",Studio,Jumeirah Village Circle,25.07125,55.1989,0,421,0,7,33,1750,Chen Wei,2026-02-04,active,0,2002
1080,Spacious 2BR Apartment in Downtown Dubai | Ready to Move,Balcony with community view. Shared pool and gym access. Pet friendly building. Available for immediate move-in.,2BR Apartment,Downtown Dubai,25.22018,55.28762,2,1065,1,13,28,10750,Yusuf Karimi,2026-05-22,active,0,1080
1059,Villa for Rent in Jumeirah Lake Towers - Prime Location,Built-in wardrobes throughout. Covered parking included.,Villa,Jumeirah Lake Towers,25.04637,55.15624,4,3411,1,4,0,23750,Elena Popescu,2026-06-28,active,0,1059
986,Spacious Villa in Downtown Dubai | Ready to Move,Near international schools. Balcony with community view.,Villa,Downtown Dubai,25.21637,55.29181,6,4911,0,19,0,44500,Yusuf Karimi,2026-06-06,active,0,986
1890,Chiller Free Studio in Discovery Gardens,"Pet friendly building. Covered parking included. Balcony with community view. Landlord maintained, no agency fees.",Studio,Discovery Gardens,25.05635,55.13588,0,525,1,1,23,2500,Hassan Ali,2026-07-13,active,0,1890
1968,Stunning 1BR Apartment | Business Bay | Vacant Soon,Available for immediate move-in. Recently renovated kitchen and bathrooms.,1BR Apartment,Business Bay,25.1692,55.24211,1,783,1,22,32,6750,Michael Costa,2026-07-01,active,0,1968
1238,Stunning 1BR Apartment | Jumeirah Village Circle | Vacant Soon,Recently renovated kitchen and bathrooms. Balcony with community view.,1BR Apartment,Jumeirah Village Circle,25.04464,55.20912,1,787,0,2,11,4750,Daniel Reyes,2026-04-11,active,0,1238
1249,Best Deal! Townhouse in Dubai Marina,"Recently renovated kitchen and bathrooms. Close to metro station and community mall. Landlord maintained, no agency fees. Near international schools.",Townhouse,Dubai Marina,25.06648,55.13384,3,2169,0,5,0,16250,Chen Wei,2026-01-05,active,0,1249
993,Exclusive 1BR Apartment in Downtown Dubai | High Floor,Near international schools. Close to metro station and community mall.,1BR Apartment,Downtown Dubai,25.21644,55.29571,2,899,1,22,36,10250,Grace Okafor,2026-05-29,active,0,993
816,Villa with Full Amenities - Palm Jumeirah,"Built-in wardrobes throughout. Shared pool and gym access. Recently renovated kitchen and bathrooms. Landlord maintained, no agency fees.",Villa,Palm Jumeirah,25.09514,55.15587,4,2999,1,3,0,43500,Layla Haddad,2026-02-11,active,0,816
1529,Spacious Villa in Palm Jumeirah | Ready to Move,Pet friendly building. Shared pool and gym access.,Villa,Palm Jumeirah,25.11069,55.14188,5,4169,1,11,0,61000,Hassan Ali,2026-07-31,active,0,1529
1399,Spacious 2BR Apartment in Al Furjan | Ready to Move,Available for immediate move-in. Close to metro station and community mall.,2BR Apartment,Al Furjan,25.04097,55.12489,3,1010,0,21,24,5500,Michael Costa,2026-05-15,active,0,1399
1846,Exclusive 3BR Apartment in Downtown Dubai | High Floor,Near international schools. Balcony with community view.,3BR Apartment,Downtown Dubai,25.22087,55.26659,4,2037,0,21,34,18000,Ravi Shankar,2026-06-24,active,0,1846
399,Stunning 3BR Apartment | Al Furjan | Vacant Soon,"Shared pool and gym access. Landlord maintained, no agency fees.",3BR Apartment,Al Furjan,25.02842,55.13116,4,1984,1,0,36,12000,Hassan Ali,2026-06-29,active,0,399
1013,Best Deal! Townhouse in Jumeirah Village Circle,"Available for immediate move-in. Landlord maintained, no agency fees. Balcony with community view.",Townhouse,Jumeirah Village Circle,25.04584,55.22899,4,2196,0,1,0,10500,Ravi Shankar,2026-04-09,active,0,1013
1166,Spacious 3BR Apartment in Jumeirah Lake Towers | Ready to Move,Pet friendly building. Shared pool and gym access. Near international schools.,3BR Apartment,Jumeirah Lake Towers,25.07906,55.16043,3,1518,0,18,15,10750,Grace Okafor,2026-05-28,active,0,1166
1869,Exclusive Studio in Jumeirah Village Circle | High Floor,"Landlord maintained, no agency fees. Shared pool and gym access.",Studio,Jumeirah Village Circle,25.0579,55.20462,0,465,1,19,7,2500,Hassan Ali,2026-08-03,active,0,1869
938,Spacious Townhouse in Dubai Sports City | Ready to Move,Balcony with community view. Close to metro station and community mall.,Townhouse,Dubai Sports City,25.06284,55.23272,3,2591,0,7,0,10750,Hassan Ali,2026-05-20,active,0,938
2457,Al Furjan 3BR Apartment - Negotiable Price,Recently renovated kitchen and bathrooms. Built-in wardrobes throughout.,3BR Apartment,Al Furjan,25.04837,55.13354,4,1865,0,12,22,10500,Layla Haddad,2026-05-25,active,0,91
46,Chiller Free 3BR Apartment in Dubai Sports City,Shared pool and gym access. Available for immediate move-in. Close to metro station and community mall.,3BR Apartment,Dubai Sports City,25.04304,55.20853,4,2050,0,2,31,9250,Anjali Menon,2026-03-26,active,0,46
2049,Chiller Free Studio in Downtown Dubai,Built-in wardrobes throughout. Near international schools. Shared pool and gym access.,Studio,Downtown Dubai,25.19068,55.27006,0,383,1,1,4,4750,Noor Abdullah,2026-04-19,active,0,2049
580,Villa for Rent in Arabian Ranches - Prime Location,Built-in wardrobes throughout. Pet friendly building. Close to metro station and community mall. Covered parking included.,Villa,Arabian Ranches,25.04112,55.2946,5,2866,1,3,0,22000,Anjali Menon,2026-03-30,active,0,580
1245,Stunning 2BR Apartment | Al Furjan | Vacant Soon,Shared pool and gym access. Pet friendly building. Balcony with community view.,2BR Apartment,Al Furjan,25.01863,55.1323,3,979,0,10,41,5000,Chen Wei,2026-08-01,active,0,1245
1975,Stunning Villa | Business Bay | Vacant Soon,Recently renovated kitchen and bathrooms. Pet friendly building. Shared pool and gym access. Available for immediate move-in.,Villa,Business Bay,25.20126,55.27364,6,3323,0,19,0,28000,Yusuf Karimi,2026-06-27,active,0,1975
752,Stunning Villa | Jumeirah Village Circle | Vacant Soon,"Close to metro station and community mall. Landlord maintained, no agency fees. Recently renovated kitchen and bathrooms.",Villa,Jumeirah Village Circle,25.07286,55.19988,5,3433,0,18,0,15000,Priya Nair,2026-07-17,active,0,752
610,Chiller Free Townhouse in Dubai Sports City,"Built-in wardrobes throughout. Landlord maintained, no agency fees. Balcony with community view. Shared pool and gym access.",Townhouse,Dubai Sports City,25.02366,55.21418,4,1873,1,21,0,8500,Michael Costa,2026-08-02,active,0,610
2483,"Hot Deal - 2BR Apartment in Downtown Dubai, Call Now",Built-in wardrobes throughout. Available for immediate move-in. Near international schools.,2BR Apartment,Downtown Dubai,25.22021,55.2886,2,1065,1,13,28,10000,Elena Popescu,2026-05-24,active,0,1080
898,Spacious Villa in Jumeirah Village Circle | Ready to Move,Balcony with community view. Built-in wardrobes throughout. Available for immediate move-in. Covered parking included.,Villa,Jumeirah Village Circle,25.06611,55.22403,6,3579,0,3,0,18250,Grace Okafor,2026-01-15,active,0,898
1608,Spacious 2BR Apartment in Downtown Dubai | Ready to Move,Shared pool and gym access. Near international schools.,2BR Apartment,Downtown Dubai,25.18489,55.29369,3,1174,0,12,21,13500,Yusuf Karimi,2026-03-04,active,0,1608
1520,2BR Apartment with Full Amenities - Discovery Gardens,"Landlord maintained, no agency fees. Balcony with community view. Covered parking included.",2BR Apartment,Discovery Gardens,25.029,55.12977,3,950,0,2,35,5000,Noor Abdullah,2026-05-06,active,0,1520
1594,Exclusive Studio in Business Bay | High Floor,"Balcony with community view. Landlord maintained, no agency fees.",Studio,Business Bay,25.16785,55.26667,0,465,0,2,39,3500,Priya Nair,2026-03-29,active,0,1594
975,2BR Apartment for Rent in Arabian Ranches - Prime Location,"Landlord maintained, no agency fees. Built-in wardrobes throughout.",2BR Apartment,Arabian Ranches,25.0716,55.26568,3,1083,0,5,41,7750,Layla Haddad,2026-03-05,active,0,975
2426,Al Furjan 3BR Apartment - Negotiable Price,Built-in wardrobes throughout. Near international schools.,3BR Apartment,Al Furjan,25.01348,55.13764,4,1883,1,17,10,10000,Layla Haddad,2026-03-27,active,0,49
2561,1BR Apartment in Al Furjan | Well Maintained,Built-in wardrobes throughout. Available for immediate move-in. Pet friendly building. Close to metro station and community mall.,1BR Apartment,Al Furjan,25.01718,55.16233,1,908,0,20,25,5000,Anjali Menon,2026-08-24,active,0,1446
584,Best Deal! Townhouse in Arabian Ranches,Shared pool and gym access. Covered parking included. Pet friendly building.,Townhouse,Arabian Ranches,25.03143,55.25583,4,2048,0,6,0,14250,Layla Haddad,2026-02-24,active,0,584
500,Stunning 2BR Apartment | Al Furjan | Vacant Soon,Covered parking included. Pet friendly building. Available for immediate move-in.,2BR Apartment,Al Furjan,25.00577,55.13787,2,1344,1,21,9,7000,Daniel Reyes,2026-04-28,active,0,500
278,Villa for Rent in Arabian Ranches - Prime Location,Covered parking included. Available for immediate move-in.,Villa,Arabian Ranches,25.04547,55.25506,6,3038,0,8,0,19750,Michael Costa,2026-01-20,active,0,278
2224,Brand New Listing: Townhouse in Discovery Gardens,Pet friendly building. Balcony with community view. Near international schools. Recently renovated kitchen and bathrooms.,Townhouse,Discovery Gardens,25.05082,55.14413,3,2336,0,16,0,9500,Grace Okafor,2026-02-05,active,0,757
1183,Townhouse for Rent in Palm Jumeirah - Prime Location,Close to metro station and community mall. Pet friendly building. Near international schools. Available for immediate move-in.,Townhouse,Palm Jumeirah,25.12972,55.12053,4,2075,1,8,0,24000,Ravi Shankar,2026-01-23,active,0,1183
698,Best Deal! 1BR Apartment in Mirdif,"Covered parking included. Built-in wardrobes throughout. Close to metro station and community mall. Landlord maintained, no agency fees.",1BR Apartment,Mirdif,25.22312,55.4437,1,832,0,18,41,4250,Elena Popescu,2026-05-15,active,0,698
959,Stunning 3BR Apartment | Discovery Gardens | Vacant Soon,Built-in wardrobes throughout. Balcony with community view.,3BR Apartment,Discovery Gardens,25.02343,55.14823,3,1523,0,5,5,7500,Elena Popescu,2026-02-25,active,0,959
1328,Exclusive 3BR Apartment in Al Furjan | High Floor,"Built-in wardrobes throughout. Landlord maintained, no agency fees. Pet friendly building.",3BR Apartment,Al Furjan,25.016,55.17326,3,1535,1,13,21,7750,Yusuf Karimi,2026-03-26,active,0,1328
1216,1BR Apartment with Full Amenities - Arabian Ranches,Pet friendly building. Available for immediate move-in.,1BR Apartment,Arabian Ranches,25.06721,55.27466,2,808,0,2,1,5000,Anjali Menon,2026-05-08,active,0,1216
2421,Brand New Listing: 2BR Apartment in Palm Jumeirah,Recently renovated kitchen and bathrooms. Close to metro station and community mall. Built-in wardrobes throughout. Shared pool and gym access.,2BR Apartment,Palm Jumeirah,25.08896,55.15868,3,996,0,0,17,13500,Hassan Ali,2026-06-15,active,0,59
1933,1BR Apartment with Full Amenities - Dubai Silicon Oasis,Close to metro station and community mall. Pet friendly building. Available for immediate move-in.,1BR Apartment,Dubai Silicon Oasis,25.10851,55.3732,2,847,0,3,7,3500,Anjali Menon,2026-08-21,active,0,1933
1824,Exclusive Studio in Al Furjan | High Floor,Available for immediate move-in. Recently renovated kitchen and bathrooms. Close to metro station and community mall. Pet friendly building.,Studio,Al Furjan,25.03779,55.13883,0,427,1,10,3,2500,Sofia Marchetti,2026-03-31,active,0,1824
514,Exclusive Townhouse in Jumeirah Village Circle | High Floor,Built-in wardrobes throughout. Available for immediate move-in.,Townhouse,Jumeirah Village Circle,25.06008,55.2284,4,2157,0,9,0,11250,Daniel Reyes,2026-02-13,active,0,514
2303,Must See! 1BR Apartment Available in Dubai Marina,Pet friendly building. Available for immediate move-in.,1BR Apartment,Dubai Marina,25.08105,55.12497,2,692,0,10,21,7000,Elena Popescu,2026-07-12,active,0,2039
1191,Spacious 3BR Apartment in Arabian Ranches | Ready to Move,Close to metro station and community mall. Available for immediate move-in.,3BR Apartment,Arabian Ranches,25.0331,55.28946,3,1988,0,8,19,13250,Chen Wei,2026-02-07,active,0,1191
1093,Best Deal! 1BR Apartment in Al Furjan,Covered parking included. Close to metro station and community mall. Shared pool and gym access.,1BR Apartment,Al Furjan,25.04715,55.15195,1,847,0,13,3,3750,Chen Wei,2026-03-22,active,0,1093
1957,Stunning 1BR Apartment | Business Bay | Vacant Soon,Near international schools. Shared pool and gym access.,1BR Apartment,Business Bay,25.17091,55.25775,1,702,1,17,11,6250,Chen Wei,2026-01-04,active,0,1957
1419,Best Deal! Townhouse in Mirdif,Pet friendly building. Shared pool and gym access. Built-in wardrobes throughout. Near international schools.,Townhouse,Mirdif,25.19538,55.44537,3,2189,1,6,0,9250,Yusuf Karimi,2026-01-27,active,0,1419
2402,Must See! 2BR Apartment Available in Mirdif,Balcony with community view. Close to metro station and community mall. Recently renovated kitchen and bathrooms. Built-in wardrobes throughout.,2BR Apartment,Mirdif,25.22523,55.41676,3,1275,1,22,29,5500,Noor Abdullah,2026-04-05,active,0,443
1455,Spacious 1BR Apartment in Mirdif | Ready to Move,Covered parking included. Pet friendly building. Shared pool and gym access. Close to metro station and community mall.,1BR Apartment,Mirdif,25.23928,55.44558,2,885,0,5,38,3750,Sofia Marchetti,2026-06-26,active,0,1455
1954,1BR Apartment with Full Amenities - Dubai Sports City,Balcony with community view. Close to metro station and community mall.,1BR Apartment,Dubai Sports City,25.05126,55.2181,2,947,1,5,27,4250,Yusuf Karimi,2026-01-28,active,0,1954
76,"Upgraded Studio in Mirdif, Motivated Seller",Built-in wardrobes throughout. Balcony with community view. Pet friendly building. Close to metro station and community mall.,Studio,Mirdif,25.21525,55.42767,0,425,0,20,32,1750,Ravi Shankar,2026-08-14,active,0,76
487,Exclusive Villa in Jumeirah Lake Towers | High Floor,"Covered parking included. Landlord maintained, no agency fees. Pet friendly building. Close to metro station and community mall.",Villa,Jumeirah Lake Towers,25.09037,55.13547,6,4227,0,15,0,30250,Elena Popescu,2026-04-09,active,0,487
1516,"Upgraded 2BR Apartment in Palm Jumeirah, Motivated Seller",Near international schools. Pet friendly building. Close to metro station and community mall. Recently renovated kitchen and bathrooms.,2BR Apartment,Palm Jumeirah,25.11587,55.15433,3,1125,1,8,14,15250,Sofia Marchetti,2026-08-07,active,0,1516
2376,Must See! 2BR Apartment Available in Dubai Sports City,"Landlord maintained, no agency fees. Near international schools. Balcony with community view. Pet friendly building.",2BR Apartment,Dubai Sports City,25.02837,55.23886,2,1202,0,14,15,4500,Ravi Shankar,2026-08-18,active,0,366
845,"Upgraded Townhouse in Jumeirah Village Circle, Motivated Seller",Near international schools. Available for immediate move-in.,Townhouse,Jumeirah Village Circle,25.0408,55.2339,3,2101,1,16,0,10500,Daniel Reyes,2026-01-18,active,0,845
691,Chiller Free Villa in Dubai Silicon Oasis,Balcony with community view. Pet friendly building.,Villa,Dubai Silicon Oasis,25.12341,55.36286,6,3618,1,9,0,12500,Ravi Shankar,2026-06-25,active,0,691
9,Spacious Townhouse in Dubai Marina | Ready to Move,"Landlord maintained, no agency fees. Recently renovated kitchen and bathrooms.",Townhouse,Dubai Marina,25.05978,55.1396,3,2131,0,3,0,22000,Michael Costa,2026-03-20,active,0,9
1843,Studio for Rent in Discovery Gardens - Prime Location,"Landlord maintained, no agency fees. Recently renovated kitchen and bathrooms.",Studio,Discovery Gardens,25.05896,55.16547,0,511,1,13,2,2250,Priya Nair,2026-02-08,active,0,1843
954,2BR Apartment with Full Amenities - Arabian Ranches,Near international schools. Available for immediate move-in. Shared pool and gym access.,2BR Apartment,Arabian Ranches,25.04549,55.2764,3,985,1,10,22,6750,Omar Farouk,2026-06-24,active,0,954
1125,Best Deal! Studio in Al Furjan,Close to metro station and community mall. Built-in wardrobes throughout.,Studio,Al Furjan,25.02999,55.14003,0,423,0,1,1,2000,Anjali Menon,2026-05-20,active,0,1125
2310,Arabian Ranches 2BR Apartment - Negotiable Price,Near international schools. Close to metro station and community mall.,2BR Apartment,Arabian Ranches,25.05212,55.26568,2,1382,0,5,20,10000,Sofia Marchetti,2026-03-17,active,0,148
2392,Discovery Gardens Townhouse - Negotiable Price,"Recently renovated kitchen and bathrooms. Landlord maintained, no agency fees.",Townhouse,Discovery Gardens,25.03147,55.15875,3,2449,1,12,0,14500,Grace Okafor,2026-01-29,active,0,1842
2359,Dubai Marina 3BR Apartment - Negotiable Price,Pet friendly building. Near international schools.,3BR Apartment,Dubai Marina,25.08981,55.15128,4,1640,0,21,6,13000,Omar Farouk,2026-09-10,active,0,1861
1459,Chiller Free 3BR Apartment in Palm Jumeirah,"Pet friendly building. Built-in wardrobes throughout. Landlord maintained, no agency fees. Close to metro station and community mall.",3BR Apartment,Palm Jumeirah,25.11872,55.14613,3,1440,1,20,24,19750,Priya Nair,2026-06-13,active,0,1459
668,Best Deal! 2BR Apartment in Al Furjan,Covered parking included. Pet friendly building. Near international schools.,2BR Apartment,Al Furjan,24.99997,55.12946,2,1280,0,9,14,6000,Omar Farouk,2026-03-10,active,0,668
519,3BR Apartment with Full Amenities - Al Furjan,Covered parking included. Close to metro station and community mall. Shared pool and gym access.,3BR Apartment,Al Furjan,25.00927,55.13894,3,1788,1,3,22,11000,Yusuf Karimi,2026-03-18,active,0,519
591,Townhouse with Full Amenities - Dubai Marina,"Built-in wardrobes throughout. Pet friendly building. Available for immediate move-in. Landlord maintained, no agency fees.",Townhouse,Dubai Marina,25.07304,55.14259,4,2496,0,7,0,21500,Omar Farouk,2026-01-25,active,0,591
1794,Villa with Full Amenities - Discovery Gardens,Near international schools. Pet friendly building.,Villa,Discovery Gardens,25.02544,55.15598,6,3134,0,18,0,16500,Daniel Reyes,2026-04-28,active,0,1794
905,Exclusive Villa in Arabian Ranches | High Floor,Shared pool and gym access. Balcony with community view. Built-in wardrobes throughout.,Villa,Arabian Ranches,25.07351,55.26408,5,4964,0,3,0,29500,Layla Haddad,2026-08-12,active,0,905
82,Stunning Townhouse | Palm Jumeirah | Vacant Soon,"Balcony with community view. Landlord maintained, no agency fees.",Townhouse,Palm Jumeirah,25.12346,55.11618,4,2556,0,1,0,35750,Anjali Menon,2026-06-02,active,0,82
1490,Exclusive 1BR Apartment in Dubai Sports City | High Floor,Shared pool and gym access. Covered parking included.,1BR Apartment,Dubai Sports City,25.04953,55.21284,1,882,0,2,16,4000,Sofia Marchetti,2026-06-22,active,0,1490
1334,Spacious 2BR Apartment in Dubai Sports City | Ready to Move,Shared pool and gym access. Close to metro station and community mall.,2BR Apartment,Dubai Sports City,25.02873,55.22365,3,1205,0,7,37,5000,Sofia Marchetti,2026-07-14,active,0,1334
1576,Villa with Full Amenities - Mirdif,"Close to metro station and community mall. Near international schools. Landlord maintained, no agency fees.",Villa,Mirdif,25.21505,55.40868,6,3281,0,13,0,13250,Noor Abdullah,2026-07-21,active,0,1576
1656,Studio for Rent in Jumeirah Lake Towers - Prime Location,Close to metro station and community mall. Built-in wardrobes throughout. Recently renovated kitchen and bathrooms.,Studio,Jumeirah Lake Towers,25.07917,55.12897,0,391,1,2,18,2750,Sofia Marchetti,2026-08-07,active,0,1656
228,Stunning Townhouse | Arabian Ranches | Vacant Soon,Available for immediate move-in. Close to metro station and community mall. Recently renovated kitchen and bathrooms. Pet friendly building.,Townhouse,Arabian Ranches,25.05972,55.28408,4,2320,0,1,0,14250,Omar Farouk,2026-01-22,active,0,228
474,Chiller Free Villa in Jumeirah Village Circle,"Balcony with community view. Landlord maintained, no agency fees. Close to metro station and community mall.",Villa,Jumeirah Village Circle,25.06285,55.19316,4,3359,1,14,0,16750,Priya Nair,2026-04-23,active,0,474
1175,Best Deal! 1BR Apartment in Dubai Marina,Shared pool and gym access. Balcony with community view. Recently renovated kitchen and bathrooms.,1BR Apartment,Dubai Marina,25.08406,55.12513,1,929,0,22,42,6250,Daniel Reyes,2026-06-02,active,0,1175
1468,"Upgraded 1BR Apartment in Dubai Sports City, Motivated Seller","Close to metro station and community mall. Covered parking included. Landlord maintained, no agency fees. Pet friendly building.",1BR Apartment,Dubai Sports City,25.04139,55.20955,2,940,1,14,29,4000,Noor Abdullah,2026-03-11,active,0,1468
300,Stunning Townhouse | Discovery Gardens | Vacant Soon,Shared pool and gym access. Built-in wardrobes throughout. Pet friendly building.,Townhouse,Discovery Gardens,25.01605,55.14208,3,1945,0,20,0,8250,Ravi Shankar,2026-07-19,active,0,300
103,Spacious Townhouse in Jumeirah Lake Towers | Ready to Move,Close to metro station and community mall. Available for immediate move-in. Covered parking included.,Townhouse,Jumeirah Lake Towers,25.06243,55.13183,4,1808,0,13,0,11250,Daniel Reyes,2026-04-14,active,0,103
1808,Best Deal! 2BR Apartment in Jumeirah Lake Towers,"Landlord maintained, no agency fees. Balcony with community view. Shared pool and gym access.",2BR Apartment,Jumeirah Lake Towers,25.05877,55.13356,2,1382,0,9,20,10750,Sofia Marchetti,2026-06-28,active,0,1808
1578,Spacious Villa in Arabian Ranches | Ready to Move,Close to metro station and community mall. Recently renovated kitchen and bathrooms. Pet friendly building. Built-in wardrobes throughout.,Villa,Arabian Ranches,25.02796,55.26456,6,4448,1,14,0,24000,Daniel Reyes,2026-04-28,active,0,1578
112,Spacious Townhouse in Mirdif | Ready to Move,Pet friendly building. Balcony with community view. Near international schools.,Townhouse,Mirdif,25.23564,55.39656,3,2037,0,1,0,11250,Elena Popescu,2026-02-15,active,0,112
672,Spacious 1BR Apartment in Business Bay | Ready to Move,"Balcony with community view. Covered parking included. Landlord maintained, no agency fees. Pet friendly building.",1BR Apartment,Business Bay,25.17758,55.24733,1,820,0,1,6,6000,Yusuf Karimi,2026-02-12,active,0,672
1707,Chiller Free Studio in Mirdif,Recently renovated kitchen and bathrooms. Covered parking included. Built-in wardrobes throughout.,Studio,Mirdif,25.22468,55.4282,0,505,0,22,14,1750,Yusuf Karimi,2026-08-04,active,0,1707
2510,Townhouse in Dubai Sports City | Well Maintained,Shared pool and gym access. Available for immediate move-in.,Townhouse,Dubai Sports City,25.06474,55.2163,4,2173,0,13,0,8000,Priya Nair,2026-07-14,active,0,235
1966,"Upgraded 2BR Apartment in Arabian Ranches, Motivated Seller",Recently renovated kitchen and bathrooms. Close to metro station and community mall.,2BR Apartment,Arabian Ranches,25.05603,55.27029,3,1001,1,6,3,7500,Chen Wei,2026-06-18,active,0,1966
106,Spacious 3BR Apartment in Palm Jumeirah | Ready to Move,Pet friendly building. Near international schools. Covered parking included. Built-in wardrobes throughout.,3BR Apartment,Palm Jumeirah,25.08997,55.13802,4,1976,1,0,24,26750,Chen Wei,2026-08-12,active,0,106
102,Best Deal! 1BR Apartment in Downtown Dubai,Built-in wardrobes throughout. Close to metro station and community mall. Available for immediate move-in. Balcony with community view.,1BR Apartment,Downtown Dubai,25.19694,55.29352,2,905,0,14,32,10750,Michael Costa,2026-04-28,active,0,102
1849,Studio with Full Amenities - Palm Jumeirah,"Shared pool and gym access. Pet friendly building. Landlord maintained, no agency fees.",Studio,Palm Jumeirah,25.10638,55.13294,0,464,1,7,17,6000,Layla Haddad,2026-02-10,active,0,1849
1050,Spacious 1BR Apartment in Mirdif | Ready to Move,"Close to metro station and community mall. Shared pool and gym access. Landlord maintained, no agency fees. Balcony with community view.",1BR Apartment,Mirdif,25.20401,55.42796,2,943,0,4,15,4750,Grace Okafor,2026-07-08,active,0,1050
418,Chiller Free Villa in Downtown Dubai,Pet friendly building. Built-in wardrobes throughout.,Villa,Downtown Dubai,25.19462,55.27121,4,3048,0,13,0,32000,Anjali Menon,2026-06-15,active,0,418
1597,Chiller Free 2BR Apartment in Jumeirah Village Circle,"Landlord maintained, no agency fees. Close to metro station and community mall. Covered parking included. Balcony with community view.",2BR Apartment,Jumeirah Village Circle,25.0729,55.22742,3,974,0,2,10,5750,Noor Abdullah,2026-05-12,active,0,1597
1861,Exclusive 3BR Apartment in Dubai Marina | High Floor,"Available for immediate move-in. Recently renovated kitchen and bathrooms. Landlord maintained, no agency fees.",3BR Apartment,Dubai Marina,25.08996,55.15163,4,1640,0,21,6,13000,Michael Costa,2026-08-29,active,0,1861
2546,Must See! 1BR Apartment Available in Jumeirah Village Circle,"Built-in wardrobes throughout. Landlord maintained, no agency fees.",1BR Apartment,Jumeirah Village Circle,25.05674,55.20046,1,883,1,7,8,5000,Anjali Menon,2026-06-29,active,0,2065
1224,"Upgraded 2BR Apartment in Downtown Dubai, Motivated Seller",Pet friendly building. Shared pool and gym access. Near international schools. Available for immediate move-in.,2BR Apartment,Downtown Dubai,25.17264,55.25899,3,953,1,0,34,13250,Elena Popescu,2026-01-22,active,0,1224
499,"Upgraded 1BR Apartment in Downtown Dubai, Motivated Seller","Landlord maintained, no agency fees. Close to metro station and community mall. Near international schools.",1BR Apartment,Downtown Dubai,25.17529,55.27618,2,782,1,2,8,7750,Priya Nair,2026-04-05,active,0,499
111,Chiller Free 1BR Apartment in Mirdif,Covered parking included. Near international schools. Built-in wardrobes throughout.,1BR Apartment,Mirdif,25.20607,55.39906,1,676,1,10,31,3000,Noor Abdullah,2026-04-15,active,0,111
1773,Stunning 3BR Apartment | Al Furjan | Vacant Soon,Covered parking included. Pet friendly building.,3BR Apartment,Al Furjan,25.00136,55.14836,4,1423,1,19,39,6750,Michael Costa,2026-06-04,active,0,1773
2320,Must See! 3BR Apartment Available in Al Furjan,"Shared pool and gym access. Landlord maintained, no agency fees. Close to metro station and community mall. Near international schools.",3BR Apartment,Al Furjan,25.00911,55.13831,3,1803,1,3,22,11000,Daniel Reyes,2026-03-22,active,0,519
2267,Business Bay 3BR Apartment - Negotiable Price,Recently renovated kitchen and bathrooms. Shared pool and gym access. Close to metro station and community mall. Near international schools.,3BR Apartment,Business Bay,25.17809,55.26173,4,1951,0,10,36,18000,Chen Wei,2026-07-16,active,0,50
374,Spacious Townhouse in Palm Jumeirah | Ready to Move,Recently renovated kitchen and bathrooms. Covered parking included. Pet friendly building. Balcony with community view.,Townhouse,Palm Jumeirah,25.12231,55.12326,3,1869,1,18,0,26250,Elena Popescu,2026-02-13,active,0,374
2605,"URGENT SALE Upgraded 1BR Apartment in Al Furjan, Motivated Seller","Recently renovated kitchen and bathrooms. Built-in wardrobes throughout. Landlord maintained, no agency fees. Pet friendly building.",1BR Apartment,Al Furjan,25.00947,55.12998,2,816,0,1,20,2083,Layla Haddad,2026-03-04,active,1,2605
680,Chiller Free Villa in Arabian Ranches,Near international schools. Built-in wardrobes throughout. Pet friendly building.,Villa,Arabian Ranches,25.06065,55.25761,6,2949,0,12,0,16750,Priya Nair,2026-07-06,active,0,680
2489,Villa in Downtown Dubai | Well Maintained,Available for immediate move-in. Near international schools.,Villa,Downtown Dubai,25.21622,55.26699,5,3478,0,16,0,39000,Priya Nair,2026-06-30,active,0,609
2132,Best Deal! 2BR Apartment in Jumeirah Lake Towers,"Built-in wardrobes throughout. Covered parking included. Landlord maintained, no agency fees.",2BR Apartment,Jumeirah Lake Towers,25.07595,55.1273,2,955,1,21,32,7500,Hassan Ali,2026-01-08,active,0,2132
868,Studio for Rent in Arabian Ranches - Prime Location,Balcony with community view. Shared pool and gym access. Covered parking included.,Studio,Arabian Ranches,25.05347,55.25791,0,508,0,17,30,3250,Grace Okafor,2026-04-02,active,0,868
1019,Stunning Townhouse | Discovery Gardens | Vacant Soon,Close to metro station and community mall. Recently renovated kitchen and bathrooms.,Townhouse,Discovery Gardens,25.04938,55.1387,4,2370,0,5,0,10000,Michael Costa,2026-02-17,active,0,1019
555,Chiller Free Townhouse in Jumeirah Lake Towers,Balcony with community view. Recently renovated kitchen and bathrooms. Pet friendly building. Close to metro station and community mall.,Townhouse,Jumeirah Lake Towers,25.06247,55.13173,4,2172,1,2,0,15500,Grace Okafor,2026-03-07,active,0,555
1588,Best Deal! Villa in Jumeirah Lake Towers,"Close to metro station and community mall. Covered parking included. Landlord maintained, no agency fees.",Villa,Jumeirah Lake Towers,25.06971,55.16132,5,4939,1,7,0,35500,Priya Nair,2026-04-24,active,0,1588
2243,Must See! 1BR Apartment Available in Mirdif,Shared pool and gym access. Available for immediate move-in.,1BR Apartment,Mirdif,25.20235,55.40577,1,857,0,0,4,4500,Sofia Marchetti,2026-05-01,active,0,1663
846,Chiller Free Villa in Discovery Gardens,"Landlord maintained, no agency fees. Built-in wardrobes throughout. Near international schools.",Villa,Discovery Gardens,25.0332,55.15946,6,5100,1,0,0,27000,Grace Okafor,2026-03-27,active,0,846
1622,1BR Apartment for Rent in Jumeirah Lake Towers - Prime Location,Shared pool and gym access. Near international schools. Covered parking included.,1BR Apartment,Jumeirah Lake Towers,25.08902,55.16073,1,806,1,10,20,6750,Yusuf Karimi,2026-04-03,active,0,1622
1740,Spacious Studio in Jumeirah Lake Towers | Ready to Move,"Built-in wardrobes throughout. Shared pool and gym access. Balcony with community view. Landlord maintained, no agency fees.",Studio,Jumeirah Lake Towers,25.06698,55.15057,0,440,1,3,40,4250,Elena Popescu,2026-04-17,active,0,1740
1941,Townhouse with Full Amenities - Business Bay,Pet friendly building. Built-in wardrobes throughout. Close to metro station and community mall. Balcony with community view.,Townhouse,Business Bay,25.17848,55.26222,4,2026,1,20,0,14000,Ravi Shankar,2026-03-04,active,0,1941
946,"Upgraded 1BR Apartment in Jumeirah Village Circle, Motivated Seller","Landlord maintained, no agency fees. Built-in wardrobes throughout.",1BR Apartment,Jumeirah Village Circle,25.0703,55.22295,2,908,1,22,26,4500,Sofia Marchetti,2026-08-06,active,0,946
1718,Best Deal! 1BR Apartment in Arabian Ranches,"Pet friendly building. Landlord maintained, no agency fees. Near international schools. Recently renovated kitchen and bathrooms.",1BR Apartment,Arabian Ranches,25.0489,55.24811,2,662,0,5,12,5000,Priya Nair,2026-08-15,active,0,1718
1266,1BR Apartment for Rent in Al Furjan - Prime Location,"Landlord maintained, no agency fees. Available for immediate move-in. Balcony with community view. Covered parking included.",1BR Apartment,Al Furjan,25.0044,55.1314,2,945,0,21,1,4000,Sofia Marchetti,2026-08-03,active,0,1266
1161,"Upgraded 2BR Apartment in Jumeirah Village Circle, Motivated Seller","Landlord maintained, no agency fees. Shared pool and gym access. Covered parking included. Recently renovated kitchen and bathrooms.",2BR Apartment,Jumeirah Village Circle,25.05016,55.22422,2,1306,0,16,32,5750,Chen Wei,2026-02-25,active,0,1161
2184,Best Deal! 3BR Apartment in Jumeirah Village Circle,"Covered parking included. Close to metro station and community mall. Landlord maintained, no agency fees. Near international schools.",3BR Apartment,Jumeirah Village Circle,25.07064,55.20219,4,1722,1,20,36,7750,Elena Popescu,2026-08-01,active,0,2184
554,1BR Apartment for Rent in Downtown Dubai - Prime Location,Recently renovated kitchen and bathrooms. Pet friendly building. Built-in wardrobes throughout.,1BR Apartment,Downtown Dubai,25.18069,55.26418,1,688,0,18,41,8750,Sofia Marchetti,2026-03-21,active,0,554
2577,"URGENT SALE Upgraded Studio in Dubai Silicon Oasis, Motivated Seller",Shared pool and gym access. Covered parking included. Pet friendly building. Near international schools.,Studio,Dubai Silicon Oasis,25.10269,55.36844,0,487,0,1,37,1052,Omar Farouk,2026-06-19,active,1,2577
2569,URGENT SALE Spacious 3BR Apartment in Mirdif | Ready to Move,Available for immediate move-in. Built-in wardrobes throughout. Close to metro station and community mall.,3BR Apartment,Mirdif,25.23141,55.43619,3,1771,0,6,9,3285,Daniel Reyes,2026-01-16,active,1,2569
1507,Townhouse with Full Amenities - Downtown Dubai,Balcony with community view. Near international schools.,Townhouse,Downtown Dubai,25.17883,55.25798,3,2281,1,13,0,25250,Chen Wei,2026-02-27,active,0,1507
2548,"Hot Deal - Studio in Palm Jumeirah, Call Now","Close to metro station and community mall. Available for immediate move-in. Landlord maintained, no agency fees. Covered parking included.",Studio,Palm Jumeirah,25.09496,55.15947,0,439,1,9,9,6000,Ravi Shankar,2026-05-18,active,0,820
241,"Upgraded 1BR Apartment in Dubai Silicon Oasis, Motivated Seller",Recently renovated kitchen and bathrooms. Pet friendly building. Available for immediate move-in. Covered parking included.,1BR Apartment,Dubai Silicon Oasis,25.10894,55.36536,2,767,1,20,18,2750,Anjali Menon,2026-02-28,active,0,241
1341,"Upgraded 2BR Apartment in Arabian Ranches, Motivated Seller",Near international schools. Recently renovated kitchen and bathrooms. Pet friendly building. Covered parking included.,2BR Apartment,Arabian Ranches,25.05102,55.26109,2,1396,0,17,41,9750,Yusuf Karimi,2026-04-30,active,0,1341
1324,Villa with Full Amenities - Dubai Marina,Near international schools. Balcony with community view. Available for immediate move-in.,Villa,Dubai Marina,25.07255,55.15106,6,3099,1,14,0,26000,Michael Costa,2026-08-21,active,0,1324
2471,"Hot Deal - 2BR Apartment in Palm Jumeirah, Call Now","Shared pool and gym access. Landlord maintained, no agency fees.",2BR Apartment,Palm Jumeirah,25.09984,55.15938,3,1241,0,14,30,16000,Hassan Ali,2026-05-14,active,0,471
1614,Stunning Villa | Business Bay | Vacant Soon,Recently renovated kitchen and bathrooms. Close to metro station and community mall. Near international schools. Covered parking included.,Villa,Business Bay,25.18295,55.28182,5,2814,1,15,0,20750,Yusuf Karimi,2026-05-16,active,0,1614
447,Townhouse with Full Amenities - Downtown Dubai,Available for immediate move-in. Pet friendly building. Close to metro station and community mall. Covered parking included.,Townhouse,Downtown Dubai,25.20425,55.29655,3,2546,0,6,0,32000,Sofia Marchetti,2026-06-23,active,0,447
2004,Villa for Rent in Downtown Dubai - Prime Location,Recently renovated kitchen and bathrooms. Close to metro station and community mall. Available for immediate move-in.,Villa,Downtown Dubai,25.1791,55.24947,5,3345,0,16,0,40000,Priya Nair,2026-05-29,active,0,2004
1187,Stunning 2BR Apartment | Jumeirah Village Circle | Vacant Soon,Balcony with community view. Pet friendly building.,2BR Apartment,Jumeirah Village Circle,25.04258,55.20714,3,1010,0,0,2,5500,Noor Abdullah,2026-07-09,active,0,1187
1389,"Upgraded 3BR Apartment in Palm Jumeirah, Motivated Seller","Shared pool and gym access. Near international schools. Landlord maintained, no agency fees.",3BR Apartment,Palm Jumeirah,25.09678,55.11759,3,2047,1,4,32,32250,Sofia Marchetti,2026-08-06,active,0,1389
256,Stunning 1BR Apartment | Dubai Silicon Oasis | Vacant Soon,Recently renovated kitchen and bathrooms. Available for immediate move-in. Pet friendly building.,1BR Apartment,Dubai Silicon Oasis,25.11418,55.35772,1,911,1,7,37,3500,Anjali Menon,2026-03-30,active,0,256
1652,Chiller Free Townhouse in Discovery Gardens,"Landlord maintained, no agency fees. Close to metro station and community mall. Shared pool and gym access. Pet friendly building.",Townhouse,Discovery Gardens,25.02449,55.12354,3,1917,0,6,0,9500,Fatima Al-Suwaidi,2026-07-17,active,0,1652
1589,Exclusive 3BR Apartment in Jumeirah Lake Towers | High Floor,"Landlord maintained, no agency fees. Built-in wardrobes throughout.",3BR Apartment,Jumeirah Lake Towers,25.04443,55.13845,4,1894,1,18,1,16250,Yusuf Karimi,2026-07-18,active,0,1589
2167,Exclusive Villa in Jumeirah Lake Towers | High Floor,Covered parking included. Shared pool and gym access. Available for immediate move-in.,Villa,Jumeirah Lake Towers,25.05325,55.15499,4,3711,0,21,0,19500,Omar Farouk,2026-06-26,active,0,2167
2291,Must See! Townhouse Available in Al Furjan,Close to metro station and community mall. Available for immediate move-in. Covered parking included.,Townhouse,Al Furjan,25.02751,55.16487,3,2434,1,20,0,13500,Elena Popescu,2026-03-09,active,0,452
1406,2BR Apartment with Full Amenities - Business Bay,"Close to metro station and community mall. Landlord maintained, no agency fees. Near international schools. Available for immediate move-in.",2BR Apartment,Business Bay,25.18492,55.2444,2,1360,0,0,35,10750,Michael Costa,2026-02-14,active,0,1406
531,Townhouse for Rent in Dubai Marina - Prime Location,Pet friendly building. Available for immediate move-in.,Townhouse,Dubai Marina,25.07471,55.15427,4,1862,0,22,0,12750,Hassan Ali,2026-05-17,active,0,531
1065,"Upgraded 3BR Apartment in Business Bay, Motivated Seller","Available for immediate move-in. Built-in wardrobes throughout. Near international schools. Landlord maintained, no agency fees.",3BR Apartment,Business Bay,25.16977,55.27206,3,1537,0,3,6,11000,Elena Popescu,2026-02-05,active,0,1065
2570,URGENT SALE Spacious Townhouse in Dubai Marina | Ready to Move,Recently renovated kitchen and bathrooms. Shared pool and gym access. Built-in wardrobes throughout.,Townhouse,Dubai Marina,25.06652,55.15717,4,2104,0,13,0,7583,Noor Abdullah,2026-05-05,active,1,2570
978,3BR Apartment for Rent in Business Bay - Prime Location,Close to metro station and community mall. Pet friendly building. Recently renovated kitchen and bathrooms.,3BR Apartment,Business Bay,25.17197,55.24022,4,1928,1,0,34,14500,Chen Wei,2026-08-11,active,0,978
430,Best Deal! Villa in Jumeirah Lake Towers,Pet friendly building. Recently renovated kitchen and bathrooms. Balcony with community view.,Villa,Jumeirah Lake Towers,25.07988,55.15882,4,5146,0,22,0,31500,Ravi Shankar,2026-05-13,active,0,430
1510,Villa with Full Amenities - Jumeirah Village Circle,Near international schools. Pet friendly building.,Villa,Jumeirah Village Circle,25.05008,55.21535,6,4908,0,2,0,29500,Grace Okafor,2026-06-06,active,0,1510
1531,Stunning Villa | Mirdif | Vacant Soon,"Near international schools. Landlord maintained, no agency fees.",Villa,Mirdif,25.20897,55.42237,5,2990,0,8,0,14250,Chen Wei,2026-04-02,active,0,1531
2407,"Hot Deal - 2BR Apartment in Al Furjan, Call Now",Balcony with community view. Built-in wardrobes throughout. Pet friendly building.,2BR Apartment,Al Furjan,25.02781,55.13866,3,1227,1,19,9,5000,Ravi Shankar,2026-02-10,active,0,1117
540,Villa for Rent in Downtown Dubai - Prime Location,"Built-in wardrobes throughout. Recently renovated kitchen and bathrooms. Landlord maintained, no agency fees.",Villa,Downtown Dubai,25.17812,55.29557,4,4375,0,22,0,48750,Michael Costa,2026-01-29,active,0,540
1947,Stunning 2BR Apartment | Al Furjan | Vacant Soon,Balcony with community view. Recently renovated kitchen and bathrooms.,2BR Apartment,Al Furjan,25.03993,55.14078,3,1380,0,21,11,6500,Anjali Menon,2026-03-14,active,0,1947
1170,Exclusive Studio in Dubai Sports City | High Floor,Built-in wardrobes throughout. Near international schools.,Studio,Dubai Sports City,25.05968,55.24129,0,539,0,11,13,2250,Priya Nair,2026-05-20,active,0,1170
1198,Chiller Free Townhouse in Arabian Ranches,Balcony with community view. Shared pool and gym access. Pet friendly building. Close to metro station and community mall.,Townhouse,Arabian Ranches,25.05167,55.28777,4,2231,1,13,0,14500,Priya Nair,2026-06-23,active,0,1198
1200,1BR Apartment with Full Amenities - Mirdif,Balcony with community view. Covered parking included.,1BR Apartment,Mirdif,25.20746,55.40969,1,946,1,6,24,3750,Yusuf Karimi,2026-05-25,active,0,1200
1429,Best Deal! 3BR Apartment in Arabian Ranches,"Close to metro station and community mall. Landlord maintained, no agency fees. Recently renovated kitchen and bathrooms.",3BR Apartment,Arabian Ranches,25.03161,55.26199,4,1686,0,1,8,13000,Elena Popescu,2026-01-24,active,0,1429
1900,Exclusive Studio in Business Bay | High Floor,Available for immediate move-in. Close to metro station and community mall. Built-in wardrobes throughout.,Studio,Business Bay,25.20013,55.25318,0,488,0,21,14,3000,Grace Okafor,2026-08-09,active,0,1900
363,Exclusive Studio in Mirdif | High Floor,Shared pool and gym access. Built-in wardrobes throughout. Close to metro station and community mall.,Studio,Mirdif,25.20603,55.41367,0,511,0,15,21,2250,Priya Nair,2026-04-12,active,0,363
2204,Townhouse in Al Furjan | Well Maintained,Recently renovated kitchen and bathrooms. Pet friendly building.,Townhouse,Al Furjan,25.01997,55.17099,4,1802,1,21,0,8500,Yusuf Karimi,2026-06-29,active,0,1715
1889,Stunning Villa | Business Bay | Vacant Soon,Close to metro station and community mall. Shared pool and gym access. Balcony with community view. Available for immediate move-in.,Villa,Business Bay,25.20763,55.25315,4,4263,1,17,0,37750,Noor Abdullah,2026-01-21,active,0,1889
2272,Brand New Listing: 3BR Apartment in Al Furjan,Shared pool and gym access. Covered parking included. Close to metro station and community mall.,3BR Apartment,Al Furjan,25.00088,55.12378,3,1963,1,22,15,9500,Grace Okafor,2026-01-16,active,0,132
1853,Exclusive Studio in Dubai Silicon Oasis | High Floor,Pet friendly building. Close to metro station and community mall. Recently renovated kitchen and bathrooms. Available for immediate move-in.,Studio,Dubai Silicon Oasis,25.1359,55.39462,0,411,0,11,15,1500,Priya Nair,2026-04-26,active,0,1853
1798,Exclusive 1BR Apartment in Dubai Marina | High Floor,Shared pool and gym access. Covered parking included. Balcony with community view. Close to metro station and community mall.,1BR Apartment,Dubai Marina,25.08044,55.15733,1,891,1,18,2,7750,Grace Okafor,2026-05-12,active,0,1798
2124,Exclusive 2BR Apartment in Jumeirah Lake Towers | High Floor,Pet friendly building. Near international schools. Shared pool and gym access. Available for immediate move-in.,2BR Apartment,Jumeirah Lake Towers,25.0686,55.13261,3,988,0,11,26,7750,Chen Wei,2026-06-14,active,0,2124
729,Best Deal! Villa in Downtown Dubai,Available for immediate move-in. Balcony with community view. Built-in wardrobes throughout. Recently renovated kitchen and bathrooms.,Villa,Downtown Dubai,25.17721,55.25768,6,4249,0,4,0,46000,Daniel Reyes,2026-05-17,active,0,729
1814,Stunning 3BR Apartment | Jumeirah Lake Towers | Vacant Soon,Recently renovated kitchen and bathrooms. Close to metro station and community mall. Balcony with community view. Built-in wardrobes throughout.,3BR Apartment,Jumeirah Lake Towers,25.08463,55.14079,3,1770,0,21,42,12250,Layla Haddad,2026-01-09,active,0,1814
466,Spacious 3BR Apartment in Discovery Gardens | Ready to Move,"Balcony with community view. Landlord maintained, no agency fees. Near international schools.",3BR Apartment,Discovery Gardens,25.06197,55.11988,4,1748,0,10,13,8000,Sofia Marchetti,2026-08-07,active,0,466
2006,Spacious Studio in Downtown Dubai | Ready to Move,"Landlord maintained, no agency fees. Covered parking included. Available for immediate move-in.",Studio,Downtown Dubai,25.19555,55.2919,0,386,1,0,36,4750,Daniel Reyes,2026-05-26,active,0,2006
267,Townhouse for Rent in Palm Jumeirah - Prime Location,Balcony with community view. Near international schools.,Townhouse,Palm Jumeirah,25.09292,55.13677,4,2510,0,9,0,32750,Hassan Ali,2026-02-18,active,0,267
1437,Spacious 3BR Apartment in Business Bay | Ready to Move,Built-in wardrobes throughout. Balcony with community view.,3BR Apartment,Business Bay,25.20594,55.25663,4,1583,0,12,28,12000,Daniel Reyes,2026-06-13,active,0,1437
2374,Dubai Marina 3BR Apartment - Negotiable Price,Covered parking included. Built-in wardrobes throughout.,3BR Apartment,Dubai Marina,25.06229,55.14249,3,1935,0,12,38,15000,Elena Popescu,2026-03-31,active,0,1708
2397,Must See! 2BR Apartment Available in Al Furjan,Built-in wardrobes throughout. Balcony with community view. Close to metro station and community mall.,2BR Apartment,Al Furjan,25.00767,55.13676,3,1405,0,2,41,7000,Hassan Ali,2026-03-19,active,0,389
2253,"Hot Deal - Studio in Al Furjan, Call Now","Covered parking included. Landlord maintained, no agency fees. Available for immediate move-in.",Studio,Al Furjan,25.02038,55.13466,0,523,0,8,21,2500,Grace Okafor,2026-01-25,active,0,643
1521,Spacious Villa in Dubai Sports City | Ready to Move,Built-in wardrobes throughout. Shared pool and gym access. Available for immediate move-in. Pet friendly building.,Villa,Dubai Sports City,25.05567,55.23235,4,4581,0,10,0,16250,Grace Okafor,2026-03-24,active,0,1521
1439,Best Deal! Studio in Discovery Gardens,"Landlord maintained, no agency fees. Close to metro station and community mall.",Studio,Discovery Gardens,25.01523,55.16477,0,410,0,16,19,1750,Anjali Menon,2026-08-24,active,0,1439
705,Stunning Villa | Jumeirah Village Circle | Vacant Soon,"Landlord maintained, no agency fees. Balcony with community view.",Villa,Jumeirah Village Circle,25.04878,55.21012,5,4029,0,6,0,21000,Anjali Menon,2026-07-16,active,0,705
1685,Chiller Free 1BR Apartment in Al Furjan,Balcony with community view. Recently renovated kitchen and bathrooms.,1BR Apartment,Al Furjan,25.00037,55.14729,1,666,0,16,10,3250,Sofia Marchetti,2026-02-05,active,0,1685
2018,Chiller Free 1BR Apartment in Jumeirah Village Circle,Available for immediate move-in. Built-in wardrobes throughout. Recently renovated kitchen and bathrooms. Balcony with community view.,1BR Apartment,Jumeirah Village Circle,25.04421,55.21958,1,836,0,15,12,4750,Daniel Reyes,2026-07-19,active,0,2018
944,Exclusive Townhouse in Arabian Ranches | High Floor,Covered parking included. Available for immediate move-in.,Townhouse,Arabian Ranches,25.07422,55.29159,3,2101,1,7,0,14750,Grace Okafor,2026-03-10,active,0,944
2181,3BR Apartment for Rent in Al Furjan - Prime Location,Close to metro station and community mall. Available for immediate move-in.,3BR Apartment,Al Furjan,25.00368,55.12378,4,1405,0,7,26,7000,Fatima Al-Suwaidi,2026-05-01,active,0,2181
74,Best Deal! Studio in Jumeirah Lake Towers,"Landlord maintained, no agency fees. Shared pool and gym access. Recently renovated kitchen and bathrooms.",Studio,Jumeirah Lake Towers,25.06409,55.13291,0,483,1,10,11,4000,Omar Farouk,2026-08-05,active,0,74
1359,Stunning 3BR Apartment | Jumeirah Village Circle | Vacant Soon,Covered parking included. Built-in wardrobes throughout.,3BR Apartment,Jumeirah Village Circle,25.03563,55.1995,4,1863,0,10,10,10000,Ravi Shankar,2026-01-07,active,0,1359
1118,Exclusive 3BR Apartment in Downtown Dubai | High Floor,Recently renovated kitchen and bathrooms. Built-in wardrobes throughout. Near international schools.,3BR Apartment,Downtown Dubai,25.20338,55.25075,4,1650,0,4,42,18500,Layla Haddad,2026-02-16,active,0,1118
2198,Stunning Studio | Jumeirah Lake Towers | Vacant Soon,Close to metro station and community mall. Pet friendly building. Recently renovated kitchen and bathrooms.,Studio,Jumeirah Lake Towers,25.09383,55.16147,0,420,1,1,3,3000,Daniel Reyes,2026-04-30,active,0,2198
183,"Upgraded 2BR Apartment in Arabian Ranches, Motivated Seller",Recently renovated kitchen and bathrooms. Close to metro station and community mall. Available for immediate move-in.,2BR Apartment,Arabian Ranches,25.0455,55.28203,2,1035,0,2,41,7500,Omar Farouk,2026-06-27,active,0,183
607,Stunning Studio | Mirdif | Vacant Soon,"Shared pool and gym access. Landlord maintained, no agency fees. Recently renovated kitchen and bathrooms. Close to metro station and community mall.",Studio,Mirdif,25.2224,55.40182,0,507,0,15,21,2500,Omar Farouk,2026-03-02,active,0,607
2533,Downtown Dubai Villa - Negotiable Price,Recently renovated kitchen and bathrooms. Shared pool and gym access.,Villa,Downtown Dubai,25.18008,55.24922,5,3360,0,16,0,38500,Noor Abdullah,2026-06-15,active,0,2004
2398,1BR Apartment in Palm Jumeirah | Well Maintained,Recently renovated kitchen and bathrooms. Balcony with community view. Close to metro station and community mall. Shared pool and gym access.,1BR Apartment,Palm Jumeirah,25.13228,55.13589,1,700,0,17,11,8000,Ravi Shankar,2026-06-04,active,0,10
2196,3BR Apartment for Rent in Jumeirah Lake Towers - Prime Location,Built-in wardrobes throughout. Covered parking included.,3BR Apartment,Jumeirah Lake Towers,25.093,55.15464,3,1775,0,14,36,13500,Yusuf Karimi,2026-06-20,active,0,2196
340,Chiller Free 1BR Apartment in Discovery Gardens,Close to metro station and community mall. Built-in wardrobes throughout.,1BR Apartment,Discovery Gardens,25.0176,55.15879,1,721,1,0,38,3500,Grace Okafor,2026-08-02,active,0,340
1834,Exclusive Studio in Palm Jumeirah | High Floor,Recently renovated kitchen and bathrooms. Available for immediate move-in. Close to metro station and community mall.,Studio,Palm Jumeirah,25.10006,55.15136,0,453,1,11,11,5250,Omar Farouk,2026-05-13,active,0,1834
2076,2BR Apartment with Full Amenities - Downtown Dubai,Shared pool and gym access. Built-in wardrobes throughout.,2BR Apartment,Downtown Dubai,25.17541,55.28312,3,964,0,6,25,10750,Priya Nair,2026-01-08,active,0,2076
1562,Stunning 3BR Apartment | Dubai Sports City | Vacant Soon,Recently renovated kitchen and bathrooms. Shared pool and gym access.,3BR Apartment,Dubai Sports City,25.05951,55.23466,3,1851,0,13,16,9250,Daniel Reyes,2026-02-22,active,0,1562
626,Best Deal! Studio in Jumeirah Lake Towers,"Landlord maintained, no agency fees. Built-in wardrobes throughout. Shared pool and gym access.",Studio,Jumeirah Lake Towers,25.04787,55.13872,0,470,0,1,39,3250,Michael Costa,2026-01-20,active,0,626
1951,"Upgraded Villa in Palm Jumeirah, Motivated Seller",Recently renovated kitchen and bathrooms. Built-in wardrobes throughout. Shared pool and gym access. Available for immediate move-in.,Villa,Palm Jumeirah,25.12535,55.12997,4,4175,1,6,0,51250,Priya Nair,2026-01-04,active,0,1951
411,Chiller Free 1BR Apartment in Dubai Sports City,Available for immediate move-in. Recently renovated kitchen and bathrooms. Near international schools. Covered parking included.,1BR Apartment,Dubai Sports City,25.04217,55.23816,2,872,0,2,3,4000,Priya Nair,2026-07-02,active,0,411
311,"Upgraded Townhouse in Mirdif, Motivated Seller","Close to metro station and community mall. Near international schools. Shared pool and gym access. Landlord maintained, no agency fees.",Townhouse,Mirdif,25.21665,55.40798,4,1969,0,12,0,8000,Chen Wei,2026-03-20,active,0,311
2269,Arabian Ranches Villa - Negotiable Price,"Shared pool and gym access. Landlord maintained, no agency fees. Close to metro station and community mall.",Villa,Arabian Ranches,25.04561,55.25537,6,3053,0,8,0,20000,Ravi Shankar,2026-02-07,active,0,278
1523,Exclusive 2BR Apartment in Palm Jumeirah | High Floor,Available for immediate move-in. Near international schools.,2BR Apartment,Palm Jumeirah,25.11605,55.15194,3,1396,0,15,28,18750,Omar Farouk,2026-07-22,active,0,1523
871,1BR Apartment for Rent in Dubai Silicon Oasis - Prime Location,Recently renovated kitchen and bathrooms. Available for immediate move-in.,1BR Apartment,Dubai Silicon Oasis,25.12647,55.36312,1,651,0,0,24,3000,Yusuf Karimi,2026-08-09,active,0,871
187,Studio with Full Amenities - Downtown Dubai,Available for immediate move-in. Shared pool and gym access.,Studio,Downtown Dubai,25.18144,55.29367,0,386,1,20,19,5000,Noor Abdullah,2026-08-18,active,0,187
733,Villa with Full Amenities - Dubai Marina,Available for immediate move-in. Pet friendly building.,Villa,Dubai Marina,25.06318,55.15931,6,3280,0,16,0,23250,Yusuf Karimi,2026-06-19,active,0,733
2573,URGENT SALE Spacious Villa in Al Furjan | Ready to Move,"Pet friendly building. Near international schools. Shared pool and gym access. Landlord maintained, no agency fees.",Villa,Al Furjan,25.00186,55.13114,6,3630,1,18,0,11496,Noor Abdullah,2026-04-10,active,1,2573
436,Spacious Villa in Dubai Sports City | Ready to Move,Available for immediate move-in. Covered parking included. Pet friendly building. Near international schools.,Villa,Dubai Sports City,25.06514,55.19881,6,4065,0,3,0,19250,Ravi Shankar,2026-05-19,active,0,436
479,Stunning 3BR Apartment | Dubai Sports City | Vacant Soon,Balcony with community view. Built-in wardrobes throughout. Pet friendly building.,3BR Apartment,Dubai Sports City,25.02368,55.19368,4,1504,0,18,11,5750,Noor Abdullah,2026-04-10,active,0,479
1896,"Upgraded Townhouse in Discovery Gardens, Motivated Seller","Landlord maintained, no agency fees. Near international schools. Available for immediate move-in.",Townhouse,Discovery Gardens,25.04326,55.15626,4,2054,0,15,0,9750,Hassan Ali,2026-03-14,active,0,1896
259,Spacious 1BR Apartment in Dubai Silicon Oasis | Ready to Move,Near international schools. Pet friendly building.,1BR Apartment,Dubai Silicon Oasis,25.14035,55.36212,2,914,0,10,32,3500,Priya Nair,2026-06-26,active,0,259
1524,Exclusive Studio in Palm Jumeirah | High Floor,Built-in wardrobes throughout. Recently renovated kitchen and bathrooms. Covered parking included. Close to metro station and community mall.,Studio,Palm Jumeirah,25.12535,55.14614,0,478,1,16,23,6250,Yusuf Karimi,2026-02-06,active,0,1524
1124,Best Deal! Townhouse in Al Furjan,Available for immediate move-in. Close to metro station and community mall.,Townhouse,Al Furjan,25.00125,55.16746,4,2424,0,19,0,10000,Sofia Marchetti,2026-02-11,active,0,1124
2342,"Hot Deal - 3BR Apartment in Arabian Ranches, Call Now",Covered parking included. Built-in wardrobes throughout. Balcony with community view.,3BR Apartment,Arabian Ranches,25.05046,55.24689,4,1686,0,18,9,12500,Noor Abdullah,2026-08-06,active,0,258
638,"Upgraded Villa in Discovery Gardens, Motivated Seller",Pet friendly building. Available for immediate move-in. Recently renovated kitchen and bathrooms.,Villa,Discovery Gardens,25.05014,55.13514,4,3277,0,2,0,17000,Sofia Marchetti,2026-02-10,active,0,638
987,Stunning Studio | Business Bay | Vacant Soon,Close to metro station and community mall. Near international schools. Recently renovated kitchen and bathrooms. Shared pool and gym access.,Studio,Business Bay,25.20874,55.28493,0,434,0,16,30,3500,Hassan Ali,2026-01-15,active,0,987
2019,Exclusive 3BR Apartment in Arabian Ranches | High Floor,"Landlord maintained, no agency fees. Close to metro station and community mall. Covered parking included. Available for immediate move-in.",3BR Apartment,Arabian Ranches,25.03631,55.2909,3,1789,1,18,35,13000,Michael Costa,2026-05-18,active,0,2019
263,Stunning 1BR Apartment | Downtown Dubai | Vacant Soon,Shared pool and gym access. Near international schools.,1BR Apartment,Downtown Dubai,25.18367,55.28628,2,853,1,2,31,10000,Ravi Shankar,2026-03-09,active,0,263
1451,Exclusive 3BR Apartment in Al Furjan | High Floor,Recently renovated kitchen and bathrooms. Built-in wardrobes throughout. Near international schools. Shared pool and gym access.,3BR Apartment,Al Furjan,25.02134,55.15857,4,1490,1,13,26,7250,Noor Abdullah,2026-02-05,active,0,1451
1817,Best Deal! Villa in Downtown Dubai,Pet friendly building. Available for immediate move-in. Built-in wardrobes throughout. Near international schools.,Villa,Downtown Dubai,25.19035,55.29637,4,3431,0,9,0,42500,Ravi Shankar,2026-08-15,active,0,1817
966,Studio for Rent in Mirdif - Prime Location,"Balcony with community view. Landlord maintained, no agency fees.",Studio,Mirdif,25.23076,55.43259,0,526,0,18,21,2000,Hassan Ali,2026-02-23,active,0,966
413,2BR Apartment with Full Amenities - Arabian Ranches,"Landlord maintained, no agency fees. Pet friendly building. Available for immediate move-in.",2BR Apartment,Arabian Ranches,25.05739,55.25865,2,1249,1,16,2,7250,Anjali Menon,2026-01-22,active,0,413
403,Spacious Villa in Dubai Sports City | Ready to Move,"Balcony with community view. Near international schools. Landlord maintained, no agency fees. Available for immediate move-in.",Villa,Dubai Sports City,25.04494,55.20976,5,2986,1,16,0,13250,Sofia Marchetti,2026-08-17,active,0,403
1928,Best Deal! 2BR Apartment in Mirdif,Near international schools. Pet friendly building. Close to metro station and community mall.,2BR Apartment,Mirdif,25.21776,55.43177,3,1319,1,18,6,6750,Ravi Shankar,2026-05-05,active,0,1928
934,Best Deal! Townhouse in Business Bay,Covered parking included. Recently renovated kitchen and bathrooms. Balcony with community view. Near international schools.,Townhouse,Business Bay,25.19628,55.25402,3,2359,1,15,0,20500,Hassan Ali,2026-08-10,active,0,934
983,Villa for Rent in Jumeirah Village Circle - Prime Location,Balcony with community view. Close to metro station and community mall. Near international schools.,Villa,Jumeirah Village Circle,25.06303,55.20939,6,5105,0,22,0,25000,Noor Abdullah,2026-03-05,active,0,983
862,Spacious 1BR Apartment in Palm Jumeirah | Ready to Move,"Landlord maintained, no agency fees. Available for immediate move-in. Near international schools.",1BR Apartment,Palm Jumeirah,25.11434,55.15179,1,758,1,21,33,9250,Anjali Menon,2026-02-20,active,0,862
787,Stunning Studio | Downtown Dubai | Vacant Soon,Close to metro station and community mall. Built-in wardrobes throughout. Recently renovated kitchen and bathrooms.,Studio,Downtown Dubai,25.17555,55.26556,0,507,0,9,36,5250,Hassan Ali,2026-04-22,active,0,787
687,"Upgraded 3BR Apartment in Jumeirah Village Circle, Motivated Seller",Shared pool and gym access. Near international schools.,3BR Apartment,Jumeirah Village Circle,25.04847,55.20246,3,1623,1,3,37,9250,Anjali Menon,2026-05-21,active,0,687
1008,Spacious Townhouse in Dubai Silicon Oasis | Ready to Move,Pet friendly building. Balcony with community view. Shared pool and gym access.,Townhouse,Dubai Silicon Oasis,25.13803,55.39994,4,1930,1,2,0,7250,Elena Popescu,2026-07-21,active,0,1008
1726,Townhouse for Rent in Jumeirah Village Circle - Prime Location,Close to metro station and community mall. Available for immediate move-in. Shared pool and gym access.,Townhouse,Jumeirah Village Circle,25.05679,55.22922,4,2418,1,19,0,12750,Chen Wei,2026-08-27,active,0,1726
1027,Stunning Villa | Dubai Marina | Vacant Soon,Close to metro station and community mall. Near international schools. Recently renovated kitchen and bathrooms.,Villa,Dubai Marina,25.08316,55.11559,6,3769,1,2,0,31250,Noor Abdullah,2026-08-06,active,0,1027
346,Chiller Free Townhouse in Dubai Marina,Covered parking included. Near international schools. Close to metro station and community mall. Recently renovated kitchen and bathrooms.,Townhouse,Dubai Marina,25.06113,55.12276,4,2041,1,16,0,21000,Michael Costa,2026-05-10,active,0,346
2591,URGENT SALE Exclusive Townhouse in Business Bay | High Floor,Pet friendly building. Built-in wardrobes throughout. Covered parking included.,Townhouse,Business Bay,25.20017,55.26244,4,2397,0,2,0,8382,Michael Costa,2026-07-18,active,1,2591
2142,Spacious 3BR Apartment in Dubai Sports City | Ready to Move,Built-in wardrobes throughout. Near international schools. Shared pool and gym access. Available for immediate move-in.,3BR Apartment,Dubai Sports City,25.05299,55.21756,3,1900,0,10,17,7750,Chen Wei,2026-03-06,active,0,2142
1610,Chiller Free 1BR Apartment in Arabian Ranches,Shared pool and gym access. Close to metro station and community mall. Balcony with community view. Available for immediate move-in.,1BR Apartment,Arabian Ranches,25.03763,55.2749,1,877,0,9,9,5500,Sofia Marchetti,2026-04-19,active,0,1610
105,"Upgraded Villa in Business Bay, Motivated Seller",Shared pool and gym access. Near international schools.,Villa,Business Bay,25.19189,55.26347,6,4164,0,16,0,29500,Elena Popescu,2026-03-25,active,0,105
229,Spacious 1BR Apartment in Jumeirah Village Circle | Ready to Move,Recently renovated kitchen and bathrooms. Close to metro station and community mall.,1BR Apartment,Jumeirah Village Circle,25.0414,55.1969,1,925,0,13,42,5250,Daniel Reyes,2026-07-03,active,0,229
2513,Jumeirah Village Circle 2BR Apartment - Negotiable Price,Near international schools. Shared pool and gym access.,2BR Apartment,Jumeirah Village Circle,25.04044,55.18475,2,1038,0,9,14,4500,Chen Wei,2026-03-17,active,0,2054
928,Exclusive Studio in Jumeirah Lake Towers | High Floor,"Balcony with community view. Landlord maintained, no agency fees. Built-in wardrobes throughout. Close to metro station and community mall.",Studio,Jumeirah Lake Towers,25.07207,55.122,0,506,0,19,19,3750,Anjali Menon,2026-07-05,active,0,928
1595,Best Deal! Townhouse in Dubai Marina,Built-in wardrobes throughout. Available for immediate move-in.,Townhouse,Dubai Marina,25.06704,55.14047,4,2524,0,11,0,23000,Elena Popescu,2026-08-04,active,0,1595
449,Spacious 1BR Apartment in Discovery Gardens | Ready to Move,Built-in wardrobes throughout. Near international schools. Covered parking included. Close to metro station and community mall.,1BR Apartment,Discovery Gardens,25.03848,55.16734,1,866,0,7,13,3750,Anjali Menon,2026-05-03,active,0,449
2454,Must See! Studio Available in Dubai Marina,Shared pool and gym access. Recently renovated kitchen and bathrooms.,Studio,Dubai Marina,25.07444,55.12035,0,511,1,14,28,5000,Elena Popescu,2026-06-10,active,0,1700
2229,Must See! 1BR Apartment Available in Dubai Sports City,Balcony with community view. Available for immediate move-in. Close to metro station and community mall. Shared pool and gym access.,1BR Apartment,Dubai Sports City,25.06313,55.22023,1,880,1,15,18,3500,Sofia Marchetti,2026-05-08,active,0,974
159,Chiller Free 1BR Apartment in Al Furjan,"Recently renovated kitchen and bathrooms. Landlord maintained, no agency fees.",1BR Apartment,Al Furjan,25.0054,55.12986,2,723,1,18,1,3750,Anjali Menon,2026-08-24,active,0,159
1128,Spacious Studio in Mirdif | Ready to Move,Covered parking included. Balcony with community view.,Studio,Mirdif,25.22499,55.43566,0,541,0,12,12,2250,Omar Farouk,2026-07-18,active,0,1128
1055,Spacious Studio in Palm Jumeirah | Ready to Move,Close to metro station and community mall. Built-in wardrobes throughout. Covered parking included. Pet friendly building.,Studio,Palm Jumeirah,25.11415,55.15441,0,530,0,18,30,7000,Sofia Marchetti,2026-05-23,active,0,1055
2384,Al Furjan 3BR Apartment - Negotiable Price,"Close to metro station and community mall. Available for immediate move-in. Landlord maintained, no agency fees.",3BR Apartment,Al Furjan,25.01553,55.15238,4,1707,1,15,24,8000,Yusuf Karimi,2026-05-01,active,0,1374
1220,Spacious Villa in Palm Jumeirah | Ready to Move,Pet friendly building. Near international schools.,Villa,Palm Jumeirah,25.12847,55.15603,6,3741,0,1,0,44000,Sofia Marchetti,2026-02-28,active,0,1220
320,Townhouse for Rent in Jumeirah Village Circle - Prime Location,"Landlord maintained, no agency fees. Shared pool and gym access. Built-in wardrobes throughout. Covered parking included.",Townhouse,Jumeirah Village Circle,25.06475,55.18737,3,2410,0,17,0,10000,Omar Farouk,2026-04-14,active,0,320
570,1BR Apartment for Rent in Jumeirah Lake Towers - Prime Location,Pet friendly building. Recently renovated kitchen and bathrooms.,1BR Apartment,Jumeirah Lake Towers,25.04965,55.13152,1,924,0,12,17,7250,Ravi Shankar,2026-06-13,active,0,570
42,Spacious Townhouse in Dubai Sports City | Ready to Move,Recently renovated kitchen and bathrooms. Covered parking included. Available for immediate move-in. Balcony with community view.,Townhouse,Dubai Sports City,25.05332,55.20065,3,2433,1,16,0,10500,Fatima Al-Suwaidi,2026-04-20,active,0,42
2493,Brand New Listing: 3BR Apartment in Arabian Ranches,Balcony with community view. Close to metro station and community mall.,3BR Apartment,Arabian Ranches,25.07182,55.28104,4,1542,1,21,9,9000,Sofia Marchetti,2026-04-26,active,0,324
1564,Best Deal! Villa in Al Furjan,Available for immediate move-in. Close to metro station and community mall. Recently renovated kitchen and bathrooms.,Villa,Al Furjan,25.04033,55.14038,4,3001,0,20,0,14750,Michael Costa,2026-07-23,active,0,1564
574,Best Deal! Villa in Palm Jumeirah,"Near international schools. Shared pool and gym access. Recently renovated kitchen and bathrooms. Landlord maintained, no agency fees.",Villa,Palm Jumeirah,25.12706,55.14338,4,4005,0,15,0,47750,Priya Nair,2026-03-06,active,0,574
173,2BR Apartment for Rent in Mirdif - Prime Location,Recently renovated kitchen and bathrooms. Close to metro station and community mall.,2BR Apartment,Mirdif,25.19488,55.43515,2,1083,0,5,2,5750,Yusuf Karimi,2026-01-25,active,0,173
689,Spacious Villa in Dubai Silicon Oasis | Ready to Move,Covered parking included. Balcony with community view. Recently renovated kitchen and bathrooms. Near international schools.,Villa,Dubai Silicon Oasis,25.12693,55.37774,4,3505,0,3,0,14000,Michael Costa,2026-04-16,active,0,689
2321,"Hot Deal - 3BR Apartment in Al Furjan, Call Now","Balcony with community view. Landlord maintained, no agency fees. Near international schools. Shared pool and gym access.",3BR Apartment,Al Furjan,25.01017,55.13904,3,1788,1,3,22,11000,Priya Nair,2026-03-24,active,0,519
2260,"Hot Deal - 3BR Apartment in Downtown Dubai, Call Now",Shared pool and gym access. Covered parking included.,3BR Apartment,Downtown Dubai,25.21441,55.26685,3,1864,0,15,41,23000,Yusuf Karimi,2026-07-04,active,0,1372
1408,Best Deal! Studio in Dubai Silicon Oasis,Built-in wardrobes throughout. Available for immediate move-in.,Studio,Dubai Silicon Oasis,25.14448,55.36426,0,441,0,6,15,2000,Priya Nair,2026-04-02,active,0,1408
869,"Upgraded Townhouse in Dubai Marina, Motivated Seller",Built-in wardrobes throughout. Shared pool and gym access.,Townhouse,Dubai Marina,25.09513,55.13692,4,2584,1,2,0,21500,Yusuf Karimi,2026-02-19,active,0,869
1709,1BR Apartment with Full Amenities - Discovery Gardens,"Pet friendly building. Balcony with community view. Near international schools. Landlord maintained, no agency fees.",1BR Apartment,Discovery Gardens,25.0493,55.12882,1,764,1,4,26,3750,Omar Farouk,2026-07-27,active,0,1709
177,Spacious Townhouse in Arabian Ranches | Ready to Move,Available for immediate move-in. Built-in wardrobes throughout. Covered parking included.,Townhouse,Arabian Ranches,25.0749,55.25041,3,2314,1,8,0,14250,Fatima Al-Suwaidi,2026-07-19,active,0,177
654,Stunning Townhouse | Palm Jumeirah | Vacant Soon,Available for immediate move-in. Pet friendly building.,Townhouse,Palm Jumeirah,25.08789,55.13482,3,2057,0,6,0,30500,Elena Popescu,2026-08-07,active,0,654
1186,Exclusive 2BR Apartment in Dubai Marina | High Floor,Covered parking included. Recently renovated kitchen and bathrooms. Close to metro station and community mall.,2BR Apartment,Dubai Marina,25.05567,55.14135,2,1118,1,6,14,8500,Chen Wei,2026-07-10,active,0,1186
737,Chiller Free Studio in Mirdif,"Landlord maintained, no agency fees. Available for immediate move-in. Close to metro station and community mall.",Studio,Mirdif,25.23881,55.43676,0,527,1,7,24,2750,Daniel Reyes,2026-01-11,active,0,737
619,Chiller Free Townhouse in Discovery Gardens,"Near international schools. Landlord maintained, no agency fees.",Townhouse,Discovery Gardens,25.04421,55.13442,3,2015,1,4,0,8750,Layla Haddad,2026-01-30,active,0,619
2110,Chiller Free 1BR Apartment in Jumeirah Village Circle,"Shared pool and gym access. Pet friendly building. Available for immediate move-in. Landlord maintained, no agency fees.",1BR Apartment,Jumeirah Village Circle,25.05569,55.19631,2,891,0,17,4,4750,Anjali Menon,2026-08-27,active,0,2110
1782,Exclusive 2BR Apartment in Downtown Dubai | High Floor,Close to metro station and community mall. Covered parking included.,2BR Apartment,Downtown Dubai,25.22182,55.29196,2,1399,0,8,41,16750,Anjali Menon,2026-06-22,active,0,1782
536,Stunning 3BR Apartment | Business Bay | Vacant Soon,"Landlord maintained, no agency fees. Covered parking included. Recently renovated kitchen and bathrooms.",3BR Apartment,Business Bay,25.16938,55.25942,4,1589,0,5,13,12250,Priya Nair,2026-03-21,active,0,536
2001,2BR Apartment with Full Amenities - Mirdif,"Close to metro station and community mall. Near international schools. Landlord maintained, no agency fees. Balcony with community view.",2BR Apartment,Mirdif,25.22822,55.41557,3,962,1,19,14,4500,Hassan Ali,2026-08-24,active,0,2001
1577,Villa for Rent in Dubai Silicon Oasis - Prime Location,"Built-in wardrobes throughout. Landlord maintained, no agency fees. Available for immediate move-in. Close to metro station and community mall.",Villa,Dubai Silicon Oasis,25.12431,55.36814,5,3193,1,15,0,13500,Fatima Al-Suwaidi,2026-03-04,active,0,1577
1284,Exclusive Townhouse in Downtown Dubai | High Floor,Built-in wardrobes throughout. Shared pool and gym access. Near international schools. Recently renovated kitchen and bathrooms.,Townhouse,Downtown Dubai,25.20931,55.28276,3,2388,0,4,0,29250,Ravi Shankar,2026-01-09,active,0,1284
2086,Best Deal! Villa in Jumeirah Lake Towers,Built-in wardrobes throughout. Pet friendly building.,Villa,Jumeirah Lake Towers,25.04591,55.1312,5,4206,1,13,0,27250,Elena Popescu,2026-02-16,active,0,2086
401,Spacious Townhouse in Downtown Dubai | Ready to Move,Near international schools. Covered parking included. Pet friendly building.,Townhouse,Downtown Dubai,25.21757,55.26788,4,2020,0,9,0,23000,Priya Nair,2026-07-22,active,0,401
1931,Spacious Studio in Discovery Gardens | Ready to Move,Recently renovated kitchen and bathrooms. Near international schools. Close to metro station and community mall. Shared pool and gym access.,Studio,Discovery Gardens,25.04259,55.15208,0,411,0,16,2,2250,Anjali Menon,2026-02-26,active,0,1931
2182,Townhouse with Full Amenities - Palm Jumeirah,Near international schools. Covered parking included.,Townhouse,Palm Jumeirah,25.11644,55.15269,3,2015,0,4,0,25250,Ravi Shankar,2026-06-23,active,0,2182
1902,Exclusive 1BR Apartment in Dubai Sports City | High Floor,"Available for immediate move-in. Landlord maintained, no agency fees.",1BR Apartment,Dubai Sports City,25.06947,55.22012,1,764,0,12,3,3500,Noor Abdullah,2026-06-21,active,0,1902
2191,Exclusive Townhouse in Palm Jumeirah | High Floor,Available for immediate move-in. Near international schools.,Townhouse,Palm Jumeirah,25.0924,55.14878,4,2175,0,5,0,25750,Elena Popescu,2026-06-09,active,0,2191
1746,Exclusive Townhouse in Mirdif | High Floor,"Landlord maintained, no agency fees. Available for immediate move-in. Near international schools. Recently renovated kitchen and bathrooms.",Townhouse,Mirdif,25.21864,55.44063,4,2521,0,13,0,11000,Fatima Al-Suwaidi,2026-06-07,active,0,1746
2044,Best Deal! 1BR Apartment in Al Furjan,"Landlord maintained, no agency fees. Recently renovated kitchen and bathrooms.",1BR Apartment,Al Furjan,25.03997,55.15385,1,891,0,17,40,4500,Yusuf Karimi,2026-04-25,active,0,2044
1657,Exclusive Villa in Arabian Ranches | High Floor,"Landlord maintained, no agency fees. Near international schools.",Villa,Arabian Ranches,25.06582,55.28573,5,3274,0,18,0,21250,Daniel Reyes,2026-05-09,active,0,1657
293,"Upgraded 3BR Apartment in Discovery Gardens, Motivated Seller",Available for immediate move-in. Balcony with community view. Covered parking included.,3BR Apartment,Discovery Gardens,25.04742,55.14845,3,1933,0,19,41,9750,Elena Popescu,2026-03-21,active,0,293
2280,1BR Apartment in Al Furjan | Well Maintained,Available for immediate move-in. Covered parking included. Shared pool and gym access.,1BR Apartment,Al Furjan,25.03028,55.14849,1,868,1,6,7,5500,Anjali Menon,2026-05-06,active,0,916
2502,Dubai Sports City Townhouse - Negotiable Price,"Available for immediate move-in. Landlord maintained, no agency fees.",Townhouse,Dubai Sports City,25.0281,55.22693,3,2146,0,17,0,8500,Layla Haddad,2026-05-29,active,0,1719
2341,Studio in Dubai Silicon Oasis | Well Maintained,"Landlord maintained, no agency fees. Built-in wardrobes throughout. Close to metro station and community mall. Near international schools.",Studio,Dubai Silicon Oasis,25.13984,55.3884,0,503,1,4,5,2500,Layla Haddad,2026-04-10,active,0,1417
2488,Must See! Villa Available in Mirdif,"Landlord maintained, no agency fees. Available for immediate move-in.",Villa,Mirdif,25.23122,55.42762,5,3896,0,8,0,20000,Daniel Reyes,2026-05-01,active,0,19
2339,Dubai Silicon Oasis Townhouse - Negotiable Price,Recently renovated kitchen and bathrooms. Shared pool and gym access.,Townhouse,Dubai Silicon Oasis,25.14169,55.3748,3,2056,1,20,0,8500,Fatima Al-Suwaidi,2026-04-17,active,0,767
764,Best Deal! 1BR Apartment in Al Furjan,Available for immediate move-in. Near international schools. Balcony with community view. Recently renovated kitchen and bathrooms.,1BR Apartment,Al Furjan,25.02576,55.13958,1,799,0,7,12,4000,Omar Farouk,2026-04-23,active,0,764
503,Spacious 3BR Apartment in Al Furjan | Ready to Move,"Near international schools. Pet friendly building. Balcony with community view. Landlord maintained, no agency fees.",3BR Apartment,Al Furjan,25.00528,55.1585,4,1473,0,9,19,8000,Daniel Reyes,2026-02-03,active,0,503
550,Spacious 2BR Apartment in Downtown Dubai | Ready to Move,"Covered parking included. Available for immediate move-in. Landlord maintained, no agency fees.",2BR Apartment,Downtown Dubai,25.20412,55.25102,3,1005,1,11,39,12500,Ravi Shankar,2026-02-24,active,0,550
1425,Stunning 2BR Apartment | Palm Jumeirah | Vacant Soon,Covered parking included. Pet friendly building.,2BR Apartment,Palm Jumeirah,25.11966,55.15804,2,1307,0,14,2,14000,Sofia Marchetti,2026-04-26,active,0,1425
1423,Stunning 3BR Apartment | Dubai Silicon Oasis | Vacant Soon,Balcony with community view. Recently renovated kitchen and bathrooms.,3BR Apartment,Dubai Silicon Oasis,25.11346,55.40073,4,1904,1,7,21,8750,Hassan Ali,2026-03-10,active,0,1423
2356,Must See! 1BR Apartment Available in Jumeirah Village Circle,Pet friendly building. Built-in wardrobes throughout. Near international schools.,1BR Apartment,Jumeirah Village Circle,25.0805,55.20643,2,758,1,13,7,4000,Fatima Al-Suwaidi,2026-08-19,active,0,893
1999,1BR Apartment with Full Amenities - Jumeirah Lake Towers,"Shared pool and gym access. Near international schools. Built-in wardrobes throughout. Landlord maintained, no agency fees.",1BR Apartment,Jumeirah Lake Towers,25.05961,55.15233,2,885,0,11,10,7000,Elena Popescu,2026-06-01,active,0,1999
950,"Upgraded Townhouse in Discovery Gardens, Motivated Seller",Covered parking included. Available for immediate move-in.,Townhouse,Discovery Gardens,25.04114,55.16222,4,2336,0,1,0,12000,Fatima Al-Suwaidi,2026-01-02,active,0,950
2209,"Hot Deal - 1BR Apartment in Business Bay, Call Now",Recently renovated kitchen and bathrooms. Available for immediate move-in.,1BR Apartment,Business Bay,25.18949,55.2386,1,938,0,15,28,7000,Noor Abdullah,2026-06-08,active,0,1915
193,Chiller Free 2BR Apartment in Jumeirah Lake Towers,Near international schools. Shared pool and gym access. Recently renovated kitchen and bathrooms.,2BR Apartment,Jumeirah Lake Towers,25.0537,55.12797,3,960,1,9,20,7000,Fatima Al-Suwaidi,2026-02-04,active,0,193
2007,Chiller Free Studio in Downtown Dubai,Built-in wardrobes throughout. Close to metro station and community mall. Balcony with community view. Covered parking included.,Studio,Downtown Dubai,25.19941,55.25033,0,413,0,6,18,5000,Priya Nair,2026-07-16,active,0,2007
604,"Upgraded 3BR Apartment in Jumeirah Lake Towers, Motivated Seller","Pet friendly building. Landlord maintained, no agency fees.",3BR Apartment,Jumeirah Lake Towers,25.05815,55.16649,4,1523,0,0,38,11500,Elena Popescu,2026-01-11,active,0,604
297,Best Deal! 3BR Apartment in Dubai Silicon Oasis,Balcony with community view. Pet friendly building.,3BR Apartment,Dubai Silicon Oasis,25.14176,55.3818,4,1540,1,7,3,6250,Michael Costa,2026-06-21,active,0,297
2505,Dubai Silicon Oasis Villa - Negotiable Price,Covered parking included. Available for immediate move-in. Close to metro station and community mall.,Villa,Dubai Silicon Oasis,25.13555,55.38524,5,4491,0,10,0,19000,Fatima Al-Suwaidi,2026-08-13,active,0,396
583,Chiller Free 1BR Apartment in Jumeirah Village Circle,Built-in wardrobes throughout. Pet friendly building. Covered parking included.,1BR Apartment,Jumeirah Village Circle,25.03709,55.22261,1,813,0,18,27,4250,Noor Abdullah,2026-05-03,active,0,583
510,Best Deal! Townhouse in Dubai Sports City,"Landlord maintained, no agency fees. Available for immediate move-in.",Townhouse,Dubai Sports City,25.0311,55.21075,3,2322,1,3,0,11000,Hassan Ali,2026-08-08,active,0,510
1355,Townhouse with Full Amenities - Jumeirah Village Circle,Pet friendly building. Shared pool and gym access. Close to metro station and community mall.,Townhouse,Jumeirah Village Circle,25.06776,55.19706,3,2480,1,18,0,12750,Michael Costa,2026-01-26,active,0,1355
1022,Stunning 2BR Apartment | Dubai Sports City | Vacant Soon,Built-in wardrobes throughout. Near international schools.,2BR Apartment,Dubai Sports City,25.06747,55.24042,3,1376,0,3,3,5000,Anjali Menon,2026-07-12,active,0,1022
2455,"Hot Deal - Villa in Discovery Gardens, Call Now",Balcony with community view. Built-in wardrobes throughout.,Villa,Discovery Gardens,25.06189,55.12072,6,3829,0,4,0,21500,Michael Costa,2026-08-13,active,0,1243
2582,URGENT SALE Exclusive 2BR Apartment in Business Bay | High Floor,Balcony with community view. Near international schools.,2BR Apartment,Business Bay,25.19274,55.26978,3,953,1,1,13,2820,Ravi Shankar,2026-03-30,active,1,2582
1839,Exclusive Studio in Dubai Sports City | High Floor,Available for immediate move-in. Shared pool and gym access.,Studio,Dubai Sports City,25.04207,55.2312,0,414,0,21,25,1500,Anjali Menon,2026-07-14,active,0,1839
1857,Stunning Studio | Jumeirah Lake Towers | Vacant Soon,Available for immediate move-in. Balcony with community view.,Studio,Jumeirah Lake Towers,25.05031,55.16575,0,497,1,12,25,3750,Anjali Menon,2026-04-26,active,0,1857
835,Best Deal! 1BR Apartment in Al Furjan,Recently renovated kitchen and bathrooms. Pet friendly building. Close to metro station and community mall. Covered parking included.,1BR Apartment,Al Furjan,25.02698,55.14168,1,856,1,10,23,4500,Layla Haddad,2026-05-01,active,0,835
420,Stunning Villa | Mirdif | Vacant Soon,Covered parking included. Balcony with community view.,Villa,Mirdif,25.22209,55.40115,5,4275,0,5,0,20750,Yusuf Karimi,2026-06-20,active,0,420
1123,Chiller Free Studio in Business Bay,"Landlord maintained, no agency fees. Recently renovated kitchen and bathrooms. Available for immediate move-in. Covered parking included.",Studio,Business Bay,25.20534,55.26043,0,429,1,9,5,3000,Chen Wei,2026-03-14,active,0,1123
410,Chiller Free 1BR Apartment in Mirdif,Pet friendly building. Near international schools. Shared pool and gym access.,1BR Apartment,Mirdif,25.19631,55.41723,2,711,1,13,20,3750,Yusuf Karimi,2026-02-21,active,0,410
2537,"Hot Deal - 1BR Apartment in Arabian Ranches, Call Now",Near international schools. Recently renovated kitchen and bathrooms. Available for immediate move-in.,1BR Apartment,Arabian Ranches,25.04468,55.25798,1,819,1,22,16,5500,Chen Wei,2026-05-20,active,0,1693
1972,Chiller Free Villa in Jumeirah Village Circle,Pet friendly building. Covered parking included. Balcony with community view. Shared pool and gym access.,Villa,Jumeirah Village Circle,25.03571,55.21269,6,3835,1,2,0,20500,Noor Abdullah,2026-04-19,active,0,1972
1762,Villa with Full Amenities - Dubai Silicon Oasis,Covered parking included. Built-in wardrobes throughout.,Villa,Dubai Silicon Oasis,25.13256,55.3694,6,4379,0,8,0,17500,Priya Nair,2026-05-21,active,0,1762
2090,Villa with Full Amenities - Arabian Ranches,Recently renovated kitchen and bathrooms. Available for immediate move-in. Covered parking included.,Villa,Arabian Ranches,25.06903,55.26941,6,5134,0,11,0,30000,Omar Farouk,2026-07-27,active,0,2090
1076,Spacious Studio in Mirdif | Ready to Move,Close to metro station and community mall. Balcony with community view.,Studio,Mirdif,25.21599,55.43022,0,541,0,4,29,3000,Sofia Marchetti,2026-06-16,active,0,1076
2503,Dubai Silicon Oasis Studio - Negotiable Price,"Close to metro station and community mall. Near international schools. Landlord maintained, no agency fees.",Studio,Dubai Silicon Oasis,25.14394,55.38715,0,483,0,7,5,2000,Anjali Menon,2026-07-15,active,0,1452
396,Villa with Full Amenities - Dubai Silicon Oasis,Recently renovated kitchen and bathrooms. Built-in wardrobes throughout. Shared pool and gym access. Near international schools.,Villa,Dubai Silicon Oasis,25.13486,55.38469,5,4491,0,10,0,18750,Priya Nair,2026-07-31,active,0,396
1438,Spacious Studio in Al Furjan | Ready to Move,Pet friendly building. Covered parking included. Balcony with community view. Available for immediate move-in.,Studio,Al Furjan,25.03807,55.14716,0,441,1,17,30,2750,Elena Popescu,2026-02-02,active,0,1438
1894,"Upgraded Villa in Al Furjan, Motivated Seller",Covered parking included. Built-in wardrobes throughout. Available for immediate move-in. Near international schools.,Villa,Al Furjan,25.02394,55.16664,6,3989,1,10,0,18250,Grace Okafor,2026-03-30,active,0,1894
837,Chiller Free 2BR Apartment in Al Furjan,Near international schools. Balcony with community view.,2BR Apartment,Al Furjan,25.04133,55.13763,2,974,0,2,11,4250,Fatima Al-Suwaidi,2026-08-27,active,0,837
658,1BR Apartment with Full Amenities - Dubai Sports City,Recently renovated kitchen and bathrooms. Covered parking included. Shared pool and gym access. Available for immediate move-in.,1BR Apartment,Dubai Sports City,25.059,55.22811,2,723,1,0,21,3000,Daniel Reyes,2026-05-01,active,0,658
179,Chiller Free Villa in Discovery Gardens,Near international schools. Balcony with community view. Pet friendly building. Close to metro station and community mall.,Villa,Discovery Gardens,25.01931,55.13103,4,4240,0,18,0,16500,Elena Popescu,2026-07-27,active,0,179
1043,Spacious 2BR Apartment in Dubai Silicon Oasis | Ready to Move,Built-in wardrobes throughout. Recently renovated kitchen and bathrooms.,2BR Apartment,Dubai Silicon Oasis,25.11526,55.40044,2,1351,0,18,23,6000,Chen Wei,2026-07-27,active,0,1043
380,Exclusive 1BR Apartment in Dubai Silicon Oasis | High Floor,Shared pool and gym access. Pet friendly building.,1BR Apartment,Dubai Silicon Oasis,25.11413,55.37612,2,800,0,15,33,3000,Layla Haddad,2026-07-15,active,0,380
1205,Villa for Rent in Jumeirah Village Circle - Prime Location,Available for immediate move-in. Shared pool and gym access. Close to metro station and community mall. Pet friendly building.,Villa,Jumeirah Village Circle,25.04263,55.18742,6,4444,1,19,0,26250,Priya Nair,2026-05-08,active,0,1205
36,2BR Apartment for Rent in Mirdif - Prime Location,"Pet friendly building. Covered parking included. Landlord maintained, no agency fees.",2BR Apartment,Mirdif,25.22029,55.42951,3,1265,0,17,31,5500,Hassan Ali,2026-03-04,active,0,36
258,Exclusive 3BR Apartment in Arabian Ranches | High Floor,Covered parking included. Balcony with community view. Available for immediate move-in.,3BR Apartment,Arabian Ranches,25.04985,55.24589,4,1686,0,18,9,12000,Michael Costa,2026-07-25,active,0,258
2251,Must See! Villa Available in Dubai Marina,"Close to metro station and community mall. Built-in wardrobes throughout. Landlord maintained, no agency fees. Pet friendly building.",Villa,Dubai Marina,25.06218,55.16012,6,3295,0,16,0,23500,Sofia Marchetti,2026-07-08,active,0,733
1068,Exclusive 1BR Apartment in Discovery Gardens | High Floor,"Landlord maintained, no agency fees. Near international schools. Pet friendly building. Balcony with community view.",1BR Apartment,Discovery Gardens,25.0546,55.13947,2,689,1,11,34,3500,Chen Wei,2026-07-19,active,0,1068
597,Best Deal! 3BR Apartment in Al Furjan,Balcony with community view. Shared pool and gym access. Covered parking included.,3BR Apartment,Al Furjan,25.01345,55.12798,4,1500,0,9,39,7250,Priya Nair,2026-05-29,active,0,597
1694,"Upgraded Villa in Discovery Gardens, Motivated Seller","Recently renovated kitchen and bathrooms. Landlord maintained, no agency fees.",Villa,Discovery Gardens,25.02059,55.13588,4,4053,0,12,0,17250,Ravi Shankar,2026-02-20,active,0,1694
472,3BR Apartment with Full Amenities - Dubai Silicon Oasis,Recently renovated kitchen and bathrooms. Covered parking included. Pet friendly building. Available for immediate move-in.,3BR Apartment,Dubai Silicon Oasis,25.14802,55.38494,4,2074,1,18,7,8250,Sofia Marchetti,2026-06-10,active,0,472
471,2BR Apartment with Full Amenities - Palm Jumeirah,"Landlord maintained, no agency fees. Balcony with community view. Shared pool and gym access.",2BR Apartment,Palm Jumeirah,25.09986,55.159,3,1241,0,14,30,16250,Daniel Reyes,2026-04-27,active,0,471
706,"Upgraded Townhouse in Mirdif, Motivated Seller",Near international schools. Built-in wardrobes throughout.,Townhouse,Mirdif,25.22814,55.43756,4,2226,0,8,0,9500,Fatima Al-Suwaidi,2026-08-02,active,0,706
1473,2BR Apartment for Rent in Arabian Ranches - Prime Location,Pet friendly building. Covered parking included. Available for immediate move-in.,2BR Apartment,Arabian Ranches,25.04831,55.26466,2,1336,0,22,30,8500,Hassan Ali,2026-05-20,active,0,1473
188,"Upgraded 1BR Apartment in Arabian Ranches, Motivated Seller","Shared pool and gym access. Covered parking included. Close to metro station and community mall. Landlord maintained, no agency fees.",1BR Apartment,Arabian Ranches,25.04556,55.27153,2,878,1,14,30,5500,Omar Farouk,2026-01-25,active,0,188
1342,"Upgraded Townhouse in Palm Jumeirah, Motivated Seller","Landlord maintained, no agency fees. Close to metro station and community mall. Near international schools.",Townhouse,Palm Jumeirah,25.10588,55.16338,4,2439,0,14,0,31750,Omar Farouk,2026-05-30,active,0,1342
2126,Spacious 2BR Apartment in Business Bay | Ready to Move,Pet friendly building. Shared pool and gym access.,2BR Apartment,Business Bay,25.17239,55.2435,2,1366,0,2,28,10000,Anjali Menon,2026-03-14,active,0,2126
1878,Spacious Townhouse in Discovery Gardens | Ready to Move,Available for immediate move-in. Recently renovated kitchen and bathrooms. Built-in wardrobes throughout.,Townhouse,Discovery Gardens,25.02055,55.13435,4,2090,0,2,0,8500,Anjali Menon,2026-05-06,active,0,1878
310,"Upgraded 3BR Apartment in Dubai Silicon Oasis, Motivated Seller",Balcony with community view. Near international schools.,3BR Apartment,Dubai Silicon Oasis,25.14044,55.37426,4,1457,0,9,37,6500,Daniel Reyes,2026-06-25,active,0,310
1969,"Upgraded Townhouse in Palm Jumeirah, Motivated Seller","Recently renovated kitchen and bathrooms. Landlord maintained, no agency fees.",Townhouse,Palm Jumeirah,25.13256,55.13606,4,2469,0,7,0,30000,Noor Abdullah,2026-07-09,active,0,1969
2367,Villa in Business Bay | Well Maintained,Available for immediate move-in. Pet friendly building. Near international schools.,Villa,Business Bay,25.1842,55.23933,5,2972,0,17,0,21000,Priya Nair,2026-03-04,active,0,271
1785,Townhouse with Full Amenities - Dubai Marina,"Near international schools. Available for immediate move-in. Landlord maintained, no agency fees. Recently renovated kitchen and bathrooms.",Townhouse,Dubai Marina,25.09908,55.16336,4,1916,1,13,0,19000,Michael Costa,2026-01-05,active,0,1785
2387,Brand New Listing: 2BR Apartment in Dubai Marina,Built-in wardrobes throughout. Near international schools. Close to metro station and community mall.,2BR Apartment,Dubai Marina,25.09353,55.16214,3,1372,0,15,2,12500,Layla Haddad,2026-02-24,active,0,620
458,"Upgraded Studio in Jumeirah Lake Towers, Motivated Seller",Balcony with community view. Available for immediate move-in. Shared pool and gym access.,Studio,Jumeirah Lake Towers,25.08822,55.12067,0,385,0,4,25,3000,Michael Costa,2026-04-27,active,0,458
1194,"Upgraded 1BR Apartment in Palm Jumeirah, Motivated Seller","Close to metro station and community mall. Near international schools. Shared pool and gym access. Landlord maintained, no agency fees.",1BR Apartment,Palm Jumeirah,25.13157,55.11704,1,932,0,3,36,10750,Daniel Reyes,2026-06-11,active,0,1194
456,Best Deal! Studio in Downtown Dubai,Balcony with community view. Close to metro station and community mall. Built-in wardrobes throughout.,Studio,Downtown Dubai,25.17269,55.26729,0,543,1,7,30,6500,Anjali Menon,2026-07-09,active,0,456
1871,Chiller Free 2BR Apartment in Dubai Sports City,Pet friendly building. Shared pool and gym access. Built-in wardrobes throughout.,2BR Apartment,Dubai Sports City,25.05003,55.23322,3,1374,1,22,13,6750,Priya Nair,2026-02-21,active,0,1871
200,Stunning Villa | Arabian Ranches | Vacant Soon,Available for immediate move-in. Balcony with community view. Near international schools. Close to metro station and community mall.,Villa,Arabian Ranches,25.04974,55.28245,6,3710,0,20,0,23750,Fatima Al-Suwaidi,2026-05-10,active,0,200
1936,Chiller Free 3BR Apartment in Palm Jumeirah,"Pet friendly building. Landlord maintained, no agency fees. Covered parking included.",3BR Apartment,Palm Jumeirah,25.10609,55.16325,4,2054,0,11,35,23750,Sofia Marchetti,2026-03-09,active,0,1936
158,Best Deal! Villa in Palm Jumeirah,"Recently renovated kitchen and bathrooms. Landlord maintained, no agency fees. Available for immediate move-in.",Villa,Palm Jumeirah,25.10307,55.15805,4,4622,1,22,0,52250,Omar Farouk,2026-05-03,active,0,158
1497,Spacious 3BR Apartment in Mirdif | Ready to Move,"Balcony with community view. Landlord maintained, no agency fees. Recently renovated kitchen and bathrooms.",3BR Apartment,Mirdif,25.21632,55.40162,4,1938,0,16,42,8250,Ravi Shankar,2026-04-25,active,0,1497
1713,Best Deal! 2BR Apartment in Discovery Gardens,Built-in wardrobes throughout. Shared pool and gym access. Close to metro station and community mall. Covered parking included.,2BR Apartment,Discovery Gardens,25.03972,55.15781,3,1077,0,8,24,5000,Anjali Menon,2026-02-02,active,0,1713
723,3BR Apartment with Full Amenities - Jumeirah Village Circle,Pet friendly building. Near international schools. Balcony with community view.,3BR Apartment,Jumeirah Village Circle,25.04864,55.2113,3,1467,1,15,30,9250,Layla Haddad,2026-06-13,active,0,723
1573,Best Deal! Villa in Dubai Marina,"Recently renovated kitchen and bathrooms. Near international schools. Pet friendly building. Landlord maintained, no agency fees.",Villa,Dubai Marina,25.06415,55.16243,5,2995,1,10,0,28250,Fatima Al-Suwaidi,2026-06-07,active,0,1573
543,Exclusive 3BR Apartment in Dubai Silicon Oasis | High Floor,"Pet friendly building. Available for immediate move-in. Landlord maintained, no agency fees. Near international schools.",3BR Apartment,Dubai Silicon Oasis,25.12521,55.36881,3,1892,0,13,39,8750,Anjali Menon,2026-03-04,active,0,543
2330,Dubai Silicon Oasis Townhouse - Negotiable Price,"Landlord maintained, no agency fees. Pet friendly building.",Townhouse,Dubai Silicon Oasis,25.14745,55.38747,4,1877,0,7,0,8000,Daniel Reyes,2026-08-28,active,0,1635
62,2BR Apartment for Rent in Mirdif - Prime Location,Covered parking included. Close to metro station and community mall. Available for immediate move-in. Shared pool and gym access.,2BR Apartment,Mirdif,25.20848,55.44554,2,1228,0,20,23,4750,Yusuf Karimi,2026-07-30,active,0,62
2535,Brand New Listing: Villa in Dubai Sports City,Close to metro station and community mall. Shared pool and gym access.,Villa,Dubai Sports City,25.05242,55.20719,5,3191,0,18,0,10500,Anjali Menon,2026-07-31,active,0,386
2618,URGENT SALE Townhouse for Rent in Dubai Silicon Oasis - Prime Location,Near international schools. Covered parking included. Balcony with community view. Pet friendly building.,Townhouse,Dubai Silicon Oasis,25.12183,55.35808,3,2164,0,10,0,4416,Chen Wei,2026-01-15,active,1,2618
1280,Exclusive Townhouse in Dubai Sports City | High Floor,Covered parking included. Built-in wardrobes throughout.,Townhouse,Dubai Sports City,25.03915,55.24206,3,2196,1,13,0,9750,Elena Popescu,2026-04-27,active,0,1280
460,"Upgraded Townhouse in Palm Jumeirah, Motivated Seller",Available for immediate move-in. Pet friendly building. Balcony with community view.,Townhouse,Palm Jumeirah,25.10349,55.13269,4,2300,1,2,0,35000,Grace Okafor,2026-04-10,active,0,460
70,Exclusive Studio in Arabian Ranches | High Floor,Pet friendly building. Built-in wardrobes throughout. Balcony with community view.,Studio,Arabian Ranches,25.0447,55.28148,0,426,0,18,26,2250,Michael Costa,2026-05-16,active,0,70
2171,Best Deal! 3BR Apartment in Arabian Ranches,"Landlord maintained, no agency fees. Covered parking included. Built-in wardrobes throughout. Balcony with community view.",3BR Apartment,Arabian Ranches,25.06333,55.28776,3,1626,0,4,5,10500,Elena Popescu,2026-02-09,active,0,2171
795,"Upgraded Villa in Dubai Marina, Motivated Seller","Landlord maintained, no agency fees. Close to metro station and community mall. Available for immediate move-in. Built-in wardrobes throughout.",Villa,Dubai Marina,25.09136,55.12189,4,4578,0,12,0,34750,Fatima Al-Suwaidi,2026-06-14,active,0,795
182,Stunning Villa | Jumeirah Lake Towers | Vacant Soon,Built-in wardrobes throughout. Covered parking included. Recently renovated kitchen and bathrooms. Available for immediate move-in.,Villa,Jumeirah Lake Towers,25.05133,55.15467,4,4006,1,0,0,38750,Layla Haddad,2026-05-26,active,0,182
766,Exclusive Studio in Dubai Sports City | High Floor,"Landlord maintained, no agency fees. Shared pool and gym access. Pet friendly building.",Studio,Dubai Sports City,25.06581,55.20468,0,437,0,1,37,2000,Noor Abdullah,2026-05-27,active,0,766
453,Townhouse with Full Amenities - Mirdif,Shared pool and gym access. Available for immediate move-in. Built-in wardrobes throughout. Balcony with community view.,Townhouse,Mirdif,25.22098,55.42316,3,2062,1,15,0,10500,Priya Nair,2026-01-16,active,0,453
1489,Chiller Free 2BR Apartment in Palm Jumeirah,"Landlord maintained, no agency fees. Shared pool and gym access.",2BR Apartment,Palm Jumeirah,25.10461,55.13347,2,991,0,18,6,12000,Anjali Menon,2026-04-04,active,0,1489
1294,Spacious 1BR Apartment in Dubai Marina | Ready to Move,Available for immediate move-in. Built-in wardrobes throughout.,1BR Apartment,Dubai Marina,25.10127,55.1425,2,929,1,2,35,7750,Chen Wei,2026-07-09,active,0,1294
778,"Upgraded 3BR Apartment in Al Furjan, Motivated Seller",Recently renovated kitchen and bathrooms. Close to metro station and community mall. Balcony with community view. Shared pool and gym access.,3BR Apartment,Al Furjan,25.0365,55.13585,3,1750,1,11,17,9750,Grace Okafor,2026-01-22,active,0,778
910,Exclusive 3BR Apartment in Dubai Marina | High Floor,"Available for immediate move-in. Close to metro station and community mall. Landlord maintained, no agency fees. Recently renovated kitchen and bathrooms.",3BR Apartment,Dubai Marina,25.06594,55.11663,3,1435,0,2,40,15250,Yusuf Karimi,2026-01-25,active,0,910
1281,Chiller Free Villa in Dubai Sports City,"Landlord maintained, no agency fees. Balcony with community view. Built-in wardrobes throughout.",Villa,Dubai Sports City,25.06612,55.21449,5,5045,1,10,0,24250,Yusuf Karimi,2026-05-12,active,0,1281
2025,1BR Apartment with Full Amenities - Downtown Dubai,Pet friendly building. Shared pool and gym access.,1BR Apartment,Downtown Dubai,25.19173,55.26424,2,653,1,8,33,7250,Hassan Ali,2026-04-04,active,0,2025
354,3BR Apartment for Rent in Jumeirah Village Circle - Prime Location,"Built-in wardrobes throughout. Close to metro station and community mall. Landlord maintained, no agency fees. Available for immediate move-in.",3BR Apartment,Jumeirah Village Circle,25.03805,55.20258,3,1740,0,9,28,10000,Grace Okafor,2026-02-23,active,0,354
2070,Exclusive Studio in Business Bay | High Floor,Close to metro station and community mall. Recently renovated kitchen and bathrooms. Available for immediate move-in.,Studio,Business Bay,25.18224,55.26338,0,436,1,13,30,3750,Elena Popescu,2026-02-12,active,0,2070
381,Chiller Free Studio in Dubai Marina,"Available for immediate move-in. Landlord maintained, no agency fees. Pet friendly building. Covered parking included.",Studio,Dubai Marina,25.08361,55.12312,0,425,0,9,11,3750,Ravi Shankar,2026-01-29,active,0,381
598,Chiller Free 1BR Apartment in Palm Jumeirah,"Shared pool and gym access. Pet friendly building. Landlord maintained, no agency fees.",1BR Apartment,Palm Jumeirah,25.13547,55.13706,1,842,0,13,7,9500,Daniel Reyes,2026-07-02,active,0,598
956,Spacious Townhouse in Discovery Gardens | Ready to Move,Near international schools. Recently renovated kitchen and bathrooms. Close to metro station and community mall. Covered parking included.,Townhouse,Discovery Gardens,25.05171,55.16367,3,1908,0,6,0,10500,Hassan Ali,2026-08-13,active,0,956
2541,Discovery Gardens Villa - Negotiable Price,Balcony with community view. Near international schools.,Villa,Discovery Gardens,25.01463,55.14821,4,4315,1,4,0,18500,Yusuf Karimi,2026-08-13,active,0,1030
688,Chiller Free Villa in Mirdif,Balcony with community view. Shared pool and gym access.,Villa,Mirdif,25.20622,55.42273,5,4101,0,17,0,16500,Fatima Al-Suwaidi,2026-04-29,active,0,688
876,"Upgraded 2BR Apartment in Mirdif, Motivated Seller",Available for immediate move-in. Recently renovated kitchen and bathrooms. Near international schools.,2BR Apartment,Mirdif,25.19974,55.44308,2,1087,0,4,5,4500,Yusuf Karimi,2026-01-11,active,0,876
1774,Spacious Studio in Palm Jumeirah | Ready to Move,Built-in wardrobes throughout. Available for immediate move-in. Pet friendly building.,Studio,Palm Jumeirah,25.10206,55.15808,0,386,0,2,18,5250,Michael Costa,2026-03-18,active,0,1774
2520,"Hot Deal - Studio in Dubai Sports City, Call Now","Near international schools. Shared pool and gym access. Landlord maintained, no agency fees. Close to metro station and community mall.",Studio,Dubai Sports City,25.05163,55.20633,0,398,1,1,4,2000,Fatima Al-Suwaidi,2026-04-21,active,0,162
1315,1BR Apartment with Full Amenities - Mirdif,Covered parking included. Near international schools.,1BR Apartment,Mirdif,25.21653,55.39963,1,661,0,8,1,2500,Fatima Al-Suwaidi,2026-05-13,active,0,1315
969,Chiller Free Studio in Jumeirah Village Circle,"Covered parking included. Landlord maintained, no agency fees.",Studio,Jumeirah Village Circle,25.03435,55.21289,0,477,0,4,12,2000,Noor Abdullah,2026-03-29,active,0,969
1204,2BR Apartment with Full Amenities - Al Furjan,Near international schools. Recently renovated kitchen and bathrooms.,2BR Apartment,Al Furjan,25.03851,55.13302,2,1393,0,11,7,7250,Daniel Reyes,2026-08-13,active,0,1204
207,Spacious Studio in Mirdif | Ready to Move,Shared pool and gym access. Recently renovated kitchen and bathrooms. Near international schools.,Studio,Mirdif,25.22294,55.43114,0,392,0,13,29,1750,Noor Abdullah,2026-06-27,active,0,207
630,3BR Apartment for Rent in Downtown Dubai - Prime Location,"Pet friendly building. Covered parking included. Landlord maintained, no agency fees.",3BR Apartment,Downtown Dubai,25.21152,55.26089,3,1722,0,3,16,18250,Sofia Marchetti,2026-05-24,active,0,630
859,Best Deal! Townhouse in Mirdif,Recently renovated kitchen and bathrooms. Close to metro station and community mall. Available for immediate move-in.,Townhouse,Mirdif,25.23386,55.43628,4,2546,0,22,0,9250,Anjali Menon,2026-02-10,active,0,859
562,Best Deal! Studio in Arabian Ranches,Available for immediate move-in. Balcony with community view. Shared pool and gym access.,Studio,Arabian Ranches,25.03701,55.25589,0,484,1,0,29,4250,Michael Costa,2026-01-10,active,0,562
1457,Spacious 2BR Apartment in Al Furjan | Ready to Move,Close to metro station and community mall. Recently renovated kitchen and bathrooms. Near international schools.,2BR Apartment,Al Furjan,25.00464,55.14574,3,1258,0,12,19,5000,Sofia Marchetti,2026-07-09,active,0,1457
1078,Stunning Studio | Business Bay | Vacant Soon,Pet friendly building. Covered parking included. Built-in wardrobes throughout. Recently renovated kitchen and bathrooms.,Studio,Business Bay,25.19816,55.28642,0,430,1,12,40,3500,Ravi Shankar,2026-01-07,active,0,1078
2588,"URGENT SALE Upgraded 2BR Apartment in Business Bay, Motivated Seller",Pet friendly building. Covered parking included. Shared pool and gym access. Close to metro station and community mall.,2BR Apartment,Business Bay,25.18838,55.25646,2,1326,1,14,12,5539,Priya Nair,2026-07-12,active,1,2588
1920,Best Deal! 2BR Apartment in Arabian Ranches,Pet friendly building. Close to metro station and community mall. Balcony with community view.,2BR Apartment,Arabian Ranches,25.04893,55.2611,2,1211,1,4,17,8250,Noor Abdullah,2026-01-14,active,0,1920
1626,1BR Apartment for Rent in Business Bay - Prime Location,Near international schools. Balcony with community view. Covered parking included. Recently renovated kitchen and bathrooms.,1BR Apartment,Business Bay,25.21114,55.26864,2,852,1,2,17,7250,Noor Abdullah,2026-01-03,active,0,1626
2245,Brand New Listing: Villa in Business Bay,"Landlord maintained, no agency fees. Balcony with community view. Available for immediate move-in. Recently renovated kitchen and bathrooms.",Villa,Business Bay,25.20923,55.24922,4,3711,0,8,0,31500,Grace Okafor,2026-07-16,active,0,1323
2323,Must See! 3BR Apartment Available in Downtown Dubai,Near international schools. Close to metro station and community mall. Recently renovated kitchen and bathrooms. Balcony with community view.,3BR Apartment,Downtown Dubai,25.21806,55.25311,4,1671,0,7,34,15000,Chen Wei,2026-02-15,active,0,783
26,Stunning Townhouse | Al Furjan | Vacant Soon,Recently renovated kitchen and bathrooms. Near international schools. Built-in wardrobes throughout. Close to metro station and community mall.,Townhouse,Al Furjan,25.03932,55.16126,4,2421,0,14,0,11250,Elena Popescu,2026-07-23,active,0,26
1288,Spacious Villa in Jumeirah Village Circle | Ready to Move,"Pet friendly building. Landlord maintained, no agency fees. Covered parking included.",Villa,Jumeirah Village Circle,25.06462,55.18796,5,3469,1,2,0,20750,Layla Haddad,2026-01-25,active,0,1288
1687,Stunning Villa | Al Furjan | Vacant Soon,"Built-in wardrobes throughout. Landlord maintained, no agency fees. Available for immediate move-in. Close to metro station and community mall.",Villa,Al Furjan,25.03262,55.12467,5,3456,0,22,0,15000,Omar Farouk,2026-03-25,active,0,1687
925,Best Deal! Townhouse in Downtown Dubai,Close to metro station and community mall. Available for immediate move-in.,Townhouse,Downtown Dubai,25.19391,55.26893,4,2591,1,16,0,26250,Yusuf Karimi,2026-02-12,active,0,925
414,Stunning 1BR Apartment | Downtown Dubai | Vacant Soon,"Pet friendly building. Landlord maintained, no agency fees. Shared pool and gym access. Available for immediate move-in.",1BR Apartment,Downtown Dubai,25.20509,55.28661,2,690,0,19,17,8000,Layla Haddad,2026-01-30,active,0,414
992,Exclusive Villa in Dubai Silicon Oasis | High Floor,Built-in wardrobes throughout. Shared pool and gym access.,Villa,Dubai Silicon Oasis,25.1006,55.40228,6,3004,1,18,0,11750,Ravi Shankar,2026-07-22,active,0,992
857,Exclusive Villa in Arabian Ranches | High Floor,Covered parking included. Near international schools. Built-in wardrobes throughout.,Villa,Arabian Ranches,25.03673,55.26846,6,3466,0,14,0,20250,Hassan Ali,2026-06-30,active,0,857
312,Stunning 1BR Apartment | Jumeirah Lake Towers | Vacant Soon,Built-in wardrobes throughout. Pet friendly building.,1BR Apartment,Jumeirah Lake Towers,25.08092,55.14358,2,918,1,3,24,8000,Elena Popescu,2026-05-04,active,0,312
1683,Townhouse with Full Amenities - Dubai Silicon Oasis,"Recently renovated kitchen and bathrooms. Landlord maintained, no agency fees. Available for immediate move-in. Covered parking included.",Townhouse,Dubai Silicon Oasis,25.13217,55.40668,4,2123,0,2,0,8500,Yusuf Karimi,2026-07-04,active,0,1683
175,Stunning Townhouse | Business Bay | Vacant Soon,Near international schools. Pet friendly building. Balcony with community view.,Townhouse,Business Bay,25.16393,55.26906,3,2243,0,12,0,16500,Michael Costa,2026-04-01,active,0,175
264,1BR Apartment with Full Amenities - Mirdif,Pet friendly building. Balcony with community view. Available for immediate move-in. Near international schools.,1BR Apartment,Mirdif,25.22168,55.42765,2,717,0,5,2,2750,Hassan Ali,2026-04-30,active,0,264
2022,Townhouse with Full Amenities - Downtown Dubai,Built-in wardrobes throughout. Near international schools.,Townhouse,Downtown Dubai,25.22081,55.29107,4,2519,0,5,0,31250,Yusuf Karimi,2026-07-01,active,0,2022
478,Studio with Full Amenities - Al Furjan,"Landlord maintained, no agency fees. Built-in wardrobes throughout. Close to metro station and community mall. Pet friendly building.",Studio,Al Furjan,25.04267,55.14425,0,439,1,11,21,2000,Noor Abdullah,2026-01-17,active,0,478
879,Villa for Rent in Jumeirah Lake Towers - Prime Location,Covered parking included. Balcony with community view. Close to metro station and community mall. Recently renovated kitchen and bathrooms.,Villa,Jumeirah Lake Towers,25.09421,55.15464,6,4838,1,3,0,35500,Hassan Ali,2026-02-17,active,0,879
852,"Upgraded 3BR Apartment in Arabian Ranches, Motivated Seller","Shared pool and gym access. Landlord maintained, no agency fees.",3BR Apartment,Arabian Ranches,25.06695,55.2531,4,1809,0,10,20,10500,Grace Okafor,2026-01-17,active,0,852
930,1BR Apartment for Rent in Downtown Dubai - Prime Location,Close to metro station and community mall. Covered parking included. Balcony with community view.,1BR Apartment,Downtown Dubai,25.2061,55.25333,1,882,1,4,21,10250,Sofia Marchetti,2026-04-30,active,0,930
1270,Spacious Villa in Al Furjan | Ready to Move,Shared pool and gym access. Near international schools.,Villa,Al Furjan,25.04252,55.15275,6,4343,0,8,0,22250,Sofia Marchetti,2026-06-15,active,0,1270
1859,Exclusive 1BR Apartment in Downtown Dubai | High Floor,Shared pool and gym access. Close to metro station and community mall. Near international schools.,1BR Apartment,Downtown Dubai,25.19935,55.29883,1,655,0,11,42,7500,Elena Popescu,2026-01-10,active,0,1859
2,1BR Apartment with Full Amenities - Palm Jumeirah,Covered parking included. Built-in wardrobes throughout.,1BR Apartment,Palm Jumeirah,25.09251,55.133,2,929,0,14,38,10750,Daniel Reyes,2026-04-19,active,0,2
2060,Stunning 3BR Apartment | Al Furjan | Vacant Soon,Available for immediate move-in. Shared pool and gym access. Pet friendly building. Near international schools.,3BR Apartment,Al Furjan,25.04675,55.13729,4,1507,1,3,20,8500,Anjali Menon,2026-05-12,active,0,2060
1058,Best Deal! Villa in Downtown Dubai,"Close to metro station and community mall. Balcony with community view. Landlord maintained, no agency fees. Recently renovated kitchen and bathrooms.",Villa,Downtown Dubai,25.17401,55.25979,4,3339,0,16,0,39250,Ravi Shankar,2026-04-03,active,0,1058
829,Chiller Free Townhouse in Dubai Silicon Oasis,Recently renovated kitchen and bathrooms. Pet friendly building. Shared pool and gym access. Covered parking included.,Townhouse,Dubai Silicon Oasis,25.11406,55.36429,3,2397,0,16,0,9250,Noor Abdullah,2026-04-20,active,0,829
1171,Studio with Full Amenities - Jumeirah Lake Towers,"Close to metro station and community mall. Landlord maintained, no agency fees.",Studio,Jumeirah Lake Towers,25.07966,55.14214,0,547,0,7,6,4000,Fatima Al-Suwaidi,2026-01-02,active,0,1171
2615,URGENT SALE Studio for Rent in Dubai Silicon Oasis - Prime Location,Shared pool and gym access. Balcony with community view. Available for immediate move-in.,Studio,Dubai Silicon Oasis,25.1257,55.40267,0,489,1,5,24,733,Chen Wei,2026-03-07,active,1,2615
2226,Must See! 1BR Apartment Available in Arabian Ranches,Covered parking included. Near international schools.,1BR Apartment,Arabian Ranches,25.03704,55.27579,1,877,0,9,9,5500,Michael Costa,2026-05-01,active,0,1610
205,"Upgraded 2BR Apartment in Dubai Sports City, Motivated Seller",Built-in wardrobes throughout. Covered parking included. Balcony with community view.,2BR Apartment,Dubai Sports City,25.0677,55.23871,3,1035,1,1,20,5750,Priya Nair,2026-06-25,active,0,205
190,Villa for Rent in Jumeirah Village Circle - Prime Location,Available for immediate move-in. Shared pool and gym access. Built-in wardrobes throughout.,Villa,Jumeirah Village Circle,25.07533,55.21028,4,4583,1,20,0,21000,Omar Farouk,2026-07-26,active,0,190
2607,URGENT SALE 2BR Apartment for Rent in Palm Jumeirah - Prime Location,Balcony with community view. Shared pool and gym access. Pet friendly building.,2BR Apartment,Palm Jumeirah,25.10543,55.11863,3,1196,1,7,39,6214,Fatima Al-Suwaidi,2026-05-22,active,1,2607
1363,Chiller Free Villa in Arabian Ranches,Built-in wardrobes throughout. Covered parking included. Recently renovated kitchen and bathrooms. Pet friendly building.,Villa,Arabian Ranches,25.06994,55.2458,4,4775,1,6,0,28750,Sofia Marchetti,2026-04-28,active,0,1363
952,2BR Apartment with Full Amenities - Palm Jumeirah,Available for immediate move-in. Balcony with community view.,2BR Apartment,Palm Jumeirah,25.10263,55.14472,2,1329,0,8,35,18000,Daniel Reyes,2026-08-10,active,0,952
2437,Palm Jumeirah 3BR Apartment - Negotiable Price,Pet friendly building. Recently renovated kitchen and bathrooms. Near international schools. Covered parking included.,3BR Apartment,Palm Jumeirah,25.1083,55.11619,3,1948,1,19,40,25000,Omar Farouk,2026-09-17,active,0,104
1313,Stunning Villa | Discovery Gardens | Vacant Soon,Covered parking included. Balcony with community view. Shared pool and gym access.,Villa,Discovery Gardens,25.06154,55.16419,5,4762,1,21,0,18750,Priya Nair,2026-01-11,active,0,1313
2501,Must See! 3BR Apartment Available in Jumeirah Lake Towers,"Pet friendly building. Available for immediate move-in. Landlord maintained, no agency fees. Covered parking included.",3BR Apartment,Jumeirah Lake Towers,25.06875,55.15052,3,1836,0,19,7,14500,Michael Costa,2026-03-21,active,0,492
2626,URGENT SALE Townhouse for Rent in Discovery Gardens - Prime Location,Close to metro station and community mall. Balcony with community view. Near international schools.,Townhouse,Discovery Gardens,25.0241,55.13129,3,1887,0,13,0,3287,Ravi Shankar,2026-01-23,active,1,2626
1956,Spacious Studio in Dubai Sports City | Ready to Move,Recently renovated kitchen and bathrooms. Covered parking included.,Studio,Dubai Sports City,25.02338,55.20853,0,486,1,8,41,2250,Sofia Marchetti,2026-01-30,active,0,1956
1700,Best Deal! Studio in Dubai Marina,Pet friendly building. Near international schools.,Studio,Dubai Marina,25.07502,55.12059,0,511,1,14,28,5000,Ravi Shankar,2026-05-31,active,0,1700
1526,2BR Apartment for Rent in Mirdif - Prime Location,"Balcony with community view. Covered parking included. Available for immediate move-in. Landlord maintained, no agency fees.",2BR Apartment,Mirdif,25.21379,55.41718,3,1058,0,8,26,5000,Omar Farouk,2026-03-01,active,0,1526
2371,Business Bay 1BR Apartment - Negotiable Price,Recently renovated kitchen and bathrooms. Pet friendly building. Built-in wardrobes throughout. Near international schools.,1BR Apartment,Business Bay,25.16414,55.27799,1,747,1,12,24,5500,Fatima Al-Suwaidi,2026-06-05,active,0,459
2473,Brand New Listing: 1BR Apartment in Downtown Dubai,Pet friendly building. Available for immediate move-in. Covered parking included. Recently renovated kitchen and bathrooms.,1BR Apartment,Downtown Dubai,25.18598,55.29017,2,900,0,11,26,9000,Hassan Ali,2026-03-15,active,0,1421
341,Studio for Rent in Al Furjan - Prime Location,Balcony with community view. Pet friendly building.,Studio,Al Furjan,25.03109,55.14726,0,434,0,21,34,2000,Michael Costa,2026-05-29,active,0,341
220,Best Deal! 1BR Apartment in Dubai Silicon Oasis,Covered parking included. Near international schools.,1BR Apartment,Dubai Silicon Oasis,25.13273,55.40336,1,720,0,22,33,2500,Sofia Marchetti,2026-08-28,active,0,220
162,Exclusive Studio in Dubai Sports City | High Floor,"Available for immediate move-in. Landlord maintained, no agency fees.",Studio,Dubai Sports City,25.0511,55.20667,0,383,1,1,4,2000,Chen Wei,2026-04-19,active,0,162
2410,"Hot Deal - 1BR Apartment in Jumeirah Village Circle, Call Now",Recently renovated kitchen and bathrooms. Shared pool and gym access. Near international schools.,1BR Apartment,Jumeirah Village Circle,25.06017,55.2336,1,721,0,1,14,4000,Michael Costa,2026-03-04,active,0,1009
1056,1BR Apartment with Full Amenities - Dubai Sports City,Near international schools. Close to metro station and community mall. Recently renovated kitchen and bathrooms.,1BR Apartment,Dubai Sports City,25.07007,55.19971,2,684,0,12,39,3500,Sofia Marchetti,2026-07-25,active,0,1056
1097,Chiller Free 2BR Apartment in Al Furjan,Covered parking included. Available for immediate move-in. Near international schools. Close to metro station and community mall.,2BR Apartment,Al Furjan,25.01086,55.12888,2,958,0,21,36,4250,Ravi Shankar,2026-02-02,active,0,1097
1401,Spacious Villa in Discovery Gardens | Ready to Move,Covered parking included. Built-in wardrobes throughout. Pet friendly building.,Villa,Discovery Gardens,25.06387,55.14736,6,3327,0,5,0,13750,Michael Costa,2026-06-06,active,0,1401
1134,Exclusive Studio in Dubai Silicon Oasis | High Floor,Recently renovated kitchen and bathrooms. Available for immediate move-in. Covered parking included.,Studio,Dubai Silicon Oasis,25.13854,55.3974,0,523,1,19,30,2000,Fatima Al-Suwaidi,2026-05-27,active,0,1134
529,"Upgraded Villa in Business Bay, Motivated Seller",Pet friendly building. Covered parking included. Balcony with community view.,Villa,Business Bay,25.16439,55.24769,6,3292,1,20,0,26250,Ravi Shankar,2026-05-20,active,0,529
1750,Chiller Free Villa in Arabian Ranches,"Close to metro station and community mall. Landlord maintained, no agency fees. Near international schools.",Villa,Arabian Ranches,25.04273,55.26238,5,4308,0,10,0,32250,Hassan Ali,2026-02-03,active,0,1750
1115,"Upgraded 2BR Apartment in Dubai Marina, Motivated Seller","Pet friendly building. Landlord maintained, no agency fees.",2BR Apartment,Dubai Marina,25.06837,55.1504,2,1187,1,5,1,12250,Grace Okafor,2026-06-06,active,0,1115
1434,Spacious 2BR Apartment in Dubai Silicon Oasis | Ready to Move,Available for immediate move-in. Covered parking included. Built-in wardrobes throughout.,2BR Apartment,Dubai Silicon Oasis,25.10788,55.37513,2,1246,0,16,13,5250,Daniel Reyes,2026-07-04,active,0,1434
1953,Villa for Rent in Jumeirah Village Circle - Prime Location,Available for immediate move-in. Built-in wardrobes throughout.,Villa,Jumeirah Village Circle,25.06717,55.20414,6,3959,1,18,0,23000,Grace Okafor,2026-01-02,active,0,1953
1961,Exclusive 3BR Apartment in Business Bay | High Floor,Covered parking included. Available for immediate move-in. Built-in wardrobes throughout. Pet friendly building.,3BR Apartment,Business Bay,25.17146,55.26588,3,1754,1,2,28,16500,Hassan Ali,2026-05-05,active,0,1961
1541,Spacious Villa in Arabian Ranches | Ready to Move,Available for immediate move-in. Near international schools. Recently renovated kitchen and bathrooms. Pet friendly building.,Villa,Arabian Ranches,25.07476,55.2731,5,3487,0,15,0,22500,Ravi Shankar,2026-07-26,active,0,1541
1757,2BR Apartment for Rent in Downtown Dubai - Prime Location,"Covered parking included. Landlord maintained, no agency fees. Pet friendly building.",2BR Apartment,Downtown Dubai,25.18621,55.28981,3,1167,0,1,21,14750,Layla Haddad,2026-06-22,active,0,1757
973,Stunning 3BR Apartment | Downtown Dubai | Vacant Soon,Balcony with community view. Pet friendly building.,3BR Apartment,Downtown Dubai,25.21871,55.27052,4,1767,0,17,24,17750,Omar Farouk,2026-03-08,active,0,973
1203,Stunning Villa | Dubai Marina | Vacant Soon,Recently renovated kitchen and bathrooms. Available for immediate move-in. Near international schools. Pet friendly building.,Villa,Dubai Marina,25.09557,55.14214,5,4557,1,7,0,40750,Grace Okafor,2026-05-09,active,0,1203
336,Exclusive 2BR Apartment in Dubai Marina | High Floor,"Landlord maintained, no agency fees. Recently renovated kitchen and bathrooms.",2BR Apartment,Dubai Marina,25.10113,55.15107,2,1366,1,14,5,12250,Sofia Marchetti,2026-02-06,active,0,336
1039,Townhouse with Full Amenities - Jumeirah Lake Towers,Balcony with community view. Available for immediate move-in. Close to metro station and community mall.,Townhouse,Jumeirah Lake Towers,25.06084,55.12005,4,2315,1,9,0,21000,Elena Popescu,2026-07-24,active,0,1039
1604,Stunning Studio | Dubai Sports City | Vacant Soon,Shared pool and gym access. Recently renovated kitchen and bathrooms. Covered parking included. Near international schools.,Studio,Dubai Sports City,25.02691,55.21329,0,535,0,21,25,2250,Chen Wei,2026-04-08,active,0,1604
2097,1BR Apartment for Rent in Jumeirah Lake Towers - Prime Location,"Built-in wardrobes throughout. Landlord maintained, no agency fees. Balcony with community view. Near international schools.",1BR Apartment,Jumeirah Lake Towers,25.07953,55.15955,2,781,0,20,31,5000,Anjali Menon,2026-08-23,active,0,2097
108,3BR Apartment with Full Amenities - Mirdif,Pet friendly building. Covered parking included. Available for immediate move-in. Balcony with community view.,3BR Apartment,Mirdif,25.2197,55.40734,4,1938,1,5,30,11250,Grace Okafor,2026-06-14,active,0,108
1841,"Upgraded 2BR Apartment in Mirdif, Motivated Seller",Built-in wardrobes throughout. Shared pool and gym access.,2BR Apartment,Mirdif,25.23336,55.39613,3,972,1,11,32,5250,Michael Costa,2026-02-15,active,0,1841
289,Spacious Townhouse in Downtown Dubai | Ready to Move,"Landlord maintained, no agency fees. Available for immediate move-in. Close to metro station and community mall.",Townhouse,Downtown Dubai,25.18497,55.25241,3,2335,0,17,0,22750,Noor Abdullah,2026-06-28,active,0,289
1275,Chiller Free 1BR Apartment in Al Furjan,Recently renovated kitchen and bathrooms. Balcony with community view.,1BR Apartment,Al Furjan,24.99895,55.16102,1,785,1,6,21,4500,Noor Abdullah,2026-05-14,active,0,1275
214,Chiller Free Townhouse in Business Bay,Covered parking included. Built-in wardrobes throughout. Near international schools.,Townhouse,Business Bay,25.16472,55.24924,4,2427,1,20,0,21000,Omar Farouk,2026-02-12,active,0,214
1393,Best Deal! 1BR Apartment in Dubai Sports City,Built-in wardrobes throughout. Available for immediate move-in. Near international schools.,1BR Apartment,Dubai Sports City,25.06463,55.23539,1,679,1,3,38,4000,Anjali Menon,2026-08-23,active,0,1393
2143,"Upgraded Villa in Discovery Gardens, Motivated Seller",Recently renovated kitchen and bathrooms. Balcony with community view.,Villa,Discovery Gardens,25.06318,55.15944,5,3005,0,16,0,15500,Priya Nair,2026-08-06,active,0,2143
286,Chiller Free 3BR Apartment in Jumeirah Village Circle,Covered parking included. Pet friendly building. Shared pool and gym access. Built-in wardrobes throughout.,3BR Apartment,Jumeirah Village Circle,25.06107,55.21236,3,1985,0,17,26,9250,Priya Nair,2026-07-15,active,0,286
1239,Best Deal! 3BR Apartment in Jumeirah Village Circle,Built-in wardrobes throughout. Recently renovated kitchen and bathrooms. Balcony with community view.,3BR Apartment,Jumeirah Village Circle,25.04154,55.20662,3,1870,1,11,18,9500,Omar Farouk,2026-06-14,active,0,1239
1323,Villa for Rent in Business Bay - Prime Location,Recently renovated kitchen and bathrooms. Built-in wardrobes throughout. Near international schools. Pet friendly building.,Villa,Business Bay,25.20884,55.2495,4,3711,0,8,0,31500,Sofia Marchetti,2026-07-03,active,0,1323
2250,Villa in Dubai Marina | Well Maintained,Close to metro station and community mall. Available for immediate move-in. Pet friendly building. Balcony with community view.,Villa,Dubai Marina,25.06299,55.15893,6,3280,0,16,0,24000,Hassan Ali,2026-06-22,active,0,733
2475,Studio in Arabian Ranches | Well Maintained,"Available for immediate move-in. Landlord maintained, no agency fees. Close to metro station and community mall. Pet friendly building.",Studio,Arabian Ranches,25.0571,55.2625,0,419,0,7,6,3500,Grace Okafor,2026-08-25,active,0,779
596,Exclusive 2BR Apartment in Dubai Marina | High Floor,Recently renovated kitchen and bathrooms. Near international schools. Covered parking included. Close to metro station and community mall.,2BR Apartment,Dubai Marina,25.07916,55.13303,3,1020,1,9,33,10250,Michael Costa,2026-07-07,active,0,596
890,Stunning Townhouse | Jumeirah Village Circle | Vacant Soon,Recently renovated kitchen and bathrooms. Close to metro station and community mall.,Townhouse,Jumeirah Village Circle,25.06586,55.19393,3,2396,1,18,0,11250,Sofia Marchetti,2026-04-26,active,0,890
415,Best Deal! Townhouse in Jumeirah Lake Towers,Close to metro station and community mall. Covered parking included.,Townhouse,Jumeirah Lake Towers,25.08725,55.12786,3,2431,1,21,0,19250,Layla Haddad,2026-02-04,active,0,415
2479,Brand New Listing: Villa in Discovery Gardens,"Shared pool and gym access. Covered parking included. Landlord maintained, no agency fees. Pet friendly building.",Villa,Discovery Gardens,25.05965,55.13052,5,3331,1,11,0,15500,Michael Costa,2026-07-19,active,0,1873
2469,Must See! Townhouse Available in Dubai Marina,Pet friendly building. Built-in wardrobes throughout.,Townhouse,Dubai Marina,25.07356,55.14181,4,2481,0,7,0,22500,Layla Haddad,2026-02-09,active,0,591
2017,Spacious 3BR Apartment in Downtown Dubai | Ready to Move,Balcony with community view. Pet friendly building.,3BR Apartment,Downtown Dubai,25.21984,55.29759,4,1752,1,16,29,19750,Priya Nair,2026-05-31,active,0,2017
692,Exclusive 1BR Apartment in Arabian Ranches | High Floor,Shared pool and gym access. Near international schools.,1BR Apartment,Arabian Ranches,25.07037,55.27227,1,775,0,2,1,5500,Hassan Ali,2026-05-01,active,0,692
716,"Upgraded Townhouse in Dubai Marina, Motivated Seller","Covered parking included. Landlord maintained, no agency fees.",Townhouse,Dubai Marina,25.07065,55.13651,4,2416,0,1,0,24250,Hassan Ali,2026-03-25,active,0,716
2307,Mirdif 2BR Apartment - Negotiable Price,Shared pool and gym access. Balcony with community view.,2BR Apartment,Mirdif,25.19808,55.43956,3,1197,0,5,20,6000,Omar Farouk,2026-06-30,active,0,641
805,Exclusive Villa in Dubai Sports City | High Floor,Close to metro station and community mall. Pet friendly building.,Villa,Dubai Sports City,25.04192,55.21609,4,5083,1,0,0,25000,Anjali Menon,2026-01-17,active,0,805
316,Chiller Free Villa in Dubai Silicon Oasis,"Built-in wardrobes throughout. Near international schools. Landlord maintained, no agency fees. Shared pool and gym access.",Villa,Dubai Silicon Oasis,25.10831,55.39522,6,3006,1,1,0,11250,Hassan Ali,2026-06-11,active,0,316
2443,Arabian Ranches Studio - Negotiable Price,Pet friendly building. Balcony with community view. Shared pool and gym access. Near international schools.,Studio,Arabian Ranches,25.07282,55.2463,0,424,0,11,2,3000,Noor Abdullah,2026-08-06,active,0,1398
1665,Exclusive Townhouse in Arabian Ranches | High Floor,"Built-in wardrobes throughout. Landlord maintained, no agency fees. Balcony with community view. Recently renovated kitchen and bathrooms.",Townhouse,Arabian Ranches,25.05458,55.25084,3,2233,0,7,0,13000,Ravi Shankar,2026-06-19,active,0,1665
67,Chiller Free 3BR Apartment in Downtown Dubai,"Recently renovated kitchen and bathrooms. Landlord maintained, no agency fees.",3BR Apartment,Downtown Dubai,25.17686,55.25423,4,1747,0,12,27,20250,Noor Abdullah,2026-02-09,active,0,67
2482,"Hot Deal - 2BR Apartment in Downtown Dubai, Call Now",Available for immediate move-in. Covered parking included.,2BR Apartment,Downtown Dubai,25.22045,55.2872,2,1050,1,13,28,11000,Hassan Ali,2026-06-10,active,0,1080
2399,Must See! Studio Available in Al Furjan,"Built-in wardrobes throughout. Landlord maintained, no agency fees.",Studio,Al Furjan,25.00162,55.15645,0,488,1,20,15,3000,Noor Abdullah,2026-08-05,active,0,440
357,Stunning 2BR Apartment | Business Bay | Vacant Soon,Built-in wardrobes throughout. Shared pool and gym access. Pet friendly building.,2BR Apartment,Business Bay,25.19909,55.23917,2,989,1,8,8,8500,Anjali Menon,2026-03-17,active,0,357
2429,3BR Apartment in Downtown Dubai | Well Maintained,Close to metro station and community mall. Balcony with community view. Pet friendly building. Covered parking included.,3BR Apartment,Downtown Dubai,25.22098,55.26882,3,1715,0,3,6,16500,Chen Wei,2026-01-26,active,0,172
541,Townhouse with Full Amenities - Dubai Marina,Recently renovated kitchen and bathrooms. Near international schools. Pet friendly building.,Townhouse,Dubai Marina,25.08859,55.16194,3,1954,1,16,0,16250,Fatima Al-Suwaidi,2026-06-25,active,0,541
51,Chiller Free Villa in Al Furjan,Available for immediate move-in. Pet friendly building.,Villa,Al Furjan,24.99917,55.13091,6,3423,0,1,0,15000,Hassan Ali,2026-01-26,active,0,51
2161,1BR Apartment for Rent in Discovery Gardens - Prime Location,"Built-in wardrobes throughout. Near international schools. Landlord maintained, no agency fees. Balcony with community view.",1BR Apartment,Discovery Gardens,25.02871,55.16157,1,764,1,22,1,4000,Fatima Al-Suwaidi,2026-05-29,active,0,2161
2094,Best Deal! 3BR Apartment in Dubai Marina,Shared pool and gym access. Close to metro station and community mall.,3BR Apartment,Dubai Marina,25.05558,55.12802,3,1746,1,2,18,16000,Priya Nair,2026-01-01,active,0,2094
397,Exclusive Villa in Dubai Silicon Oasis | High Floor,Near international schools. Built-in wardrobes throughout.,Villa,Dubai Silicon Oasis,25.12719,55.36284,4,2912,0,20,0,11250,Layla Haddad,2026-02-04,active,0,397
439,Chiller Free Studio in Al Furjan,Available for immediate move-in. Shared pool and gym access. Recently renovated kitchen and bathrooms. Balcony with community view.,Studio,Al Furjan,25.00143,55.14694,0,461,1,10,17,2500,Michael Costa,2026-05-31,active,0,439
1591,Villa with Full Amenities - Downtown Dubai,"Landlord maintained, no agency fees. Recently renovated kitchen and bathrooms.",Villa,Downtown Dubai,25.19226,55.26555,6,3462,0,9,0,37750,Yusuf Karimi,2026-04-20,active,0,1591
2355,"Hot Deal - 1BR Apartment in Arabian Ranches, Call Now",Balcony with community view. Near international schools. Recently renovated kitchen and bathrooms. Close to metro station and community mall.,1BR Apartment,Arabian Ranches,25.06331,55.28144,2,760,1,16,26,5000,Hassan Ali,2026-03-12,active,0,1371
10,Best Deal! 1BR Apartment in Palm Jumeirah,Near international schools. Shared pool and gym access. Built-in wardrobes throughout. Covered parking included.,1BR Apartment,Palm Jumeirah,25.13238,55.13657,1,715,0,17,11,7750,Grace Okafor,2026-05-19,active,0,10
1102,Exclusive 1BR Apartment in Dubai Marina | High Floor,Shared pool and gym access. Available for immediate move-in. Close to metro station and community mall. Pet friendly building.,1BR Apartment,Dubai Marina,25.08311,55.16038,2,749,1,9,12,6500,Ravi Shankar,2026-07-02,active,0,1102
1884,"Upgraded Villa in Palm Jumeirah, Motivated Seller",Covered parking included. Shared pool and gym access. Built-in wardrobes throughout.,Villa,Palm Jumeirah,25.1204,55.1485,4,4034,0,8,0,50500,Sofia Marchetti,2026-03-07,active,0,1884
2309,2BR Apartment in Arabian Ranches | Well Maintained,Close to metro station and community mall. Available for immediate move-in. Near international schools. Built-in wardrobes throughout.,2BR Apartment,Arabian Ranches,25.05249,55.26716,2,1367,0,5,20,10000,Sofia Marchetti,2026-03-17,active,0,148
333,Spacious Villa in Mirdif | Ready to Move,"Close to metro station and community mall. Recently renovated kitchen and bathrooms. Landlord maintained, no agency fees. Covered parking included.",Villa,Mirdif,25.19668,55.4013,5,3790,0,18,0,17750,Daniel Reyes,2026-02-16,active,0,333
2187,Townhouse with Full Amenities - Arabian Ranches,Built-in wardrobes throughout. Pet friendly building.,Townhouse,Arabian Ranches,25.03648,55.29025,3,2290,0,7,0,15750,Michael Costa,2026-06-19,active,0,2187
824,"Upgraded Villa in Business Bay, Motivated Seller","Pet friendly building. Available for immediate move-in. Landlord maintained, no agency fees.",Villa,Business Bay,25.1815,55.28166,6,2963,1,12,0,21000,Sofia Marchetti,2026-08-03,active,0,824
1106,Chiller Free 3BR Apartment in Dubai Silicon Oasis,"Landlord maintained, no agency fees. Built-in wardrobes throughout. Available for immediate move-in. Recently renovated kitchen and bathrooms.",3BR Apartment,Dubai Silicon Oasis,25.14333,55.36013,4,1469,0,3,28,6750,Priya Nair,2026-04-20,active,0,1106
579,Townhouse with Full Amenities - Arabian Ranches,Shared pool and gym access. Close to metro station and community mall.,Townhouse,Arabian Ranches,25.07099,55.2913,3,2192,1,0,0,15000,Yusuf Karimi,2026-08-22,active,0,579
2604,"URGENT SALE Upgraded Villa in Discovery Gardens, Motivated Seller","Covered parking included. Landlord maintained, no agency fees.",Villa,Discovery Gardens,25.03292,55.125,5,5140,0,0,0,12055,Elena Popescu,2026-06-25,active,1,2604
990,3BR Apartment for Rent in Dubai Sports City - Prime Location,Covered parking included. Shared pool and gym access.,3BR Apartment,Dubai Sports City,25.04847,55.20778,4,1919,1,0,35,8500,Noor Abdullah,2026-05-02,active,0,990
446,Stunning Villa | Discovery Gardens | Vacant Soon,"Landlord maintained, no agency fees. Balcony with community view.",Villa,Discovery Gardens,25.0521,55.12577,6,3656,1,20,0,17000,Michael Costa,2026-05-22,active,0,446
2216,Brand New Listing: Studio in Dubai Marina,"Shared pool and gym access. Recently renovated kitchen and bathrooms. Landlord maintained, no agency fees.",Studio,Dubai Marina,25.08473,55.13039,0,502,1,15,37,4500,Noor Abdullah,2026-02-22,active,0,1786
2338,Dubai Sports City Townhouse - Negotiable Price,Shared pool and gym access. Close to metro station and community mall.,Townhouse,Dubai Sports City,25.03097,55.19723,4,1881,0,11,0,7500,Grace Okafor,2026-03-27,active,0,1569
1418,Best Deal! Studio in Downtown Dubai,Recently renovated kitchen and bathrooms. Covered parking included. Balcony with community view. Pet friendly building.,Studio,Downtown Dubai,25.19407,55.27937,0,390,1,7,30,5250,Priya Nair,2026-06-28,active,0,1418
171,Stunning 2BR Apartment | Jumeirah Lake Towers | Vacant Soon,Balcony with community view. Pet friendly building.,2BR Apartment,Jumeirah Lake Towers,25.0676,55.13773,3,1385,1,12,21,10250,Omar Farouk,2026-05-30,active,0,171
1236,Spacious 2BR Apartment in Mirdif | Ready to Move,Shared pool and gym access. Available for immediate move-in.,2BR Apartment,Mirdif,25.23246,55.43653,3,1126,0,1,8,5500,Chen Wei,2026-07-23,active,0,1236
1002,Exclusive 3BR Apartment in Jumeirah Village Circle | High Floor,"Balcony with community view. Recently renovated kitchen and bathrooms. Near international schools. Landlord maintained, no agency fees.",3BR Apartment,Jumeirah Village Circle,25.05112,55.18709,4,2099,0,7,39,11250,Michael Costa,2026-03-22,active,0,1002
573,Stunning Studio | Palm Jumeirah | Vacant Soon,Near international schools. Pet friendly building. Covered parking included.,Studio,Palm Jumeirah,25.13506,55.13143,0,512,0,4,14,7500,Omar Farouk,2026-02-26,active,0,573
1847,"Upgraded Townhouse in Palm Jumeirah, Motivated Seller",Shared pool and gym access. Covered parking included.,Townhouse,Palm Jumeirah,25.12576,55.12903,3,2572,0,6,0,35000,Grace Okafor,2026-03-14,active,0,1847
656,Stunning 3BR Apartment | Jumeirah Lake Towers | Vacant Soon,Covered parking included. Near international schools.,3BR Apartment,Jumeirah Lake Towers,25.05322,55.14558,3,1998,0,11,40,16250,Omar Farouk,2026-02-21,active,0,656
945,Stunning 3BR Apartment | Arabian Ranches | Vacant Soon,Balcony with community view. Shared pool and gym access. Covered parking included. Available for immediate move-in.,3BR Apartment,Arabian Ranches,25.06093,55.26257,4,1568,1,21,21,9000,Anjali Menon,2026-03-29,active,0,945
1416,Exclusive Studio in Dubai Sports City | High Floor,Built-in wardrobes throughout. Covered parking included.,Studio,Dubai Sports City,25.02707,55.20272,0,419,1,2,8,2000,Yusuf Karimi,2026-07-31,active,0,1416
1888,"Upgraded 2BR Apartment in Downtown Dubai, Motivated Seller",Close to metro station and community mall. Balcony with community view. Pet friendly building.,2BR Apartment,Downtown Dubai,25.18262,55.25757,2,1385,0,11,17,16750,Omar Farouk,2026-06-01,active,0,1888
462,"Upgraded Townhouse in Jumeirah Lake Towers, Motivated Seller","Pet friendly building. Landlord maintained, no agency fees. Shared pool and gym access.",Townhouse,Jumeirah Lake Towers,25.06475,55.15763,4,1886,1,2,0,13500,Ravi Shankar,2026-05-12,active,0,462
44,2BR Apartment with Full Amenities - Business Bay,Shared pool and gym access. Near international schools. Pet friendly building. Covered parking included.,2BR Apartment,Business Bay,25.16622,55.24009,3,1373,1,1,11,12750,Chen Wei,2026-04-30,active,0,44
1214,Best Deal! Villa in Discovery Gardens,Close to metro station and community mall. Near international schools.,Villa,Discovery Gardens,25.06044,55.15633,6,3260,0,7,0,16500,Omar Farouk,2026-05-09,active,0,1214
922,Spacious Townhouse in Palm Jumeirah | Ready to Move,Close to metro station and community mall. Built-in wardrobes throughout. Shared pool and gym access.,Townhouse,Palm Jumeirah,25.13176,55.11989,3,2025,1,21,0,27500,Noor Abdullah,2026-02-05,active,0,922
1536,Chiller Free Villa in Palm Jumeirah,Near international schools. Close to metro station and community mall. Built-in wardrobes throughout.,Villa,Palm Jumeirah,25.10131,55.13806,4,3077,1,5,0,45000,Priya Nair,2026-06-30,active,0,1536
1464,Best Deal! Villa in Arabian Ranches,Near international schools. Available for immediate move-in. Covered parking included. Shared pool and gym access.,Villa,Arabian Ranches,25.04103,55.28247,4,3068,1,20,0,19500,Elena Popescu,2026-04-01,active,0,1464
759,Exclusive Villa in Al Furjan | High Floor,Close to metro station and community mall. Shared pool and gym access. Available for immediate move-in. Covered parking included.,Villa,Al Furjan,25.0123,55.16875,5,5136,0,20,0,21500,Fatima Al-Suwaidi,2026-08-22,active,0,759
1503,Stunning Villa | Dubai Sports City | Vacant Soon,Available for immediate move-in. Recently renovated kitchen and bathrooms. Near international schools.,Villa,Dubai Sports City,25.0619,55.23618,4,3431,1,10,0,17750,Hassan Ali,2026-01-18,active,0,1503
2532,Business Bay Studio - Negotiable Price,Built-in wardrobes throughout. Balcony with community view.,Studio,Business Bay,25.20406,55.25193,0,428,1,1,8,4000,Chen Wei,2026-06-02,active,0,1111
878,Exclusive Townhouse in Dubai Silicon Oasis | High Floor,"Near international schools. Landlord maintained, no agency fees. Covered parking included. Available for immediate move-in.",Townhouse,Dubai Silicon Oasis,25.14121,55.36353,4,2043,1,6,0,8750,Anjali Menon,2026-02-04,active,0,878
1872,"Upgraded 2BR Apartment in Discovery Gardens, Motivated Seller",Covered parking included. Near international schools. Pet friendly building.,2BR Apartment,Discovery Gardens,25.06016,55.16258,2,1215,0,12,25,6250,Omar Farouk,2026-07-10,active,0,1872
1582,Best Deal! 1BR Apartment in Mirdif,"Close to metro station and community mall. Landlord maintained, no agency fees. Pet friendly building. Built-in wardrobes throughout.",1BR Apartment,Mirdif,25.22785,55.43633,2,810,0,18,27,3500,Layla Haddad,2026-05-14,active,0,1582
801,Spacious Townhouse in Downtown Dubai | Ready to Move,"Covered parking included. Near international schools. Landlord maintained, no agency fees. Available for immediate move-in.",Townhouse,Downtown Dubai,25.17339,55.25002,3,2553,0,22,0,26250,Yusuf Karimi,2026-04-03,active,0,801
1786,"Upgraded Studio in Dubai Marina, Motivated Seller",Near international schools. Shared pool and gym access. Available for immediate move-in.,Studio,Dubai Marina,25.0843,55.12998,0,487,1,15,37,4250,Ravi Shankar,2026-02-16,active,0,1786
2039,Stunning 1BR Apartment | Dubai Marina | Vacant Soon,Balcony with community view. Near international schools.,1BR Apartment,Dubai Marina,25.08196,55.12478,2,677,0,10,21,6750,Fatima Al-Suwaidi,2026-06-22,active,0,2039
1809,Best Deal! 3BR Apartment in Mirdif,"Landlord maintained, no agency fees. Close to metro station and community mall. Covered parking included. Near international schools.",3BR Apartment,Mirdif,25.21464,55.44161,4,1602,0,19,28,7250,Sofia Marchetti,2026-02-03,active,0,1809
195,Stunning 2BR Apartment | Dubai Marina | Vacant Soon,"Landlord maintained, no agency fees. Available for immediate move-in. Built-in wardrobes throughout.",2BR Apartment,Dubai Marina,25.07271,55.15718,3,1310,1,11,30,12250,Yusuf Karimi,2026-06-02,active,0,195
215,Spacious 1BR Apartment in Al Furjan | Ready to Move,"Shared pool and gym access. Landlord maintained, no agency fees.",1BR Apartment,Al Furjan,25.00019,55.15115,1,690,0,18,29,3000,Noor Abdullah,2026-07-10,active,0,215
1879,3BR Apartment with Full Amenities - Dubai Sports City,Built-in wardrobes throughout. Pet friendly building.,3BR Apartment,Dubai Sports City,25.06341,55.21136,4,1887,0,15,13,7500,Fatima Al-Suwaidi,2026-01-23,active,0,1879
1414,2BR Apartment for Rent in Jumeirah Lake Towers - Prime Location,"Pet friendly building. Landlord maintained, no agency fees.",2BR Apartment,Jumeirah Lake Towers,25.0657,55.13844,3,1142,1,9,16,9000,Noor Abdullah,2026-02-20,active,0,1414
1272,Villa with Full Amenities - Palm Jumeirah,Available for immediate move-in. Built-in wardrobes throughout. Close to metro station and community mall.,Villa,Palm Jumeirah,25.12043,55.11496,4,3068,0,12,0,35000,Priya Nair,2026-05-21,active,0,1272
2361,Must See! Townhouse Available in Downtown Dubai,Near international schools. Shared pool and gym access.,Townhouse,Downtown Dubai,25.17991,55.25359,4,2144,0,22,0,25500,Hassan Ali,2026-05-14,active,0,811
1647,Spacious Studio in Mirdif | Ready to Move,"Landlord maintained, no agency fees. Available for immediate move-in. Covered parking included. Near international schools.",Studio,Mirdif,25.23413,55.41617,0,415,0,9,22,1750,Sofia Marchetti,2026-01-09,active,0,1647
1032,Stunning 1BR Apartment | Palm Jumeirah | Vacant Soon,Near international schools. Pet friendly building. Covered parking included. Close to metro station and community mall.,1BR Apartment,Palm Jumeirah,25.09421,55.13498,2,936,0,8,1,10250,Priya Nair,2026-05-13,active,0,1032
53,Spacious 2BR Apartment in Mirdif | Ready to Move,Built-in wardrobes throughout. Close to metro station and community mall.,2BR Apartment,Mirdif,25.20647,55.41484,2,1066,0,13,7,5000,Elena Popescu,2026-03-18,active,0,53
2270,Must See! Villa Available in Jumeirah Village Circle,"Near international schools. Landlord maintained, no agency fees. Built-in wardrobes throughout. Pet friendly building.",Villa,Jumeirah Village Circle,25.06212,55.2098,6,5120,0,22,0,26500,Priya Nair,2026-03-07,active,0,983
330,Stunning Studio | Arabian Ranches | Vacant Soon,"Landlord maintained, no agency fees. Built-in wardrobes throughout.",Studio,Arabian Ranches,25.02892,55.25862,0,417,0,4,32,3000,Noor Abdullah,2026-07-05,active,0,330
1985,Spacious 3BR Apartment in Palm Jumeirah | Ready to Move,Covered parking included. Balcony with community view. Near international schools.,3BR Apartment,Palm Jumeirah,25.12941,55.14697,4,1877,0,7,16,21250,Michael Costa,2026-03-17,active,0,1985
123,2BR Apartment with Full Amenities - Dubai Sports City,Available for immediate move-in. Balcony with community view.,2BR Apartment,Dubai Sports City,25.0516,55.21416,3,1245,0,21,21,4500,Fatima Al-Suwaidi,2026-04-16,active,0,123
1828,Chiller Free Townhouse in Discovery Gardens,Pet friendly building. Close to metro station and community mall.,Townhouse,Discovery Gardens,25.04161,55.1515,3,2027,0,18,0,9000,Noor Abdullah,2026-07-23,active,0,1828
242,Exclusive 1BR Apartment in Dubai Marina | High Floor,"Landlord maintained, no agency fees. Close to metro station and community mall. Near international schools. Available for immediate move-in.",1BR Apartment,Dubai Marina,25.06633,55.14563,2,672,1,18,11,5000,Priya Nair,2026-08-25,active,0,242
1113,Exclusive Villa in Al Furjan | High Floor,Shared pool and gym access. Built-in wardrobes throughout.,Villa,Al Furjan,25.03265,55.13673,6,3842,1,17,0,18500,Omar Farouk,2026-02-06,active,0,1113
251,Villa with Full Amenities - Discovery Gardens,"Landlord maintained, no agency fees. Covered parking included.",Villa,Discovery Gardens,25.03754,55.1396,4,3081,0,17,0,13000,Daniel Reyes,2026-03-31,active,0,251
1909,Stunning Villa | Jumeirah Village Circle | Vacant Soon,Shared pool and gym access. Available for immediate move-in. Pet friendly building.,Villa,Jumeirah Village Circle,25.03937,55.22947,4,5002,1,4,0,29250,Elena Popescu,2026-06-11,active,0,1909
2478,Must See! Studio Available in Business Bay,Recently renovated kitchen and bathrooms. Shared pool and gym access. Pet friendly building.,Studio,Business Bay,25.18503,55.24178,0,501,0,15,37,4000,Chen Wei,2026-01-29,active,0,212
337,Exclusive Studio in Dubai Marina | High Floor,Balcony with community view. Built-in wardrobes throughout. Shared pool and gym access.,Studio,Dubai Marina,25.08423,55.14107,0,398,0,8,29,3000,Noor Abdullah,2026-01-10,active,0,337
1375,Exclusive Villa in Business Bay | High Floor,"Landlord maintained, no agency fees. Balcony with community view. Near international schools.",Villa,Business Bay,25.16736,55.26184,4,5161,0,10,0,41750,Chen Wei,2026-08-22,active,0,1375
1089,Stunning Townhouse | Dubai Marina | Vacant Soon,Pet friendly building. Shared pool and gym access.,Townhouse,Dubai Marina,25.08925,55.11672,4,2335,0,2,0,18250,Grace Okafor,2026-01-21,active,0,1089
1083,"Upgraded Villa in Discovery Gardens, Motivated Seller",Close to metro station and community mall. Shared pool and gym access. Covered parking included. Available for immediate move-in.,Villa,Discovery Gardens,25.05965,55.15892,5,3554,1,11,0,16750,Michael Costa,2026-03-28,active,0,1083
929,Villa with Full Amenities - Dubai Silicon Oasis,Shared pool and gym access. Available for immediate move-in.,Villa,Dubai Silicon Oasis,25.13213,55.37044,4,4742,0,1,0,23000,Grace Okafor,2026-01-18,active,0,929
1007,Spacious Studio in Jumeirah Village Circle | Ready to Move,Pet friendly building. Available for immediate move-in.,Studio,Jumeirah Village Circle,25.0816,55.20836,0,475,0,16,17,2250,Elena Popescu,2026-07-14,active,0,1007
486,1BR Apartment for Rent in Business Bay - Prime Location,Close to metro station and community mall. Recently renovated kitchen and bathrooms. Shared pool and gym access.,1BR Apartment,Business Bay,25.20881,55.24622,2,652,1,16,24,5000,Fatima Al-Suwaidi,2026-05-06,active,0,486
2072,Spacious Townhouse in Dubai Marina | Ready to Move,Covered parking included. Recently renovated kitchen and bathrooms. Near international schools.,Townhouse,Dubai Marina,25.09447,55.11833,4,2387,1,15,0,23250,Fatima Al-Suwaidi,2026-01-06,active,0,2072
1673,Spacious Studio in Downtown Dubai | Ready to Move,Available for immediate move-in. Shared pool and gym access. Pet friendly building. Recently renovated kitchen and bathrooms.,Studio,Downtown Dubai,25.18203,55.29601,0,392,0,17,33,3500,Hassan Ali,2026-04-07,active,0,1673
1572,Best Deal! Villa in Business Bay,Recently renovated kitchen and bathrooms. Built-in wardrobes throughout. Covered parking included.,Villa,Business Bay,25.1802,55.26129,4,2810,0,8,0,22250,Chen Wei,2026-04-14,active,0,1572
806,Townhouse with Full Amenities - Dubai Marina,Covered parking included. Pet friendly building.,Townhouse,Dubai Marina,25.09602,55.16509,3,1845,0,8,0,16500,Layla Haddad,2026-03-10,active,0,806
99,Villa with Full Amenities - Business Bay,"Covered parking included. Shared pool and gym access. Close to metro station and community mall. Landlord maintained, no agency fees.",Villa,Business Bay,25.20665,55.26538,6,4182,0,18,0,24000,Grace Okafor,2026-06-14,active,0,99
780,Best Deal! Studio in Mirdif,Close to metro station and community mall. Recently renovated kitchen and bathrooms.,Studio,Mirdif,25.21115,55.42737,0,536,1,22,9,2250,Anjali Menon,2026-01-01,active,0,780
1827,Exclusive Studio in Palm Jumeirah | High Floor,"Built-in wardrobes throughout. Close to metro station and community mall. Landlord maintained, no agency fees. Balcony with community view.",Studio,Palm Jumeirah,25.09344,55.11874,0,475,0,12,42,7000,Michael Costa,2026-01-30,active,0,1827
237,Townhouse with Full Amenities - Dubai Marina,Pet friendly building. Available for immediate move-in.,Townhouse,Dubai Marina,25.08102,55.13514,3,2066,0,17,0,16250,Elena Popescu,2026-02-27,active,0,237
972,Chiller Free 3BR Apartment in Discovery Gardens,Recently renovated kitchen and bathrooms. Covered parking included.,3BR Apartment,Discovery Gardens,25.06324,55.12533,4,1467,0,20,1,7500,Grace Okafor,2026-02-02,active,0,972
576,"Upgraded Studio in Business Bay, Motivated Seller",Balcony with community view. Built-in wardrobes throughout. Covered parking included.,Studio,Business Bay,25.16583,55.27095,0,510,1,13,19,4250,Priya Nair,2026-01-30,active,0,576
1426,Exclusive Villa in Dubai Sports City | High Floor,Covered parking included. Balcony with community view. Shared pool and gym access. Recently renovated kitchen and bathrooms.,Villa,Dubai Sports City,25.02052,55.19617,4,3904,1,22,0,18250,Michael Costa,2026-04-12,active,0,1426
783,Spacious 3BR Apartment in Downtown Dubai | Ready to Move,Pet friendly building. Built-in wardrobes throughout.,3BR Apartment,Downtown Dubai,25.21733,55.25242,4,1656,0,7,34,15250,Omar Farouk,2026-02-11,active,0,783
1815,Stunning Villa | Al Furjan | Vacant Soon,Covered parking included. Near international schools.,Villa,Al Furjan,25.04431,55.1463,6,4340,1,5,0,21250,Hassan Ali,2026-06-30,active,0,1815
268,Stunning Villa | Jumeirah Lake Towers | Vacant Soon,Pet friendly building. Close to metro station and community mall. Covered parking included. Available for immediate move-in.,Villa,Jumeirah Lake Towers,25.05183,55.14208,5,4815,1,0,0,35750,Fatima Al-Suwaidi,2026-03-14,active,0,268
1682,Chiller Free Studio in Discovery Gardens,"Covered parking included. Pet friendly building. Landlord maintained, no agency fees.",Studio,Discovery Gardens,25.04488,55.13735,0,435,1,10,33,2250,Ravi Shankar,2026-06-08,active,0,1682
1729,Chiller Free 2BR Apartment in Mirdif,"Landlord maintained, no agency fees. Pet friendly building. Near international schools.",2BR Apartment,Mirdif,25.22422,55.42982,3,1239,0,21,41,4750,Priya Nair,2026-06-22,active,0,1729
1006,Studio for Rent in Business Bay - Prime Location,Close to metro station and community mall. Recently renovated kitchen and bathrooms. Available for immediate move-in.,Studio,Business Bay,25.17104,55.27356,0,424,1,5,29,3500,Daniel Reyes,2026-07-15,active,0,1006
2616,URGENT SALE Stunning 3BR Apartment | Jumeirah Village Circle | Vacant Soon,Recently renovated kitchen and bathrooms. Pet friendly building. Covered parking included. Near international schools.,3BR Apartment,Jumeirah Village Circle,25.04271,55.22206,4,1778,1,1,7,4736,Sofia Marchetti,2026-03-10,active,1,2616
198,"Upgraded Studio in Dubai Sports City, Motivated Seller",Built-in wardrobes throughout. Near international schools. Available for immediate move-in.,Studio,Dubai Sports City,25.05311,55.24041,0,381,0,21,24,1500,Omar Farouk,2026-05-04,active,0,198
482,Best Deal! Villa in Downtown Dubai,Shared pool and gym access. Available for immediate move-in. Built-in wardrobes throughout. Recently renovated kitchen and bathrooms.,Villa,Downtown Dubai,25.19432,55.2497,5,4156,1,6,0,48250,Chen Wei,2026-06-25,active,0,482
1140,Studio for Rent in Discovery Gardens - Prime Location,Covered parking included. Near international schools.,Studio,Discovery Gardens,25.06075,55.13455,0,547,1,15,11,2750,Daniel Reyes,2026-04-20,active,0,1140
304,1BR Apartment for Rent in Dubai Marina - Prime Location,"Balcony with community view. Landlord maintained, no agency fees. Near international schools.",1BR Apartment,Dubai Marina,25.08605,55.14988,1,725,1,11,3,5500,Layla Haddad,2026-01-23,active,0,304
608,Best Deal! Studio in Discovery Gardens,Near international schools. Pet friendly building.,Studio,Discovery Gardens,25.03668,55.1337,0,493,0,19,41,2500,Priya Nair,2026-04-07,active,0,608
50,Exclusive 3BR Apartment in Business Bay | High Floor,Shared pool and gym access. Close to metro station and community mall.,3BR Apartment,Business Bay,25.17811,55.26175,4,1951,0,10,36,17250,Michael Costa,2026-06-28,active,0,50
1666,Stunning Villa | Downtown Dubai | Vacant Soon,Shared pool and gym access. Built-in wardrobes throughout. Covered parking included.,Villa,Downtown Dubai,25.20817,55.28528,6,3759,1,0,0,51250,Ravi Shankar,2026-05-30,active,0,1666
1127,Best Deal! 3BR Apartment in Dubai Silicon Oasis,Pet friendly building. Shared pool and gym access.,3BR Apartment,Dubai Silicon Oasis,25.14341,55.36147,4,1649,0,5,36,8250,Noor Abdullah,2026-04-09,active,0,1127
1552,Spacious 2BR Apartment in Business Bay | Ready to Move,"Landlord maintained, no agency fees. Close to metro station and community mall. Near international schools. Shared pool and gym access.",2BR Apartment,Business Bay,25.16637,55.26323,3,956,0,11,20,8250,Daniel Reyes,2026-06-05,active,0,1552
2185,Best Deal! Villa in Business Bay,Close to metro station and community mall. Recently renovated kitchen and bathrooms. Available for immediate move-in.,Villa,Business Bay,25.1749,55.27858,5,4426,1,20,0,35000,Yusuf Karimi,2026-08-03,active,0,2185
2438,Dubai Sports City 1BR Apartment - Negotiable Price,Close to metro station and community mall. Built-in wardrobes throughout. Shared pool and gym access. Covered parking included.,1BR Apartment,Dubai Sports City,25.06499,55.23568,1,679,1,3,38,4000,Priya Nair,2026-08-31,active,0,1393
774,Stunning 1BR Apartment | Dubai Marina | Vacant Soon,Close to metro station and community mall. Pet friendly building. Built-in wardrobes throughout.,1BR Apartment,Dubai Marina,25.09978,55.16469,2,845,0,15,11,7750,Ravi Shankar,2026-04-23,active,0,774
785,Exclusive 3BR Apartment in Jumeirah Lake Towers | High Floor,"Pet friendly building. Landlord maintained, no agency fees. Balcony with community view.",3BR Apartment,Jumeirah Lake Towers,25.0514,55.15493,4,1720,0,6,15,13250,Daniel Reyes,2026-04-29,active,0,785
143,Villa for Rent in Business Bay - Prime Location,Recently renovated kitchen and bathrooms. Near international schools.,Villa,Business Bay,25.1733,55.27544,6,2981,0,20,0,23000,Anjali Menon,2026-07-23,active,0,143
605,"Upgraded Townhouse in Palm Jumeirah, Motivated Seller",Balcony with community view. Near international schools. Available for immediate move-in.,Townhouse,Palm Jumeirah,25.13357,55.11741,4,2015,1,22,0,25750,Chen Wei,2026-06-17,active,0,605
1009,"Upgraded 1BR Apartment in Jumeirah Village Circle, Motivated Seller","Landlord maintained, no agency fees. Shared pool and gym access. Close to metro station and community mall. Covered parking included.",1BR Apartment,Jumeirah Village Circle,25.06021,55.23299,1,706,0,1,14,3750,Anjali Menon,2026-02-28,active,0,1009
1617,2BR Apartment for Rent in Jumeirah Village Circle - Prime Location,Pet friendly building. Close to metro station and community mall. Recently renovated kitchen and bathrooms. Balcony with community view.,2BR Apartment,Jumeirah Village Circle,25.03471,55.18964,3,1121,0,19,10,5000,Daniel Reyes,2026-05-17,active,0,1617
96,"Upgraded 1BR Apartment in Jumeirah Lake Towers, Motivated Seller",Available for immediate move-in. Balcony with community view. Recently renovated kitchen and bathrooms.,1BR Apartment,Jumeirah Lake Towers,25.04759,55.13731,2,739,0,16,15,4750,Daniel Reyes,2026-01-07,active,0,96
2597,URGENT SALE 1BR Apartment for Rent in Jumeirah Village Circle - Prime Location,"Landlord maintained, no agency fees. Recently renovated kitchen and bathrooms. Close to metro station and community mall. Shared pool and gym access.",1BR Apartment,Jumeirah Village Circle,25.04772,55.20992,2,738,0,22,32,1958,Grace Okafor,2026-02-27,active,1,2597
2223,Brand New Listing: Villa in Palm Jumeirah,"Close to metro station and community mall. Shared pool and gym access. Pet friendly building. Landlord maintained, no agency fees.",Villa,Palm Jumeirah,25.11219,55.13236,5,4201,1,13,0,49500,Chen Wei,2026-06-07,active,0,135
677,Chiller Free 3BR Apartment in Dubai Marina,"Built-in wardrobes throughout. Pet friendly building. Landlord maintained, no agency fees. Shared pool and gym access.",3BR Apartment,Dubai Marina,25.08225,55.13354,3,2069,0,12,28,20000,Grace Okafor,2026-06-04,active,0,677
2023,Studio for Rent in Al Furjan - Prime Location,"Landlord maintained, no agency fees. Available for immediate move-in. Pet friendly building. Recently renovated kitchen and bathrooms.",Studio,Al Furjan,25.01931,55.15914,0,514,1,17,32,2500,Fatima Al-Suwaidi,2026-01-17,active,0,2023
366,Chiller Free 2BR Apartment in Dubai Sports City,Near international schools. Shared pool and gym access.,2BR Apartment,Dubai Sports City,25.02927,55.23814,2,1202,0,14,15,4500,Noor Abdullah,2026-08-02,active,0,366
454,Spacious 3BR Apartment in Business Bay | Ready to Move,Built-in wardrobes throughout. Covered parking included. Available for immediate move-in.,3BR Apartment,Business Bay,25.19423,55.24816,3,1716,0,9,24,15250,Sofia Marchetti,2026-03-02,active,0,454
1833,Villa for Rent in Dubai Sports City - Prime Location,"Landlord maintained, no agency fees. Shared pool and gym access.",Villa,Dubai Sports City,25.05196,55.22134,5,3355,1,4,0,14000,Sofia Marchetti,2026-04-21,active,0,1833
1400,Stunning Townhouse | Jumeirah Village Circle | Vacant Soon,Recently renovated kitchen and bathrooms. Near international schools. Available for immediate move-in. Covered parking included.,Townhouse,Jumeirah Village Circle,25.06028,55.22429,4,2094,0,22,0,11250,Hassan Ali,2026-03-27,active,0,1400
1826,Spacious Townhouse in Business Bay | Ready to Move,Balcony with community view. Near international schools.,Townhouse,Business Bay,25.20273,55.28091,3,2146,0,15,0,13500,Elena Popescu,2026-08-13,active,0,1826
792,Best Deal! 2BR Apartment in Arabian Ranches,Covered parking included. Recently renovated kitchen and bathrooms. Near international schools. Built-in wardrobes throughout.,2BR Apartment,Arabian Ranches,25.02923,55.28964,3,1372,0,17,10,9000,Sofia Marchetti,2026-08-15,active,0,792
2600,"URGENT SALE Upgraded Townhouse in Dubai Silicon Oasis, Motivated Seller","Available for immediate move-in. Landlord maintained, no agency fees. Recently renovated kitchen and bathrooms. Shared pool and gym access.",Townhouse,Dubai Silicon Oasis,25.10237,55.37317,3,1916,0,0,0,2661,Hassan Ali,2026-05-07,active,1,2600
2301,"Hot Deal - 3BR Apartment in Mirdif, Call Now",Shared pool and gym access. Built-in wardrobes throughout.,3BR Apartment,Mirdif,25.21539,55.40115,4,1923,0,16,42,8500,Daniel Reyes,2026-05-05,active,0,1497
2350,Must See! Villa Available in Dubai Silicon Oasis,Close to metro station and community mall. Shared pool and gym access. Available for immediate move-in. Near international schools.,Villa,Dubai Silicon Oasis,25.14601,55.39624,6,4741,1,6,0,20000,Chen Wei,2026-01-11,active,0,1945
24,Best Deal! Townhouse in Al Furjan,Shared pool and gym access. Recently renovated kitchen and bathrooms. Built-in wardrobes throughout.,Townhouse,Al Furjan,25.02956,55.15687,3,2323,1,18,0,10000,Sofia Marchetti,2026-07-26,active,0,24
2462,Must See! 3BR Apartment Available in Arabian Ranches,Pet friendly building. Built-in wardrobes throughout. Available for immediate move-in. Covered parking included.,3BR Apartment,Arabian Ranches,25.03218,55.2888,3,2003,0,8,19,14000,Grace Okafor,2026-02-09,active,0,1191
1978,Best Deal! Villa in Arabian Ranches,Recently renovated kitchen and bathrooms. Available for immediate move-in. Close to metro station and community mall.,Villa,Arabian Ranches,25.05113,55.29412,6,4853,0,16,0,34250,Hassan Ali,2026-04-27,active,0,1978
508,Best Deal! Villa in Downtown Dubai,Balcony with community view. Recently renovated kitchen and bathrooms. Near international schools. Shared pool and gym access.,Villa,Downtown Dubai,25.20985,55.25363,4,3280,1,19,0,36000,Priya Nair,2026-01-11,active,0,508
1114,Spacious 1BR Apartment in Al Furjan | Ready to Move,"Available for immediate move-in. Landlord maintained, no agency fees. Pet friendly building.",1BR Apartment,Al Furjan,25.02383,55.15271,2,749,0,0,35,4250,Elena Popescu,2026-08-13,active,0,1114
1539,Exclusive 1BR Apartment in Discovery Gardens | High Floor,"Pet friendly building. Landlord maintained, no agency fees. Near international schools.",1BR Apartment,Discovery Gardens,25.01958,55.12391,1,908,0,7,23,5250,Anjali Menon,2026-08-09,active,0,1539
277,Chiller Free 3BR Apartment in Mirdif,Pet friendly building. Close to metro station and community mall.,3BR Apartment,Mirdif,25.20985,55.43327,4,1938,0,18,17,7250,Michael Costa,2026-08-24,active,0,277
1898,Stunning 3BR Apartment | Business Bay | Vacant Soon,Pet friendly building. Shared pool and gym access. Built-in wardrobes throughout. Recently renovated kitchen and bathrooms.,3BR Apartment,Business Bay,25.20246,55.2852,4,1841,0,19,2,13250,Yusuf Karimi,2026-02-09,active,0,1898
1365,Studio for Rent in Dubai Sports City - Prime Location,Pet friendly building. Recently renovated kitchen and bathrooms. Close to metro station and community mall. Near international schools.,Studio,Dubai Sports City,25.05387,55.22434,0,463,1,2,17,2000,Yusuf Karimi,2026-01-04,active,0,1365
1430,Spacious 3BR Apartment in Jumeirah Village Circle | Ready to Move,Near international schools. Recently renovated kitchen and bathrooms. Close to metro station and community mall.,3BR Apartment,Jumeirah Village Circle,25.04659,55.1979,3,1753,0,16,42,7250,Ravi Shankar,2026-05-11,active,0,1430
908,2BR Apartment with Full Amenities - Dubai Marina,"Built-in wardrobes throughout. Recently renovated kitchen and bathrooms. Shared pool and gym access. Landlord maintained, no agency fees.",2BR Apartment,Dubai Marina,25.06659,55.12237,2,1301,0,9,16,10500,Hassan Ali,2026-02-19,active,0,908
2212,Townhouse in Dubai Marina | Well Maintained,Balcony with community view. Recently renovated kitchen and bathrooms. Available for immediate move-in.,Townhouse,Dubai Marina,25.09702,55.13375,4,1904,0,15,0,12500,Anjali Menon,2026-06-29,active,0,646
1667,Stunning 3BR Apartment | Dubai Sports City | Vacant Soon,Available for immediate move-in. Pet friendly building. Balcony with community view.,3BR Apartment,Dubai Sports City,25.06675,55.2026,4,2063,0,7,7,10500,Chen Wei,2026-04-20,active,0,1667
451,Exclusive Studio in Business Bay | High Floor,"Landlord maintained, no agency fees. Close to metro station and community mall.",Studio,Business Bay,25.18487,55.26131,0,493,1,19,41,4000,Omar Farouk,2026-04-13,active,0,451
1174,2BR Apartment with Full Amenities - Business Bay,Available for immediate move-in. Shared pool and gym access. Recently renovated kitchen and bathrooms.,2BR Apartment,Business Bay,25.19658,55.24886,3,957,1,22,42,8250,Michael Costa,2026-01-10,active,0,1174
1929,Best Deal! 2BR Apartment in Discovery Gardens,"Pet friendly building. Close to metro station and community mall. Landlord maintained, no agency fees.",2BR Apartment,Discovery Gardens,25.05742,55.16892,3,972,0,22,41,4000,Daniel Reyes,2026-07-09,active,0,1929
60,1BR Apartment for Rent in Dubai Sports City - Prime Location,Available for immediate move-in. Balcony with community view.,1BR Apartment,Dubai Sports City,25.03973,55.21135,2,682,0,14,20,3000,Omar Farouk,2026-05-07,active,0,60
136,Stunning 1BR Apartment | Al Furjan | Vacant Soon,Shared pool and gym access. Built-in wardrobes throughout. Available for immediate move-in. Close to metro station and community mall.,1BR Apartment,Al Furjan,25.00298,55.17085,2,949,0,2,40,4500,Chen Wei,2026-04-08,active,0,136
1469,2BR Apartment with Full Amenities - Jumeirah Village Circle,Built-in wardrobes throughout. Covered parking included.,2BR Apartment,Jumeirah Village Circle,25.07674,55.19126,3,969,0,22,41,3750,Omar Farouk,2026-05-24,active,0,1469
563,Villa for Rent in Downtown Dubai - Prime Location,"Pet friendly building. Landlord maintained, no agency fees. Shared pool and gym access. Covered parking included.",Villa,Downtown Dubai,25.18979,55.29081,5,5162,0,11,0,62750,Hassan Ali,2026-05-09,active,0,563
2238,Must See! Townhouse Available in Arabian Ranches,Built-in wardrobes throughout. Covered parking included.,Townhouse,Arabian Ranches,25.06047,55.28446,4,2335,0,1,0,15000,Grace Okafor,2026-01-27,active,0,228
1357,Exclusive 1BR Apartment in Discovery Gardens | High Floor,Close to metro station and community mall. Balcony with community view.,1BR Apartment,Discovery Gardens,25.06467,55.15673,1,709,0,6,27,3250,Anjali Menon,2026-04-17,active,0,1357
2528,Downtown Dubai Townhouse - Negotiable Price,Balcony with community view. Pet friendly building. Covered parking included.,Townhouse,Downtown Dubai,25.20793,55.27591,4,2107,0,15,0,19500,Layla Haddad,2026-03-06,active,0,95
1923,Exclusive Townhouse in Dubai Silicon Oasis | High Floor,"Available for immediate move-in. Built-in wardrobes throughout. Landlord maintained, no agency fees. Pet friendly building.",Townhouse,Dubai Silicon Oasis,25.10392,55.35853,3,2103,1,3,0,9250,Fatima Al-Suwaidi,2026-06-24,active,0,1923
1733,Exclusive 2BR Apartment in Downtown Dubai | High Floor,Balcony with community view. Near international schools.,2BR Apartment,Downtown Dubai,25.19089,55.26157,2,1207,0,9,3,13250,Ravi Shankar,2026-06-08,active,0,1733
170,Stunning Studio | Jumeirah Village Circle | Vacant Soon,Shared pool and gym access. Recently renovated kitchen and bathrooms. Close to metro station and community mall. Covered parking included.,Studio,Jumeirah Village Circle,25.06562,55.19084,0,439,0,16,27,2250,Sofia Marchetti,2026-01-25,active,0,170
888,Exclusive Townhouse in Mirdif | High Floor,Near international schools. Pet friendly building.,Townhouse,Mirdif,25.23646,55.40077,3,2251,0,7,0,10750,Layla Haddad,2026-03-07,active,0,888
2227,Brand New Listing: Villa in Palm Jumeirah,"Pet friendly building. Landlord maintained, no agency fees. Available for immediate move-in. Covered parking included.",Villa,Palm Jumeirah,25.10402,55.13827,4,4986,1,11,0,68500,Yusuf Karimi,2026-05-02,active,0,265
1901,"Upgraded Townhouse in Discovery Gardens, Motivated Seller",Pet friendly building. Available for immediate move-in. Built-in wardrobes throughout. Shared pool and gym access.,Townhouse,Discovery Gardens,25.02273,55.15069,4,1893,1,13,0,10000,Elena Popescu,2026-04-05,active,0,1901
1291,"Upgraded Villa in Dubai Marina, Motivated Seller",Pet friendly building. Covered parking included.,Villa,Dubai Marina,25.10355,55.12362,6,4726,0,2,0,46750,Layla Haddad,2026-06-11,active,0,1291
1641,Chiller Free 2BR Apartment in Al Furjan,Close to metro station and community mall. Available for immediate move-in.,2BR Apartment,Al Furjan,25.00401,55.15714,3,1154,0,17,11,5250,Chen Wei,2026-02-09,active,0,1641
2146,Chiller Free Villa in Dubai Sports City,Available for immediate move-in. Covered parking included.,Villa,Dubai Sports City,25.02747,55.20286,4,2932,0,8,0,11000,Anjali Menon,2026-05-28,active,0,2146
148,2BR Apartment for Rent in Arabian Ranches - Prime Location,Built-in wardrobes throughout. Balcony with community view.,2BR Apartment,Arabian Ranches,25.05174,55.26631,2,1382,0,5,20,10500,Fatima Al-Suwaidi,2026-03-03,active,0,148
2033,Exclusive Villa in Downtown Dubai | High Floor,Near international schools. Recently renovated kitchen and bathrooms. Pet friendly building. Built-in wardrobes throughout.,Villa,Downtown Dubai,25.19889,55.25644,6,3632,0,17,0,39750,Sofia Marchetti,2026-07-10,active,0,2033
1251,"Upgraded 2BR Apartment in Al Furjan, Motivated Seller",Close to metro station and community mall. Built-in wardrobes throughout.,2BR Apartment,Al Furjan,25.00981,55.13237,3,1154,1,21,27,6000,Chen Wei,2026-02-25,active,0,1251
2045,Chiller Free 3BR Apartment in Downtown Dubai,Recently renovated kitchen and bathrooms. Near international schools. Balcony with community view. Close to metro station and community mall.,3BR Apartment,Downtown Dubai,25.21169,55.25388,3,1514,0,3,10,19750,Daniel Reyes,2026-04-03,active,0,2045
2511,Studio in Arabian Ranches | Well Maintained,"Landlord maintained, no agency fees. Pet friendly building. Close to metro station and community mall.",Studio,Arabian Ranches,25.0559,55.25082,0,446,1,6,9,2500,Ravi Shankar,2026-08-27,active,0,1242
815,Stunning 3BR Apartment | Dubai Silicon Oasis | Vacant Soon,"Close to metro station and community mall. Available for immediate move-in. Pet friendly building. Landlord maintained, no agency fees.",3BR Apartment,Dubai Silicon Oasis,25.1235,55.38046,4,1745,1,15,3,6500,Layla Haddad,2026-01-25,active,0,815
402,Spacious Studio in Jumeirah Village Circle | Ready to Move,Built-in wardrobes throughout. Covered parking included.,Studio,Jumeirah Village Circle,25.05605,55.20202,0,500,1,10,26,3000,Sofia Marchetti,2026-01-25,active,0,402
119,3BR Apartment for Rent in Palm Jumeirah - Prime Location,"Close to metro station and community mall. Recently renovated kitchen and bathrooms. Pet friendly building. Landlord maintained, no agency fees.",3BR Apartment,Palm Jumeirah,25.10175,55.123,3,2088,0,0,26,25250,Daniel Reyes,2026-04-19,active,0,119
371,Stunning 2BR Apartment | Arabian Ranches | Vacant Soon,Balcony with community view. Covered parking included. Near international schools. Recently renovated kitchen and bathrooms.,2BR Apartment,Arabian Ranches,25.03669,55.29446,3,1303,1,14,39,9500,Michael Costa,2026-01-31,active,0,371
139,Exclusive Villa in Discovery Gardens | High Floor,Pet friendly building. Built-in wardrobes throughout. Shared pool and gym access.,Villa,Discovery Gardens,25.05557,55.16238,6,4830,0,6,0,22500,Daniel Reyes,2026-04-12,active,0,139
248,Exclusive 2BR Apartment in Dubai Sports City | High Floor,Available for immediate move-in. Close to metro station and community mall. Balcony with community view.,2BR Apartment,Dubai Sports City,25.03976,55.22459,2,1346,0,4,8,6250,Sofia Marchetti,2026-02-24,active,0,248
1984,3BR Apartment with Full Amenities - Palm Jumeirah,Available for immediate move-in. Shared pool and gym access. Pet friendly building. Close to metro station and community mall.,3BR Apartment,Palm Jumeirah,25.09315,55.11478,3,1663,0,4,28,20250,Chen Wei,2026-01-16,active,0,1984
1574,"Upgraded 2BR Apartment in Palm Jumeirah, Motivated Seller",Covered parking included. Built-in wardrobes throughout. Balcony with community view.,2BR Apartment,Palm Jumeirah,25.09929,55.12123,3,1155,1,7,22,15000,Elena Popescu,2026-03-26,active,0,1574
1607,Exclusive Studio in Downtown Dubai | High Floor,Near international schools. Covered parking included. Close to metro station and community mall. Available for immediate move-in.,Studio,Downtown Dubai,25.2028,55.28212,0,416,1,18,15,4250,Hassan Ali,2026-08-02,active,0,1607
1873,Exclusive Villa in Discovery Gardens | High Floor,Covered parking included. Near international schools. Built-in wardrobes throughout.,Villa,Discovery Gardens,25.05868,55.13125,5,3331,1,11,0,14500,Fatima Al-Suwaidi,2026-07-05,active,0,1873
1109,Stunning 2BR Apartment | Arabian Ranches | Vacant Soon,Pet friendly building. Balcony with community view. Built-in wardrobes throughout. Near international schools.,2BR Apartment,Arabian Ranches,25.06981,55.2486,2,1161,1,19,12,8500,Yusuf Karimi,2026-08-24,active,0,1109
166,Stunning Villa | Dubai Sports City | Vacant Soon,Close to metro station and community mall. Available for immediate move-in.,Villa,Dubai Sports City,25.06046,55.2285,6,3272,1,16,0,12000,Anjali Menon,2026-04-04,active,0,166
991,Exclusive Villa in Jumeirah Village Circle | High Floor,Available for immediate move-in. Balcony with community view. Pet friendly building. Built-in wardrobes throughout.,Villa,Jumeirah Village Circle,25.07011,55.21323,6,3144,0,16,0,17250,Priya Nair,2026-07-22,active,0,991
1176,Spacious 2BR Apartment in Dubai Marina | Ready to Move,Covered parking included. Pet friendly building. Recently renovated kitchen and bathrooms.,2BR Apartment,Dubai Marina,25.06498,55.15423,3,1188,0,10,2,8750,Layla Haddad,2026-05-25,active,0,1176
208,Best Deal! Studio in Al Furjan,Shared pool and gym access. Near international schools. Balcony with community view.,Studio,Al Furjan,25.00037,55.14852,0,510,0,3,19,2250,Hassan Ali,2026-03-09,active,0,208
1302,Exclusive 1BR Apartment in Al Furjan | High Floor,Close to metro station and community mall. Available for immediate move-in. Recently renovated kitchen and bathrooms.,1BR Apartment,Al Furjan,24.99895,55.13452,1,671,0,7,28,3750,Omar Farouk,2026-06-14,active,0,1302
483,1BR Apartment for Rent in Jumeirah Village Circle - Prime Location,Pet friendly building. Near international schools. Balcony with community view.,1BR Apartment,Jumeirah Village Circle,25.06858,55.19655,1,676,0,4,14,3250,Michael Costa,2026-02-22,active,0,483
979,Chiller Free 1BR Apartment in Jumeirah Village Circle,Covered parking included. Shared pool and gym access. Balcony with community view.,1BR Apartment,Jumeirah Village Circle,25.03821,55.19413,1,677,0,7,22,3000,Fatima Al-Suwaidi,2026-05-16,active,0,979
1605,Exclusive 3BR Apartment in Palm Jumeirah | High Floor,Shared pool and gym access. Covered parking included.,3BR Apartment,Palm Jumeirah,25.11225,55.14346,4,1434,0,14,29,20250,Michael Costa,2026-06-17,active,0,1605
27,Exclusive 1BR Apartment in Downtown Dubai | High Floor,Shared pool and gym access. Covered parking included. Balcony with community view.,1BR Apartment,Downtown Dubai,25.205,55.24968,1,725,1,7,31,9250,Chen Wei,2026-07-03,active,0,27
1885,Exclusive 2BR Apartment in Jumeirah Lake Towers | High Floor,Covered parking included. Recently renovated kitchen and bathrooms. Shared pool and gym access.,2BR Apartment,Jumeirah Lake Towers,25.06892,55.14336,3,1267,1,5,33,8750,Michael Costa,2026-05-10,active,0,1885
1727,"Upgraded Studio in Business Bay, Motivated Seller","Pet friendly building. Shared pool and gym access. Landlord maintained, no agency fees. Built-in wardrobes throughout.",Studio,Business Bay,25.16978,55.2837,0,502,0,3,4,3750,Ravi Shankar,2026-05-21,active,0,1727
2240,"Hot Deal - Townhouse in Dubai Sports City, Call Now",Close to metro station and community mall. Built-in wardrobes throughout. Available for immediate move-in. Balcony with community view.,Townhouse,Dubai Sports City,25.02329,55.21671,4,2025,1,8,0,9500,Yusuf Karimi,2026-04-04,active,0,1799
611,Best Deal! Townhouse in Jumeirah Village Circle,Near international schools. Shared pool and gym access. Built-in wardrobes throughout.,Townhouse,Jumeirah Village Circle,25.0359,55.22787,4,1880,1,16,0,9000,Layla Haddad,2026-03-26,active,0,611
2480,Jumeirah Lake Towers 2BR Apartment - Negotiable Price,Close to metro station and community mall. Balcony with community view.,2BR Apartment,Jumeirah Lake Towers,25.0662,55.12947,3,1331,1,22,17,11000,Layla Haddad,2026-06-21,active,0,1096
85,"Upgraded 1BR Apartment in Palm Jumeirah, Motivated Seller",Close to metro station and community mall. Built-in wardrobes throughout.,1BR Apartment,Palm Jumeirah,25.13394,55.15596,2,873,1,7,29,14000,Omar Farouk,2026-04-09,active,0,85
344,Chiller Free 2BR Apartment in Discovery Gardens,"Close to metro station and community mall. Landlord maintained, no agency fees.",2BR Apartment,Discovery Gardens,25.02377,55.12386,3,1233,1,7,38,5500,Elena Popescu,2026-01-05,active,0,344
1258,Chiller Free Studio in Business Bay,Recently renovated kitchen and bathrooms. Near international schools. Shared pool and gym access. Close to metro station and community mall.,Studio,Business Bay,25.17744,55.28042,0,480,0,7,21,4000,Michael Costa,2026-07-19,active,0,1258
390,3BR Apartment with Full Amenities - Dubai Silicon Oasis,Available for immediate move-in. Balcony with community view. Close to metro station and community mall. Built-in wardrobes throughout.,3BR Apartment,Dubai Silicon Oasis,25.12269,55.3583,3,1973,0,13,42,8750,Grace Okafor,2026-07-22,active,0,390
1987,Stunning 3BR Apartment | Jumeirah Lake Towers | Vacant Soon,Recently renovated kitchen and bathrooms. Near international schools.,3BR Apartment,Jumeirah Lake Towers,25.09042,55.15187,4,1422,1,16,8,9500,Michael Costa,2026-03-15,active,0,1987
1792,Chiller Free Townhouse in Dubai Silicon Oasis,Recently renovated kitchen and bathrooms. Built-in wardrobes throughout.,Townhouse,Dubai Silicon Oasis,25.12428,55.36379,3,2368,1,6,0,8250,Yusuf Karimi,2026-06-13,active,0,1792
515,Spacious Townhouse in Dubai Silicon Oasis | Ready to Move,"Built-in wardrobes throughout. Covered parking included. Shared pool and gym access. Landlord maintained, no agency fees.",Townhouse,Dubai Silicon Oasis,25.12129,55.37925,4,1930,1,21,0,7500,Fatima Al-Suwaidi,2026-07-08,active,0,515
1671,Stunning Villa | Dubai Silicon Oasis | Vacant Soon,"Close to metro station and community mall. Built-in wardrobes throughout. Landlord maintained, no agency fees. Near international schools.",Villa,Dubai Silicon Oasis,25.1446,55.37677,4,3205,0,12,0,12000,Daniel Reyes,2026-04-03,active,0,1671
2599,URGENT SALE Chiller Free 3BR Apartment in Discovery Gardens,Shared pool and gym access. Close to metro station and community mall. Covered parking included.,3BR Apartment,Discovery Gardens,25.01766,55.1537,3,1685,0,19,6,2918,Daniel Reyes,2026-04-09,active,1,2599
817,Best Deal! 3BR Apartment in Dubai Silicon Oasis,"Pet friendly building. Recently renovated kitchen and bathrooms. Available for immediate move-in. Landlord maintained, no agency fees.",3BR Apartment,Dubai Silicon Oasis,25.10536,55.39432,3,1655,1,20,12,7250,Yusuf Karimi,2026-08-05,active,0,817
2586,URGENT SALE Stunning 3BR Apartment | Dubai Sports City | Vacant Soon,Covered parking included. Built-in wardrobes throughout.,3BR Apartment,Dubai Sports City,25.06018,55.21693,4,1648,1,10,11,3217,Chen Wei,2026-03-06,active,1,2586
43,Best Deal! Studio in Palm Jumeirah,"Landlord maintained, no agency fees. Covered parking included. Shared pool and gym access.",Studio,Palm Jumeirah,25.09314,55.12524,0,420,1,14,39,5750,Noor Abdullah,2026-01-19,active,0,43
1190,2BR Apartment for Rent in Discovery Gardens - Prime Location,"Covered parking included. Built-in wardrobes throughout. Landlord maintained, no agency fees.",2BR Apartment,Discovery Gardens,25.02869,55.13996,3,1118,0,18,20,4750,Layla Haddad,2026-06-20,active,0,1190
2612,URGENT SALE 3BR Apartment with Full Amenities - Dubai Silicon Oasis,Covered parking included. Recently renovated kitchen and bathrooms. Near international schools.,3BR Apartment,Dubai Silicon Oasis,25.11657,55.37571,3,1702,1,9,10,4331,Yusuf Karimi,2026-08-28,active,1,2612
2053,"Upgraded 2BR Apartment in Palm Jumeirah, Motivated Seller",Covered parking included. Pet friendly building. Balcony with community view. Recently renovated kitchen and bathrooms.,2BR Apartment,Palm Jumeirah,25.11163,55.13466,3,1276,1,0,37,16500,Yusuf Karimi,2026-04-01,active,0,2053
948,Studio for Rent in Jumeirah Lake Towers - Prime Location,Balcony with community view. Built-in wardrobes throughout.,Studio,Jumeirah Lake Towers,25.07527,55.12812,0,402,0,6,26,2750,Michael Costa,2026-03-25,active,0,948
97,Stunning 3BR Apartment | Palm Jumeirah | Vacant Soon,Shared pool and gym access. Available for immediate move-in.,3BR Apartment,Palm Jumeirah,25.13294,55.11677,3,1819,0,2,9,28250,Priya Nair,2026-03-30,active,0,97
1199,Exclusive Villa in Arabian Ranches | High Floor,Pet friendly building. Available for immediate move-in. Near international schools. Shared pool and gym access.,Villa,Arabian Ranches,25.05738,55.26907,4,4439,0,4,0,27750,Yusuf Karimi,2026-08-14,active,0,1199
2518,"Hot Deal - 3BR Apartment in Discovery Gardens, Call Now",Built-in wardrobes throughout. Shared pool and gym access. Balcony with community view. Pet friendly building.,3BR Apartment,Discovery Gardens,25.04512,55.15577,4,1523,0,18,41,7500,Michael Costa,2026-07-22,active,0,1441
517,Stunning 1BR Apartment | Jumeirah Village Circle | Vacant Soon,Pet friendly building. Available for immediate move-in. Recently renovated kitchen and bathrooms.,1BR Apartment,Jumeirah Village Circle,25.05277,55.21511,1,944,1,9,36,6500,Chen Wei,2026-08-27,active,0,517
94,Stunning 2BR Apartment | Arabian Ranches | Vacant Soon,Available for immediate move-in. Shared pool and gym access. Recently renovated kitchen and bathrooms.,2BR Apartment,Arabian Ranches,25.03929,55.25841,3,1177,0,18,9,7250,Layla Haddad,2026-01-30,active,0,94
2515,Brand New Listing: 1BR Apartment in Jumeirah Lake Towers,Built-in wardrobes throughout. Pet friendly building.,1BR Apartment,Jumeirah Lake Towers,25.07761,55.14543,2,700,0,9,16,5500,Ravi Shankar,2026-01-27,active,0,412
1358,Chiller Free 1BR Apartment in Jumeirah Lake Towers,Available for immediate move-in. Covered parking included. Shared pool and gym access.,1BR Apartment,Jumeirah Lake Towers,25.06871,55.14826,1,666,1,4,9,5500,Michael Costa,2026-08-19,active,0,1358
1921,2BR Apartment for Rent in Dubai Marina - Prime Location,Recently renovated kitchen and bathrooms. Available for immediate move-in.,2BR Apartment,Dubai Marina,25.06007,55.13445,2,1333,0,21,28,11750,Grace Okafor,2026-01-20,active,0,1921
995,Best Deal! 3BR Apartment in Mirdif,Close to metro station and community mall. Shared pool and gym access. Balcony with community view. Pet friendly building.,3BR Apartment,Mirdif,25.21156,55.40367,4,1681,0,4,1,7500,Anjali Menon,2026-05-17,active,0,995
71,Exclusive Townhouse in Dubai Sports City | High Floor,"Landlord maintained, no agency fees. Pet friendly building. Shared pool and gym access.",Townhouse,Dubai Sports City,25.03396,55.23055,3,1886,0,4,0,7250,Yusuf Karimi,2026-03-11,active,0,71
1875,Spacious 3BR Apartment in Dubai Sports City | Ready to Move,Recently renovated kitchen and bathrooms. Built-in wardrobes throughout. Close to metro station and community mall.,3BR Apartment,Dubai Sports City,25.05639,55.21212,3,1710,0,16,3,7500,Michael Costa,2026-04-28,active,0,1875
1361,"Upgraded 3BR Apartment in Mirdif, Motivated Seller",Balcony with community view. Built-in wardrobes throughout.,3BR Apartment,Mirdif,25.20896,55.43253,3,1784,0,8,6,7750,Elena Popescu,2026-07-22,active,0,1361
66,Exclusive Townhouse in Jumeirah Lake Towers | High Floor,Recently renovated kitchen and bathrooms. Available for immediate move-in.,Townhouse,Jumeirah Lake Towers,25.08034,55.12815,4,2448,0,22,0,14750,Sofia Marchetti,2026-04-27,active,0,66
1131,Chiller Free 3BR Apartment in Jumeirah Village Circle,Close to metro station and community mall. Balcony with community view.,3BR Apartment,Jumeirah Village Circle,25.06757,55.20314,4,1915,0,11,38,9750,Daniel Reyes,2026-03-18,active,0,1131
1188,Exclusive Villa in Discovery Gardens | High Floor,Near international schools. Shared pool and gym access. Covered parking included.,Villa,Discovery Gardens,25.01683,55.12055,6,2983,0,17,0,15000,Omar Farouk,2026-08-04,active,0,1188
110,2BR Apartment with Full Amenities - Business Bay,Recently renovated kitchen and bathrooms. Covered parking included.,2BR Apartment,Business Bay,25.17432,55.27159,2,971,1,22,6,7000,Fatima Al-Suwaidi,2026-05-18,active,0,110
1596,Villa with Full Amenities - Downtown Dubai,"Landlord maintained, no agency fees. Covered parking included. Built-in wardrobes throughout.",Villa,Downtown Dubai,25.17831,55.2932,6,3138,1,11,0,34500,Daniel Reyes,2026-03-21,active,0,1596
1963,Stunning Villa | Dubai Silicon Oasis | Vacant Soon,"Recently renovated kitchen and bathrooms. Covered parking included. Built-in wardrobes throughout. Landlord maintained, no agency fees.",Villa,Dubai Silicon Oasis,25.11402,55.38068,4,3746,1,19,0,15500,Noor Abdullah,2026-04-20,active,0,1963
2165,Exclusive 3BR Apartment in Palm Jumeirah | High Floor,Covered parking included. Close to metro station and community mall.,3BR Apartment,Palm Jumeirah,25.13,55.12868,3,1581,0,20,41,18500,Omar Farouk,2026-02-23,active,0,2165
731,Exclusive Villa in Jumeirah Lake Towers | High Floor,Balcony with community view. Pet friendly building.,Villa,Jumeirah Lake Towers,25.08542,55.15563,4,5076,0,6,0,43500,Grace Okafor,2026-01-16,active,0,731
2622,URGENT SALE Villa for Rent in Discovery Gardens - Prime Location,Pet friendly building. Close to metro station and community mall. Built-in wardrobes throughout. Covered parking included.,Villa,Discovery Gardens,25.02946,55.16496,5,3066,0,20,0,5036,Elena Popescu,2026-05-06,active,1,2622
1868,"Upgraded 1BR Apartment in Jumeirah Lake Towers, Motivated Seller",Pet friendly building. Covered parking included. Balcony with community view.,1BR Apartment,Jumeirah Lake Towers,25.08271,55.14184,1,738,1,16,25,5750,Omar Farouk,2026-05-01,active,0,1868
2255,Arabian Ranches 1BR Apartment - Negotiable Price,Pet friendly building. Covered parking included. Near international schools. Balcony with community view.,1BR Apartment,Arabian Ranches,25.07273,55.24952,2,849,0,12,35,5000,Noor Abdullah,2026-02-16,active,0,467
1742,Spacious Studio in Jumeirah Village Circle | Ready to Move,Shared pool and gym access. Built-in wardrobes throughout. Near international schools. Pet friendly building.,Studio,Jumeirah Village Circle,25.03401,55.2001,0,472,0,12,9,2500,Yusuf Karimi,2026-07-27,active,0,1742
204,Best Deal! Studio in Al Furjan,Built-in wardrobes throughout. Near international schools.,Studio,Al Furjan,25.00485,55.14288,0,389,0,11,1,2000,Noor Abdullah,2026-01-02,active,0,204
1765,"Upgraded Studio in Dubai Marina, Motivated Seller",Recently renovated kitchen and bathrooms. Covered parking included. Available for immediate move-in.,Studio,Dubai Marina,25.08554,55.14958,0,521,0,2,8,4250,Grace Okafor,2026-03-09,active,0,1765
2579,URGENT SALE Studio for Rent in Arabian Ranches - Prime Location,Balcony with community view. Shared pool and gym access. Close to metro station and community mall. Pet friendly building.,Studio,Arabian Ranches,25.05738,55.28759,0,534,0,19,17,1631,Chen Wei,2026-08-10,active,1,2579
2332,Brand New Listing: 2BR Apartment in Arabian Ranches,"Available for immediate move-in. Close to metro station and community mall. Landlord maintained, no agency fees.",2BR Apartment,Arabian Ranches,25.03887,55.2783,3,1213,1,4,8,9000,Chen Wei,2026-08-14,active,0,1010
8,Best Deal! Villa in Discovery Gardens,Built-in wardrobes throughout. Balcony with community view.,Villa,Discovery Gardens,25.04177,55.15833,6,3878,0,5,0,19000,Noor Abdullah,2026-08-04,active,0,8
2345,Brand New Listing: Townhouse in Dubai Sports City,"Pet friendly building. Landlord maintained, no agency fees. Near international schools.",Townhouse,Dubai Sports City,25.03752,55.22175,4,1871,0,18,0,6500,Anjali Menon,2026-02-19,active,0,1977
1679,Best Deal! Villa in Discovery Gardens,Shared pool and gym access. Near international schools.,Villa,Discovery Gardens,25.01602,55.15478,4,5020,0,3,0,26750,Michael Costa,2026-07-20,active,0,1679
773,Chiller Free 2BR Apartment in Jumeirah Lake Towers,Near international schools. Covered parking included. Recently renovated kitchen and bathrooms. Built-in wardrobes throughout.,2BR Apartment,Jumeirah Lake Towers,25.09157,55.16286,2,1001,0,5,10,6500,Sofia Marchetti,2026-05-24,active,0,773
1789,Chiller Free Villa in Jumeirah Lake Towers,Pet friendly building. Available for immediate move-in.,Villa,Jumeirah Lake Towers,25.0926,55.12257,6,4906,0,22,0,27500,Omar Farouk,2026-01-14,active,0,1789
2495,3BR Apartment in Al Furjan | Well Maintained,Shared pool and gym access. Available for immediate move-in.,3BR Apartment,Al Furjan,25.0015,55.14919,4,1423,1,19,39,6500,Sofia Marchetti,2026-06-19,active,0,1773
2211,"Hot Deal - Townhouse in Dubai Marina, Call Now",Balcony with community view. Pet friendly building. Available for immediate move-in.,Townhouse,Dubai Marina,25.09565,55.13408,4,1904,0,15,0,13000,Layla Haddad,2026-06-28,active,0,646
2067,Townhouse for Rent in Downtown Dubai - Prime Location,Pet friendly building. Close to metro station and community mall.,Townhouse,Downtown Dubai,25.2171,55.2839,4,2596,0,11,0,31750,Anjali Menon,2026-03-19,active,0,2067
2129,Best Deal! 1BR Apartment in Dubai Marina,Shared pool and gym access. Recently renovated kitchen and bathrooms. Available for immediate move-in.,1BR Apartment,Dubai Marina,25.08334,55.14983,1,715,1,16,12,6750,Priya Nair,2026-03-25,active,0,2129
700,Stunning Villa | Downtown Dubai | Vacant Soon,Near international schools. Close to metro station and community mall. Covered parking included. Recently renovated kitchen and bathrooms.,Villa,Downtown Dubai,25.1844,55.28748,5,4668,1,19,0,44750,Omar Farouk,2026-08-23,active,0,700
1467,Stunning Studio | Palm Jumeirah | Vacant Soon,"Close to metro station and community mall. Landlord maintained, no agency fees. Pet friendly building. Recently renovated kitchen and bathrooms.",Studio,Palm Jumeirah,25.10142,55.15989,0,471,1,9,21,7000,Yusuf Karimi,2026-04-13,active,0,1467
924,"Upgraded 3BR Apartment in Arabian Ranches, Motivated Seller",Built-in wardrobes throughout. Recently renovated kitchen and bathrooms. Near international schools. Shared pool and gym access.,3BR Apartment,Arabian Ranches,25.0358,55.25875,3,2045,1,6,1,15000,Michael Costa,2026-07-16,active,0,924
37,Best Deal! 3BR Apartment in Dubai Marina,Covered parking included. Shared pool and gym access.,3BR Apartment,Dubai Marina,25.07993,55.15321,4,1732,1,6,23,17750,Sofia Marchetti,2026-01-03,active,0,37
1518,Villa with Full Amenities - Discovery Gardens,Close to metro station and community mall. Shared pool and gym access. Recently renovated kitchen and bathrooms.,Villa,Discovery Gardens,25.03768,55.16207,6,4446,0,16,0,23750,Ravi Shankar,2026-06-06,active,0,1518
1301,Chiller Free 2BR Apartment in Dubai Marina,Covered parking included. Shared pool and gym access.,2BR Apartment,Dubai Marina,25.08135,55.11772,2,1068,0,4,25,8000,Sofia Marchetti,2026-07-28,active,0,1301
828,Exclusive 3BR Apartment in Downtown Dubai | High Floor,Recently renovated kitchen and bathrooms. Covered parking included.,3BR Apartment,Downtown Dubai,25.2128,55.26214,4,1895,0,18,30,20500,Hassan Ali,2026-04-07,active,0,828
599,Spacious Studio in Al Furjan | Ready to Move,Balcony with community view. Shared pool and gym access. Close to metro station and community mall.,Studio,Al Furjan,25.02154,55.16185,0,415,0,9,16,2250,Fatima Al-Suwaidi,2026-08-13,active,0,599
1071,3BR Apartment for Rent in Dubai Sports City - Prime Location,Balcony with community view. Shared pool and gym access. Recently renovated kitchen and bathrooms.,3BR Apartment,Dubai Sports City,25.06696,55.2071,4,1806,1,14,12,7250,Daniel Reyes,2026-03-03,active,0,1071
1394,Villa with Full Amenities - Dubai Silicon Oasis,"Close to metro station and community mall. Pet friendly building. Landlord maintained, no agency fees.",Villa,Dubai Silicon Oasis,25.13157,55.36145,6,3153,0,12,0,11500,Layla Haddad,2026-04-04,active,0,1394
2151,Chiller Free Studio in Dubai Silicon Oasis,Shared pool and gym access. Close to metro station and community mall. Built-in wardrobes throughout. Covered parking included.,Studio,Dubai Silicon Oasis,25.13986,55.3776,0,469,0,17,6,2000,Hassan Ali,2026-01-20,active,0,2151
1318,Best Deal! 3BR Apartment in Jumeirah Village Circle,Built-in wardrobes throughout. Close to metro station and community mall. Covered parking included. Pet friendly building.,3BR Apartment,Jumeirah Village Circle,25.07238,55.20105,4,1918,0,1,26,10250,Layla Haddad,2026-04-24,active,0,1318
1293,Best Deal! 2BR Apartment in Mirdif,Near international schools. Built-in wardrobes throughout.,2BR Apartment,Mirdif,25.23644,55.40196,3,1077,0,3,26,4250,Ravi Shankar,2026-01-03,active,0,1293
741,2BR Apartment with Full Amenities - Arabian Ranches,Available for immediate move-in. Balcony with community view. Shared pool and gym access. Near international schools.,2BR Apartment,Arabian Ranches,25.06098,55.25533,2,1362,0,11,11,10250,Sofia Marchetti,2026-08-21,active,0,741
886,Villa for Rent in Jumeirah Lake Towers - Prime Location,Pet friendly building. Covered parking included. Available for immediate move-in.,Villa,Jumeirah Lake Towers,25.06054,55.16029,5,3913,0,20,0,25000,Daniel Reyes,2026-05-25,active,0,886
1152,Spacious Villa in Al Furjan | Ready to Move,"Landlord maintained, no agency fees. Available for immediate move-in. Built-in wardrobes throughout. Covered parking included.",Villa,Al Furjan,25.00979,55.12455,4,4561,1,10,0,19500,Omar Farouk,2026-01-10,active,0,1152
1513,Townhouse for Rent in Al Furjan - Prime Location,Available for immediate move-in. Covered parking included.,Townhouse,Al Furjan,25.02884,55.12451,3,1977,0,18,0,8750,Fatima Al-Suwaidi,2026-05-26,active,0,1513
2433,Brand New Listing: Townhouse in Jumeirah Lake Towers,"Landlord maintained, no agency fees. Pet friendly building. Close to metro station and community mall.",Townhouse,Jumeirah Lake Towers,25.0803,55.12817,4,2448,0,22,0,14500,Layla Haddad,2026-05-01,active,0,66
146,Spacious 1BR Apartment in Palm Jumeirah | Ready to Move,"Landlord maintained, no agency fees. Covered parking included. Pet friendly building. Near international schools.",1BR Apartment,Palm Jumeirah,25.10888,55.11422,1,932,1,17,28,14250,Anjali Menon,2026-04-21,active,0,146
1913,Chiller Free 1BR Apartment in Arabian Ranches,Recently renovated kitchen and bathrooms. Built-in wardrobes throughout. Balcony with community view. Close to metro station and community mall.,1BR Apartment,Arabian Ranches,25.03868,55.24954,1,778,0,5,3,4250,Fatima Al-Suwaidi,2026-04-24,active,0,1913
25,Stunning 2BR Apartment | Discovery Gardens | Vacant Soon,"Landlord maintained, no agency fees. Near international schools. Shared pool and gym access. Available for immediate move-in.",2BR Apartment,Discovery Gardens,25.05649,55.13459,2,1209,1,13,21,6000,Chen Wei,2026-06-23,active,0,25
2441,"Hot Deal - Studio in Dubai Sports City, Call Now",Balcony with community view. Recently renovated kitchen and bathrooms. Pet friendly building.,Studio,Dubai Sports City,25.05326,55.24104,0,396,0,21,24,1500,Michael Costa,2026-05-11,active,0,198
1062,Exclusive Studio in Jumeirah Village Circle | High Floor,"Close to metro station and community mall. Available for immediate move-in. Landlord maintained, no agency fees.",Studio,Jumeirah Village Circle,25.05084,55.21216,0,447,1,17,18,2000,Omar Farouk,2026-02-21,active,0,1062
2420,Townhouse in Dubai Sports City | Well Maintained,"Landlord maintained, no agency fees. Covered parking included. Recently renovated kitchen and bathrooms. Available for immediate move-in.",Townhouse,Dubai Sports City,25.02527,55.23158,3,2550,0,5,0,12000,Sofia Marchetti,2026-04-02,active,0,34
1237,Stunning 1BR Apartment | Discovery Gardens | Vacant Soon,Available for immediate move-in. Close to metro station and community mall.,1BR Apartment,Discovery Gardens,25.03214,55.15673,1,749,0,7,13,4250,Anjali Menon,2026-06-01,active,0,1237
497,Spacious 3BR Apartment in Business Bay | Ready to Move,Built-in wardrobes throughout. Shared pool and gym access.,3BR Apartment,Business Bay,25.20052,55.24912,4,1518,0,17,16,10500,Anjali Menon,2026-01-28,active,0,497
1044,Villa for Rent in Arabian Ranches - Prime Location,Covered parking included. Balcony with community view. Pet friendly building.,Villa,Arabian Ranches,25.05595,55.24788,5,3863,0,19,0,21500,Yusuf Karimi,2026-08-02,active,0,1044
1487,Chiller Free 1BR Apartment in Dubai Marina,Available for immediate move-in. Near international schools. Pet friendly building. Covered parking included.,1BR Apartment,Dubai Marina,25.07961,55.11761,1,925,0,21,6,7750,Layla Haddad,2026-06-03,active,0,1487
1677,Stunning Villa | Dubai Sports City | Vacant Soon,Shared pool and gym access. Pet friendly building. Recently renovated kitchen and bathrooms. Available for immediate move-in.,Villa,Dubai Sports City,25.03933,55.22293,5,3077,0,7,0,13500,Sofia Marchetti,2026-08-19,active,0,1677
2000,Chiller Free Townhouse in Discovery Gardens,Near international schools. Balcony with community view. Pet friendly building. Built-in wardrobes throughout.,Townhouse,Discovery Gardens,25.02012,55.13083,3,2162,0,16,0,11500,Omar Farouk,2026-07-05,active,0,2000
697,2BR Apartment for Rent in Palm Jumeirah - Prime Location,"Covered parking included. Near international schools. Landlord maintained, no agency fees.",2BR Apartment,Palm Jumeirah,25.09862,55.12792,2,1143,0,15,42,13250,Noor Abdullah,2026-01-04,active,0,697
1159,Stunning 2BR Apartment | Mirdif | Vacant Soon,Pet friendly building. Near international schools. Balcony with community view. Built-in wardrobes throughout.,2BR Apartment,Mirdif,25.23511,55.41358,2,1049,1,12,2,5000,Hassan Ali,2026-03-05,active,0,1159
2563,Discovery Gardens 2BR Apartment - Negotiable Price,Available for immediate move-in. Pet friendly building. Balcony with community view. Built-in wardrobes throughout.,2BR Apartment,Discovery Gardens,25.04211,55.15451,3,1238,0,16,39,5500,Chen Wei,2026-04-16,active,0,512
1558,"Upgraded Villa in Business Bay, Motivated Seller",Available for immediate move-in. Near international schools. Shared pool and gym access.,Villa,Business Bay,25.18645,55.25858,5,4997,0,3,0,39000,Anjali Menon,2026-01-11,active,0,1558
1085,"Upgraded 3BR Apartment in Downtown Dubai, Motivated Seller",Recently renovated kitchen and bathrooms. Built-in wardrobes throughout. Near international schools.,3BR Apartment,Downtown Dubai,25.21174,55.25165,4,1578,0,1,33,20250,Noor Abdullah,2026-05-02,active,0,1085
383,"Upgraded 2BR Apartment in Al Furjan, Motivated Seller",Close to metro station and community mall. Available for immediate move-in.,2BR Apartment,Al Furjan,25.01471,55.14675,3,978,0,7,16,5000,Omar Farouk,2026-03-20,active,0,383
1087,Spacious Villa in Dubai Sports City | Ready to Move,"Close to metro station and community mall. Balcony with community view. Landlord maintained, no agency fees.",Villa,Dubai Sports City,25.03298,55.21453,4,4339,0,6,0,19250,Priya Nair,2026-07-26,active,0,1087
2322,Must See! 3BR Apartment Available in Downtown Dubai,Available for immediate move-in. Balcony with community view. Shared pool and gym access. Built-in wardrobes throughout.,3BR Apartment,Downtown Dubai,25.21653,55.253,4,1656,0,7,34,16000,Anjali Menon,2026-02-23,active,0,783
1579,Stunning 2BR Apartment | Mirdif | Vacant Soon,Built-in wardrobes throughout. Covered parking included.,2BR Apartment,Mirdif,25.22503,55.43463,3,1244,1,17,28,6000,Chen Wei,2026-08-20,active,0,1579
912,3BR Apartment for Rent in Discovery Gardens - Prime Location,Available for immediate move-in. Near international schools.,3BR Apartment,Discovery Gardens,25.02024,55.13401,3,1403,0,21,14,6250,Fatima Al-Suwaidi,2026-01-20,active,0,912
724,3BR Apartment for Rent in Dubai Silicon Oasis - Prime Location,Covered parking included. Near international schools.,3BR Apartment,Dubai Silicon Oasis,25.10763,55.39027,4,1984,1,7,33,7500,Fatima Al-Suwaidi,2026-04-14,active,0,724
1042,"Upgraded Villa in Dubai Silicon Oasis, Motivated Seller",Recently renovated kitchen and bathrooms. Balcony with community view. Close to metro station and community mall.,Villa,Dubai Silicon Oasis,25.14305,55.39064,4,4393,1,22,0,15500,Michael Costa,2026-08-24,active,0,1042
1034,Best Deal! Studio in Mirdif,Close to metro station and community mall. Pet friendly building.,Studio,Mirdif,25.19534,55.41761,0,460,1,2,3,2250,Priya Nair,2026-05-26,active,0,1034
2074,Spacious Villa in Dubai Marina | Ready to Move,Available for immediate move-in. Covered parking included. Built-in wardrobes throughout.,Villa,Dubai Marina,25.07188,55.16009,4,2828,0,7,0,28250,Fatima Al-Suwaidi,2026-06-18,active,0,2074
163,Studio with Full Amenities - Jumeirah Lake Towers,Shared pool and gym access. Covered parking included. Close to metro station and community mall. Recently renovated kitchen and bathrooms.,Studio,Jumeirah Lake Towers,25.04861,55.13912,0,510,0,4,35,3750,Omar Farouk,2026-06-14,active,0,163
1620,Stunning 2BR Apartment | Jumeirah Village Circle | Vacant Soon,Available for immediate move-in. Pet friendly building. Covered parking included.,2BR Apartment,Jumeirah Village Circle,25.06164,55.19222,2,1257,1,0,30,7250,Elena Popescu,2026-03-21,active,0,1620
2244,Must See! Villa Available in Business Bay,Near international schools. Balcony with community view. Built-in wardrobes throughout. Close to metro station and community mall.,Villa,Business Bay,25.20928,55.24921,4,3726,0,8,0,32000,Hassan Ali,2026-07-24,active,0,1323
2173,1BR Apartment for Rent in Arabian Ranches - Prime Location,"Landlord maintained, no agency fees. Available for immediate move-in.",1BR Apartment,Arabian Ranches,25.06095,55.26004,1,763,0,3,32,5750,Chen Wei,2026-03-07,active,0,2173
1979,Best Deal! 2BR Apartment in Al Furjan,"Recently renovated kitchen and bathrooms. Available for immediate move-in. Built-in wardrobes throughout. Landlord maintained, no agency fees.",2BR Apartment,Al Furjan,25.03148,55.15971,2,1322,0,7,41,7500,Daniel Reyes,2026-05-11,active,0,1979
147,2BR Apartment with Full Amenities - Downtown Dubai,Pet friendly building. Available for immediate move-in. Built-in wardrobes throughout. Near international schools.,2BR Apartment,Downtown Dubai,25.19163,55.26903,2,1335,0,2,37,13000,Omar Farouk,2026-04-28,active,0,147
1922,1BR Apartment with Full Amenities - Business Bay,Near international schools. Built-in wardrobes throughout. Recently renovated kitchen and bathrooms. Shared pool and gym access.,1BR Apartment,Business Bay,25.20573,55.25464,1,836,0,6,37,7250,Daniel Reyes,2026-08-10,active,0,1922
593,Chiller Free 3BR Apartment in Arabian Ranches,"Balcony with community view. Near international schools. Built-in wardrobes throughout. Landlord maintained, no agency fees.",3BR Apartment,Arabian Ranches,25.04575,55.26626,4,1431,1,22,28,9500,Elena Popescu,2026-03-12,active,0,593
1189,Townhouse for Rent in Dubai Sports City - Prime Location,Available for immediate move-in. Recently renovated kitchen and bathrooms.,Townhouse,Dubai Sports City,25.03622,55.22591,4,2083,0,7,0,8750,Yusuf Karimi,2026-03-04,active,0,1189
1234,Stunning 3BR Apartment | Arabian Ranches | Vacant Soon,Built-in wardrobes throughout. Near international schools.,3BR Apartment,Arabian Ranches,25.07031,55.25731,3,1422,1,17,1,9750,Priya Nair,2026-01-12,active,0,1234
1711,Studio for Rent in Jumeirah Lake Towers - Prime Location,Recently renovated kitchen and bathrooms. Available for immediate move-in.,Studio,Jumeirah Lake Towers,25.07249,55.16376,0,429,0,9,17,3750,Anjali Menon,2026-07-24,active,0,1711
1218,Exclusive Studio in Palm Jumeirah | High Floor,Balcony with community view. Near international schools.,Studio,Palm Jumeirah,25.12674,55.13576,0,467,1,4,25,7500,Chen Wei,2026-02-28,active,0,1218
470,Best Deal! 1BR Apartment in Downtown Dubai,Balcony with community view. Pet friendly building.,1BR Apartment,Downtown Dubai,25.1754,55.26936,1,755,1,22,31,7500,Fatima Al-Suwaidi,2026-04-28,active,0,470
450,Townhouse for Rent in Arabian Ranches - Prime Location,Close to metro station and community mall. Shared pool and gym access.,Townhouse,Arabian Ranches,25.04186,55.28778,3,2042,0,19,0,12750,Omar Farouk,2026-05-29,active,0,450
1958,Spacious 1BR Apartment in Mirdif | Ready to Move,Pet friendly building. Shared pool and gym access. Close to metro station and community mall.,1BR Apartment,Mirdif,25.20735,55.40283,1,730,1,4,21,3250,Yusuf Karimi,2026-04-19,active,0,1958
2010,Spacious Studio in Al Furjan | Ready to Move,"Available for immediate move-in. Landlord maintained, no agency fees. Shared pool and gym access.",Studio,Al Furjan,25.02308,55.14118,0,534,1,2,30,2750,Layla Haddad,2026-08-27,active,0,2010
2358,Dubai Marina 2BR Apartment - Negotiable Price,"Landlord maintained, no agency fees. Built-in wardrobes throughout. Recently renovated kitchen and bathrooms. Available for immediate move-in.",2BR Apartment,Dubai Marina,25.07217,55.13951,3,1168,0,10,36,10500,Daniel Reyes,2026-08-11,active,0,708
1502,Best Deal! 1BR Apartment in Mirdif,"Landlord maintained, no agency fees. Available for immediate move-in. Recently renovated kitchen and bathrooms. Pet friendly building.",1BR Apartment,Mirdif,25.21589,55.41002,1,832,0,11,34,4250,Hassan Ali,2026-07-30,active,0,1502
707,Chiller Free 2BR Apartment in Dubai Silicon Oasis,Close to metro station and community mall. Covered parking included. Available for immediate move-in.,2BR Apartment,Dubai Silicon Oasis,25.1315,55.3701,3,1167,0,13,1,4750,Priya Nair,2026-07-26,active,0,707
788,Stunning Townhouse | Dubai Silicon Oasis | Vacant Soon,Near international schools. Shared pool and gym access. Recently renovated kitchen and bathrooms.,Townhouse,Dubai Silicon Oasis,25.12836,55.38378,4,2096,1,16,0,9500,Noor Abdullah,2026-03-20,active,0,788
761,Villa with Full Amenities - Business Bay,Recently renovated kitchen and bathrooms. Shared pool and gym access.,Villa,Business Bay,25.20334,55.2823,4,3850,0,22,0,31250,Hassan Ali,2026-03-14,active,0,761
1020,Studio for Rent in Al Furjan - Prime Location,Available for immediate move-in. Recently renovated kitchen and bathrooms.,Studio,Al Furjan,25.03929,55.13317,0,391,0,16,41,2000,Anjali Menon,2026-07-03,active,0,1020
1244,Exclusive 3BR Apartment in Dubai Silicon Oasis | High Floor,Recently renovated kitchen and bathrooms. Built-in wardrobes throughout. Close to metro station and community mall.,3BR Apartment,Dubai Silicon Oasis,25.1067,55.38066,4,1442,0,20,25,6250,Ravi Shankar,2026-02-13,active,0,1244
618,Chiller Free 2BR Apartment in Palm Jumeirah,Recently renovated kitchen and bathrooms. Covered parking included. Balcony with community view.,2BR Apartment,Palm Jumeirah,25.12947,55.14005,3,1394,0,16,18,16000,Chen Wei,2026-04-16,active,0,618
1035,Villa with Full Amenities - Arabian Ranches,Built-in wardrobes throughout. Near international schools. Covered parking included. Shared pool and gym access.,Villa,Arabian Ranches,25.05849,55.28527,6,2860,1,15,0,16250,Ravi Shankar,2026-05-10,active,0,1035
303,Chiller Free 2BR Apartment in Dubai Sports City,Pet friendly building. Recently renovated kitchen and bathrooms. Close to metro station and community mall.,2BR Apartment,Dubai Sports City,25.03254,55.22017,2,956,0,15,35,4500,Yusuf Karimi,2026-06-18,active,0,303
784,Villa for Rent in Jumeirah Village Circle - Prime Location,Near international schools. Built-in wardrobes throughout. Pet friendly building. Balcony with community view.,Villa,Jumeirah Village Circle,25.06961,55.20832,5,4626,1,21,0,19250,Ravi Shankar,2026-06-24,active,0,784
1485,Exclusive Villa in Palm Jumeirah | High Floor,Recently renovated kitchen and bathrooms. Available for immediate move-in.,Villa,Palm Jumeirah,25.10293,55.12144,4,3341,0,2,0,36000,Fatima Al-Suwaidi,2026-03-04,active,0,1485
710,Best Deal! 3BR Apartment in Jumeirah Village Circle,Recently renovated kitchen and bathrooms. Pet friendly building. Covered parking included. Balcony with community view.,3BR Apartment,Jumeirah Village Circle,25.06114,55.22244,4,1537,0,2,21,10000,Fatima Al-Suwaidi,2026-05-31,active,0,710
1448,Spacious 2BR Apartment in Dubai Marina | Ready to Move,"Covered parking included. Landlord maintained, no agency fees. Built-in wardrobes throughout. Available for immediate move-in.",2BR Apartment,Dubai Marina,25.09775,55.16078,3,994,0,17,22,7500,Michael Costa,2026-06-16,active,0,1448
754,"Upgraded 1BR Apartment in Dubai Silicon Oasis, Motivated Seller","Landlord maintained, no agency fees. Available for immediate move-in. Shared pool and gym access. Pet friendly building.",1BR Apartment,Dubai Silicon Oasis,25.12572,55.36735,2,856,1,1,31,4250,Omar Farouk,2026-05-14,active,0,754
1453,Exclusive Townhouse in Dubai Sports City | High Floor,Covered parking included. Pet friendly building. Shared pool and gym access. Built-in wardrobes throughout.,Townhouse,Dubai Sports City,25.06348,55.22518,3,2097,0,3,0,9500,Noor Abdullah,2026-02-05,active,0,1453
747,Exclusive 3BR Apartment in Arabian Ranches | High Floor,Balcony with community view. Shared pool and gym access. Covered parking included. Built-in wardrobes throughout.,3BR Apartment,Arabian Ranches,25.04881,55.27232,4,1551,1,11,5,11750,Yusuf Karimi,2026-06-03,active,0,747
2439,Arabian Ranches 2BR Apartment - Negotiable Price,Covered parking included. Pet friendly building. Built-in wardrobes throughout. Shared pool and gym access.,2BR Apartment,Arabian Ranches,25.04594,55.2504,2,1002,1,5,28,7500,Priya Nair,2026-02-04,active,0,137
678,Townhouse with Full Amenities - Al Furjan,Available for immediate move-in. Pet friendly building.,Townhouse,Al Furjan,25.02014,55.14694,3,2577,0,21,0,11000,Ravi Shankar,2026-07-01,active,0,678
52,Exclusive Studio in Business Bay | High Floor,Pet friendly building. Available for immediate move-in. Close to metro station and community mall.,Studio,Business Bay,25.19307,55.24984,0,500,0,8,22,4000,Hassan Ali,2026-06-22,active,0,52
2589,URGENT SALE Best Deal! 3BR Apartment in Business Bay,Pet friendly building. Close to metro station and community mall.,3BR Apartment,Business Bay,25.21161,55.24885,4,1547,0,22,6,5914,Daniel Reyes,2026-01-22,active,1,2589
796,Exclusive 1BR Apartment in Jumeirah Village Circle | High Floor,Close to metro station and community mall. Available for immediate move-in. Shared pool and gym access. Built-in wardrobes throughout.,1BR Apartment,Jumeirah Village Circle,25.07199,55.21903,1,727,1,5,16,3500,Yusuf Karimi,2026-01-18,active,0,796
2101,3BR Apartment with Full Amenities - Dubai Marina,Near international schools. Recently renovated kitchen and bathrooms. Close to metro station and community mall. Shared pool and gym access.,3BR Apartment,Dubai Marina,25.06203,55.12917,4,1734,0,5,6,12750,Anjali Menon,2026-02-05,active,0,2101
1276,1BR Apartment with Full Amenities - Jumeirah Lake Towers,Pet friendly building. Shared pool and gym access. Close to metro station and community mall. Recently renovated kitchen and bathrooms.,1BR Apartment,Jumeirah Lake Towers,25.0748,55.14985,2,841,1,19,2,6500,Priya Nair,2026-01-03,active,0,1276
1528,Chiller Free Townhouse in Dubai Silicon Oasis,Pet friendly building. Built-in wardrobes throughout. Near international schools.,Townhouse,Dubai Silicon Oasis,25.13261,55.3898,4,2120,0,16,0,8250,Yusuf Karimi,2026-06-04,active,0,1528
382,Stunning 3BR Apartment | Dubai Marina | Vacant Soon,"Built-in wardrobes throughout. Close to metro station and community mall. Landlord maintained, no agency fees.",3BR Apartment,Dubai Marina,25.07453,55.13671,4,1669,0,12,40,15000,Layla Haddad,2026-06-01,active,0,382
429,"Upgraded 2BR Apartment in Arabian Ranches, Motivated Seller","Landlord maintained, no agency fees. Available for immediate move-in.",2BR Apartment,Arabian Ranches,25.06842,55.25709,3,1271,0,3,4,9000,Yusuf Karimi,2026-01-02,active,0,429
1296,Exclusive 3BR Apartment in Discovery Gardens | High Floor,Close to metro station and community mall. Available for immediate move-in. Pet friendly building.,3BR Apartment,Discovery Gardens,25.06442,55.12153,3,1535,1,6,39,9500,Grace Okafor,2026-01-14,active,0,1296
2180,Exclusive Villa in Jumeirah Lake Towers | High Floor,"Pet friendly building. Covered parking included. Landlord maintained, no agency fees.",Villa,Jumeirah Lake Towers,25.05899,55.13131,5,2840,1,22,0,18000,Elena Popescu,2026-03-12,active,0,2180
1299,Spacious Studio in Business Bay | Ready to Move,Balcony with community view. Covered parking included. Recently renovated kitchen and bathrooms. Available for immediate move-in.,Studio,Business Bay,25.19974,55.25256,0,460,1,15,1,3750,Grace Okafor,2026-06-28,active,0,1299
557,Chiller Free 2BR Apartment in Jumeirah Village Circle,Recently renovated kitchen and bathrooms. Balcony with community view.,2BR Apartment,Jumeirah Village Circle,25.06909,55.23017,3,1142,1,12,5,5500,Elena Popescu,2026-05-17,active,0,557
492,"Upgraded 3BR Apartment in Jumeirah Lake Towers, Motivated Seller","Landlord maintained, no agency fees. Covered parking included.",3BR Apartment,Jumeirah Lake Towers,25.06819,55.15104,3,1851,0,19,7,14500,Omar Farouk,2026-03-12,active,0,492
2628,URGENT SALE Stunning Townhouse | Discovery Gardens | Vacant Soon,Pet friendly building. Covered parking included.,Townhouse,Discovery Gardens,25.02757,55.14633,3,1946,0,2,0,4096,Elena Popescu,2026-08-25,active,1,2628
1903,Spacious Studio in Jumeirah Village Circle | Ready to Move,"Landlord maintained, no agency fees. Covered parking included.",Studio,Jumeirah Village Circle,25.0668,55.22098,0,474,1,17,13,2500,Fatima Al-Suwaidi,2026-04-14,active,0,1903
2265,Must See! Studio Available in Dubai Silicon Oasis,"Covered parking included. Landlord maintained, no agency fees.",Studio,Dubai Silicon Oasis,25.11692,55.39648,0,429,1,20,11,2000,Hassan Ali,2026-06-01,active,0,301
387,Spacious Villa in Al Furjan | Ready to Move,Available for immediate move-in. Balcony with community view. Pet friendly building. Recently renovated kitchen and bathrooms.,Villa,Al Furjan,25.03144,55.1649,5,5011,1,13,0,25250,Elena Popescu,2026-02-16,active,0,387
1402,Chiller Free Villa in Dubai Marina,Covered parking included. Shared pool and gym access. Close to metro station and community mall.,Villa,Dubai Marina,25.07145,55.1319,5,3731,0,18,0,32000,Noor Abdullah,2026-07-30,active,0,1402
701,Studio for Rent in Dubai Silicon Oasis - Prime Location,"Landlord maintained, no agency fees. Covered parking included. Pet friendly building. Balcony with community view.",Studio,Dubai Silicon Oasis,25.12687,55.38639,0,517,0,1,21,2500,Michael Costa,2026-05-02,active,0,701
31,Exclusive 3BR Apartment in Al Furjan | High Floor,"Balcony with community view. Pet friendly building. Landlord maintained, no agency fees. Near international schools.",3BR Apartment,Al Furjan,25.02511,55.16905,3,1951,0,17,39,10750,Daniel Reyes,2026-04-10,active,0,31
498,3BR Apartment for Rent in Mirdif - Prime Location,"Built-in wardrobes throughout. Shared pool and gym access. Available for immediate move-in. Landlord maintained, no agency fees.",3BR Apartment,Mirdif,25.22391,55.42419,4,2086,1,4,35,10750,Grace Okafor,2026-05-28,active,0,498
1664,Spacious Townhouse in Dubai Silicon Oasis | Ready to Move,Recently renovated kitchen and bathrooms. Near international schools.,Townhouse,Dubai Silicon Oasis,25.11273,55.36161,4,1905,1,2,0,8250,Fatima Al-Suwaidi,2026-01-10,active,0,1664
1148,Best Deal! 2BR Apartment in Downtown Dubai,"Recently renovated kitchen and bathrooms. Landlord maintained, no agency fees. Covered parking included.",2BR Apartment,Downtown Dubai,25.18418,55.28162,2,1098,0,19,14,9500,Omar Farouk,2026-02-19,active,0,1148
2117,3BR Apartment for Rent in Arabian Ranches - Prime Location,"Balcony with community view. Near international schools. Landlord maintained, no agency fees.",3BR Apartment,Arabian Ranches,25.07511,55.28934,4,2072,0,9,28,12500,Fatima Al-Suwaidi,2026-01-08,active,0,2117
2089,Chiller Free 1BR Apartment in Jumeirah Village Circle,Near international schools. Pet friendly building.,1BR Apartment,Jumeirah Village Circle,25.06892,55.20046,2,706,1,13,18,4250,Ravi Shankar,2026-02-15,active,0,2089
1835,Studio with Full Amenities - Al Furjan,"Landlord maintained, no agency fees. Built-in wardrobes throughout. Near international schools.",Studio,Al Furjan,25.01242,55.16746,0,518,0,22,40,2500,Michael Costa,2026-08-04,active,0,1835
1178,3BR Apartment with Full Amenities - Discovery Gardens,Covered parking included. Shared pool and gym access. Close to metro station and community mall.,3BR Apartment,Discovery Gardens,25.06396,55.12663,3,1514,0,3,37,7000,Yusuf Karimi,2026-01-02,active,0,1178
221,Exclusive Villa in Discovery Gardens | High Floor,Available for immediate move-in. Near international schools. Shared pool and gym access. Pet friendly building.,Villa,Discovery Gardens,25.01544,55.12472,5,3528,0,22,0,16250,Yusuf Karimi,2026-05-24,active,0,221
2163,3BR Apartment for Rent in Al Furjan - Prime Location,Available for immediate move-in. Shared pool and gym access. Balcony with community view.,3BR Apartment,Al Furjan,25.00302,55.13109,4,1595,1,9,40,7750,Yusuf Karimi,2026-04-03,active,0,2163
2083,Townhouse with Full Amenities - Downtown Dubai,"Near international schools. Landlord maintained, no agency fees. Balcony with community view. Built-in wardrobes throughout.",Townhouse,Downtown Dubai,25.19495,55.27868,3,2315,0,13,0,21500,Anjali Menon,2026-07-16,active,0,2083
1749,Spacious Villa in Dubai Marina | Ready to Move,Balcony with community view. Available for immediate move-in. Covered parking included.,Villa,Dubai Marina,25.09669,55.1286,6,3796,1,16,0,39250,Omar Farouk,2026-04-23,active,0,1749
338,"Upgraded 3BR Apartment in Dubai Silicon Oasis, Motivated Seller",Near international schools. Shared pool and gym access. Close to metro station and community mall.,3BR Apartment,Dubai Silicon Oasis,25.13001,55.40524,3,1846,0,2,35,7250,Ravi Shankar,2026-02-01,active,0,338
1197,Spacious 1BR Apartment in Business Bay | Ready to Move,Pet friendly building. Covered parking included. Near international schools.,1BR Apartment,Business Bay,25.18679,55.24555,1,875,0,7,41,6250,Michael Costa,2026-03-27,active,0,1197
2625,URGENT SALE Chiller Free 2BR Apartment in Dubai Marina,Available for immediate move-in. Covered parking included. Balcony with community view.,2BR Apartment,Dubai Marina,25.10297,55.15431,3,1159,0,10,7,4909,Elena Popescu,2026-01-06,active,1,2625
35,Exclusive Studio in Dubai Sports City | High Floor,Pet friendly building. Balcony with community view. Shared pool and gym access.,Studio,Dubai Sports City,25.02911,55.21889,0,468,0,21,24,1500,Omar Farouk,2026-05-06,active,0,35
2252,Brand New Listing: Townhouse in Dubai Sports City,Shared pool and gym access. Recently renovated kitchen and bathrooms. Covered parking included.,Townhouse,Dubai Sports City,25.03083,55.2274,4,2569,0,3,0,12000,Yusuf Karimi,2026-01-14,active,0,1138
521,Studio for Rent in Al Furjan - Prime Location,Pet friendly building. Balcony with community view. Available for immediate move-in.,Studio,Al Furjan,25.01609,55.1454,0,504,1,21,17,2250,Fatima Al-Suwaidi,2026-07-27,active,0,521
1766,Stunning Villa | Al Furjan | Vacant Soon,Recently renovated kitchen and bathrooms. Balcony with community view.,Villa,Al Furjan,24.9997,55.13197,4,3520,0,13,0,17500,Hassan Ali,2026-03-16,active,0,1766
1409,Chiller Free 1BR Apartment in Al Furjan,"Balcony with community view. Landlord maintained, no agency fees. Available for immediate move-in.",1BR Apartment,Al Furjan,24.99972,55.12805,2,673,1,4,39,3500,Omar Farouk,2026-02-10,active,0,1409
2071,Exclusive 3BR Apartment in Jumeirah Village Circle | High Floor,Balcony with community view. Shared pool and gym access. Pet friendly building.,3BR Apartment,Jumeirah Village Circle,25.04419,55.18509,3,1879,0,17,27,9500,Michael Costa,2026-03-27,active,0,2071
1121,Chiller Free 2BR Apartment in Al Furjan,Available for immediate move-in. Pet friendly building. Covered parking included. Shared pool and gym access.,2BR Apartment,Al Furjan,25.01408,55.14006,3,1106,0,21,1,4250,Yusuf Karimi,2026-08-27,active,0,1121
1971,2BR Apartment with Full Amenities - Dubai Sports City,Built-in wardrobes throughout. Recently renovated kitchen and bathrooms. Close to metro station and community mall. Pet friendly building.,2BR Apartment,Dubai Sports City,25.02675,55.21784,3,1294,0,0,16,6250,Anjali Menon,2026-06-30,active,0,1971
1660,Exclusive Studio in Dubai Sports City | High Floor,Covered parking included. Balcony with community view.,Studio,Dubai Sports City,25.04163,55.23325,0,438,0,19,19,1500,Hassan Ali,2026-01-02,active,0,1660
556,Chiller Free Villa in Dubai Sports City,"Close to metro station and community mall. Landlord maintained, no agency fees. Covered parking included.",Villa,Dubai Sports City,25.05529,55.22084,4,3328,0,16,0,14500,Anjali Menon,2026-06-24,active,0,556
513,2BR Apartment for Rent in Jumeirah Village Circle - Prime Location,Balcony with community view. Available for immediate move-in.,2BR Apartment,Jumeirah Village Circle,25.06892,55.19963,3,1277,1,10,18,6500,Anjali Menon,2026-02-26,active,0,513
1221,Exclusive Villa in Arabian Ranches | High Floor,Available for immediate move-in. Shared pool and gym access. Balcony with community view. Covered parking included.,Villa,Arabian Ranches,25.0355,55.27121,5,4680,0,12,0,24500,Grace Okafor,2026-07-17,active,0,1221
1565,Villa with Full Amenities - Dubai Silicon Oasis,Close to metro station and community mall. Built-in wardrobes throughout. Covered parking included.,Villa,Dubai Silicon Oasis,25.12769,55.40192,4,3791,1,16,0,15500,Fatima Al-Suwaidi,2026-03-25,active,0,1565
467,"Upgraded 1BR Apartment in Arabian Ranches, Motivated Seller","Landlord maintained, no agency fees. Shared pool and gym access. Available for immediate move-in. Recently renovated kitchen and bathrooms.",1BR Apartment,Arabian Ranches,25.07363,55.24859,2,864,0,12,35,5000,Priya Nair,2026-02-05,active,0,467
634,Townhouse with Full Amenities - Discovery Gardens,Covered parking included. Near international schools.,Townhouse,Discovery Gardens,25.03946,55.12181,4,2321,1,0,0,12500,Priya Nair,2026-04-23,active,0,634
776,2BR Apartment with Full Amenities - Business Bay,Pet friendly building. Shared pool and gym access. Built-in wardrobes throughout.,2BR Apartment,Business Bay,25.16422,55.2756,3,1385,1,16,18,13000,Michael Costa,2026-06-16,active,0,776
2047,Spacious Villa in Business Bay | Ready to Move,Close to metro station and community mall. Pet friendly building. Balcony with community view. Recently renovated kitchen and bathrooms.,Villa,Business Bay,25.20819,55.28598,5,5107,0,13,0,38500,Elena Popescu,2026-07-14,active,0,2047
2134,"Upgraded Studio in Dubai Silicon Oasis, Motivated Seller","Landlord maintained, no agency fees. Available for immediate move-in.",Studio,Dubai Silicon Oasis,25.1103,55.38244,0,412,0,12,22,1500,Omar Farouk,2026-06-04,active,0,2134
647,Spacious Villa in Business Bay | Ready to Move,Available for immediate move-in. Balcony with community view. Recently renovated kitchen and bathrooms. Built-in wardrobes throughout.,Villa,Business Bay,25.19161,55.25766,6,3905,0,2,0,26250,Layla Haddad,2026-04-17,active,0,647
244,Townhouse for Rent in Downtown Dubai - Prime Location,Pet friendly building. Balcony with community view.,Townhouse,Downtown Dubai,25.2173,55.27636,3,2316,0,4,0,27000,Layla Haddad,2026-06-03,active,0,244
476,Best Deal! Villa in Mirdif,Built-in wardrobes throughout. Covered parking included.,Villa,Mirdif,25.2018,55.3969,4,3221,0,9,0,13750,Grace Okafor,2026-04-07,active,0,476
3,"Upgraded Townhouse in Arabian Ranches, Motivated Seller",Covered parking included. Recently renovated kitchen and bathrooms. Close to metro station and community mall. Built-in wardrobes throughout.,Townhouse,Arabian Ranches,25.03759,55.25987,3,2070,0,14,0,12500,Fatima Al-Suwaidi,2026-05-22,active,0,3
489,Villa with Full Amenities - Al Furjan,"Near international schools. Available for immediate move-in. Shared pool and gym access. Landlord maintained, no agency fees.",Villa,Al Furjan,25.0138,55.14428,6,5200,0,2,0,26500,Anjali Menon,2026-08-01,active,0,489
673,Chiller Free Studio in Al Furjan,"Shared pool and gym access. Pet friendly building. Covered parking included. Landlord maintained, no agency fees.",Studio,Al Furjan,25.04425,55.14308,0,442,1,17,24,2000,Elena Popescu,2026-02-24,active,0,673
319,Exclusive Townhouse in Al Furjan | High Floor,"Landlord maintained, no agency fees. Built-in wardrobes throughout. Covered parking included.",Townhouse,Al Furjan,25.00705,55.15718,4,2223,1,7,0,12000,Chen Wei,2026-07-28,active,0,319
1937,Stunning Townhouse | Mirdif | Vacant Soon,Recently renovated kitchen and bathrooms. Covered parking included.,Townhouse,Mirdif,25.19488,55.4151,4,2114,1,7,0,10000,Daniel Reyes,2026-02-15,active,0,1937
1310,Exclusive Studio in Dubai Sports City | High Floor,Near international schools. Shared pool and gym access. Covered parking included.,Studio,Dubai Sports City,25.04178,55.21222,0,461,0,3,37,2500,Sofia Marchetti,2026-05-28,active,0,1310
1822,Best Deal! 2BR Apartment in Arabian Ranches,Pet friendly building. Recently renovated kitchen and bathrooms. Close to metro station and community mall. Near international schools.,2BR Apartment,Arabian Ranches,25.0535,55.25588,3,1220,0,10,12,9250,Hassan Ali,2026-01-09,active,0,1822
931,3BR Apartment for Rent in Dubai Marina - Prime Location,Covered parking included. Pet friendly building.,3BR Apartment,Dubai Marina,25.05922,55.14869,4,1515,1,13,16,16000,Anjali Menon,2026-03-30,active,0,931
1213,"Upgraded 2BR Apartment in Jumeirah Village Circle, Motivated Seller",Available for immediate move-in. Near international schools.,2BR Apartment,Jumeirah Village Circle,25.07714,55.19213,2,978,0,13,20,5750,Michael Costa,2026-02-25,active,0,1213
1752,Chiller Free 2BR Apartment in Arabian Ranches,"Close to metro station and community mall. Near international schools. Recently renovated kitchen and bathrooms. Landlord maintained, no agency fees.",2BR Apartment,Arabian Ranches,25.04698,55.29395,2,1122,1,13,34,8250,Elena Popescu,2026-08-17,active,0,1752
2448,"Hot Deal - Villa in Dubai Sports City, Call Now",Balcony with community view. Shared pool and gym access.,Villa,Dubai Sports City,25.06561,55.22169,5,4211,0,2,0,17000,Fatima Al-Suwaidi,2026-07-17,active,0,967
1479,2BR Apartment for Rent in Discovery Gardens - Prime Location,Balcony with community view. Pet friendly building.,2BR Apartment,Discovery Gardens,25.03898,55.15331,2,1271,1,2,34,7750,Elena Popescu,2026-02-27,active,0,1479
1603,Best Deal! 2BR Apartment in Al Furjan,Available for immediate move-in. Built-in wardrobes throughout. Near international schools.,2BR Apartment,Al Furjan,25.04556,55.15772,2,1180,1,21,23,5750,Noor Abdullah,2026-04-10,active,0,1603
2354,Brand New Listing: Townhouse in Dubai Silicon Oasis,Close to metro station and community mall. Recently renovated kitchen and bathrooms.,Townhouse,Dubai Silicon Oasis,25.14073,55.3861,4,2498,0,15,0,11000,Fatima Al-Suwaidi,2026-08-09,active,0,1026
197,3BR Apartment with Full Amenities - Dubai Marina,Shared pool and gym access. Built-in wardrobes throughout. Pet friendly building.,3BR Apartment,Dubai Marina,25.0681,55.13863,4,1535,0,19,1,11250,Noor Abdullah,2026-07-01,active,0,197
223,Spacious Townhouse in Downtown Dubai | Ready to Move,Near international schools. Covered parking included.,Townhouse,Downtown Dubai,25.20323,55.28845,4,2512,1,21,0,22750,Daniel Reyes,2026-06-25,active,0,223
2188,Best Deal! Townhouse in Dubai Marina,Pet friendly building. Balcony with community view.,Townhouse,Dubai Marina,25.09576,55.16019,4,2563,1,3,0,25500,Fatima Al-Suwaidi,2026-06-13,active,0,2188
1321,Best Deal! 3BR Apartment in Mirdif,"Landlord maintained, no agency fees. Pet friendly building. Near international schools. Shared pool and gym access.",3BR Apartment,Mirdif,25.24166,55.43558,4,1668,0,2,19,8250,Omar Farouk,2026-02-23,active,0,1321
2098,Best Deal! 2BR Apartment in Dubai Silicon Oasis,"Built-in wardrobes throughout. Landlord maintained, no agency fees.",2BR Apartment,Dubai Silicon Oasis,25.12335,55.38604,2,1287,0,13,14,5750,Ravi Shankar,2026-02-13,active,0,2098
1356,Spacious 3BR Apartment in Discovery Gardens | Ready to Move,Shared pool and gym access. Built-in wardrobes throughout.,3BR Apartment,Discovery Gardens,25.06326,55.15686,4,1860,1,4,38,11250,Michael Costa,2026-03-03,active,0,1356
48,3BR Apartment for Rent in Discovery Gardens - Prime Location,Recently renovated kitchen and bathrooms. Balcony with community view. Pet friendly building.,3BR Apartment,Discovery Gardens,25.06143,55.13399,4,1524,1,20,39,8500,Hassan Ali,2026-02-27,active,0,48
1264,"Upgraded Villa in Jumeirah Lake Towers, Motivated Seller",Built-in wardrobes throughout. Close to metro station and community mall. Near international schools. Pet friendly building.,Villa,Jumeirah Lake Towers,25.0512,55.15882,6,3492,0,22,0,23750,Layla Haddad,2026-04-13,active,0,1264
823,Villa with Full Amenities - Downtown Dubai,Recently renovated kitchen and bathrooms. Shared pool and gym access. Close to metro station and community mall.,Villa,Downtown Dubai,25.19307,55.27748,6,3321,0,16,0,38500,Michael Costa,2026-02-10,active,0,823
122,Spacious Studio in Dubai Sports City | Ready to Move,Available for immediate move-in. Near international schools.,Studio,Dubai Sports City,25.03201,55.23862,0,494,0,22,4,2000,Hassan Ali,2026-07-13,active,0,122
2590,URGENT SALE Chiller Free 3BR Apartment in Jumeirah Lake Towers,Available for immediate move-in. Close to metro station and community mall.,3BR Apartment,Jumeirah Lake Towers,25.08739,55.15191,4,1888,0,12,35,5494,Yusuf Karimi,2026-03-02,active,1,2590
2496,Jumeirah Lake Towers 1BR Apartment - Negotiable Price,"Landlord maintained, no agency fees. Balcony with community view.",1BR Apartment,Jumeirah Lake Towers,25.07159,55.12826,1,793,0,4,19,5000,Noor Abdullah,2026-04-01,active,0,1514
720,Spacious Villa in Jumeirah Lake Towers | Ready to Move,"Landlord maintained, no agency fees. Covered parking included.",Villa,Jumeirah Lake Towers,25.08762,55.15045,5,4124,1,7,0,26750,Grace Okafor,2026-05-01,active,0,720
1460,Spacious 1BR Apartment in Dubai Sports City | Ready to Move,"Landlord maintained, no agency fees. Built-in wardrobes throughout. Balcony with community view.",1BR Apartment,Dubai Sports City,25.07007,55.2009,1,659,1,4,22,3000,Priya Nair,2026-03-12,active,0,1460
856,Stunning 3BR Apartment | Al Furjan | Vacant Soon,Available for immediate move-in. Recently renovated kitchen and bathrooms. Pet friendly building. Near international schools.,3BR Apartment,Al Furjan,25.00959,55.13788,4,1510,1,9,40,8750,Fatima Al-Suwaidi,2026-08-07,active,0,856
552,Spacious Villa in Discovery Gardens | Ready to Move,"Balcony with community view. Landlord maintained, no agency fees. Pet friendly building.",Villa,Discovery Gardens,25.01874,55.1507,6,3198,1,16,0,14000,Yusuf Karimi,2026-04-08,active,0,552
2197,Exclusive Villa in Arabian Ranches | High Floor,Recently renovated kitchen and bathrooms. Pet friendly building.,Villa,Arabian Ranches,25.04067,55.25662,4,3025,0,22,0,20000,Chen Wei,2026-02-19,active,0,2197
646,Best Deal! Townhouse in Dubai Marina,Near international schools. Recently renovated kitchen and bathrooms.,Townhouse,Dubai Marina,25.09615,55.13419,4,1904,0,15,0,13250,Grace Okafor,2026-06-11,active,0,646
1376,3BR Apartment with Full Amenities - Mirdif,Available for immediate move-in. Built-in wardrobes throughout. Shared pool and gym access.,3BR Apartment,Mirdif,25.20412,55.42499,4,2060,0,13,13,9750,Noor Abdullah,2026-08-29,active,0,1376
2315,"Hot Deal - 3BR Apartment in Dubai Silicon Oasis, Call Now",Available for immediate move-in. Covered parking included. Balcony with community view. Close to metro station and community mall.,3BR Apartment,Dubai Silicon Oasis,25.10329,55.38354,4,1480,1,20,37,6000,Elena Popescu,2026-07-12,active,0,1094
1553,Chiller Free 3BR Apartment in Al Furjan,"Shared pool and gym access. Built-in wardrobes throughout. Landlord maintained, no agency fees. Available for immediate move-in.",3BR Apartment,Al Furjan,25.04753,55.17253,3,1665,1,3,25,8750,Sofia Marchetti,2026-05-06,active,0,1553
1779,Townhouse for Rent in Business Bay - Prime Location,"Near international schools. Landlord maintained, no agency fees. Recently renovated kitchen and bathrooms. Balcony with community view.",Townhouse,Business Bay,25.18417,55.2653,4,2252,0,1,0,15250,Omar Farouk,2026-05-12,active,0,1779
2369,Villa in Dubai Silicon Oasis | Well Maintained,Balcony with community view. Near international schools. Recently renovated kitchen and bathrooms. Covered parking included.,Villa,Dubai Silicon Oasis,25.12976,55.38991,6,3247,1,3,0,11500,Elena Popescu,2026-08-01,active,0,1734
1372,"Upgraded 3BR Apartment in Downtown Dubai, Motivated Seller","Landlord maintained, no agency fees. Pet friendly building.",3BR Apartment,Downtown Dubai,25.21372,55.26721,3,1864,0,15,41,22250,Noor Abdullah,2026-06-13,active,0,1372
284,Exclusive 2BR Apartment in Arabian Ranches | High Floor,Near international schools. Available for immediate move-in.,2BR Apartment,Arabian Ranches,25.02826,55.2724,2,1400,0,13,8,10250,Noor Abdullah,2026-01-03,active,0,284
1098,3BR Apartment with Full Amenities - Dubai Sports City,Shared pool and gym access. Built-in wardrobes throughout. Available for immediate move-in. Covered parking included.,3BR Apartment,Dubai Sports City,25.06032,55.1994,3,1532,1,5,8,8250,Michael Costa,2026-03-31,active,0,1098
1432,Chiller Free Villa in Dubai Sports City,"Near international schools. Close to metro station and community mall. Recently renovated kitchen and bathrooms. Landlord maintained, no agency fees.",Villa,Dubai Sports City,25.02216,55.23723,6,2849,1,12,0,12500,Hassan Ali,2026-08-04,active,0,1432
767,Stunning Townhouse | Dubai Silicon Oasis | Vacant Soon,Balcony with community view. Shared pool and gym access. Near international schools.,Townhouse,Dubai Silicon Oasis,25.1425,55.3757,3,2056,1,20,0,8250,Michael Costa,2026-04-03,active,0,767
38,"Upgraded Villa in Mirdif, Motivated Seller","Available for immediate move-in. Landlord maintained, no agency fees. Built-in wardrobes throughout.",Villa,Mirdif,25.21308,55.4334,5,4810,0,0,0,19750,Noor Abdullah,2026-03-20,active,0,38
2414,"Hot Deal - 2BR Apartment in Jumeirah Village Circle, Call Now","Landlord maintained, no agency fees. Balcony with community view. Pet friendly building. Built-in wardrobes throughout.",2BR Apartment,Jumeirah Village Circle,25.06952,55.23113,3,1127,1,12,5,5500,Chen Wei,2026-05-27,active,0,557
1506,Best Deal! 1BR Apartment in Dubai Silicon Oasis,Recently renovated kitchen and bathrooms. Shared pool and gym access. Available for immediate move-in.,1BR Apartment,Dubai Silicon Oasis,25.12381,55.36063,1,792,0,1,36,4000,Yusuf Karimi,2026-04-28,active,0,1506
1031,Spacious 3BR Apartment in Arabian Ranches | Ready to Move,"Balcony with community view. Covered parking included. Landlord maintained, no agency fees.",3BR Apartment,Arabian Ranches,25.04012,55.28863,3,1400,0,0,4,8250,Fatima Al-Suwaidi,2026-04-15,active,0,1031
181,Chiller Free 2BR Apartment in Palm Jumeirah,"Built-in wardrobes throughout. Balcony with community view. Landlord maintained, no agency fees. Recently renovated kitchen and bathrooms.",2BR Apartment,Palm Jumeirah,25.12068,55.15472,3,987,1,21,26,13750,Grace Okafor,2026-04-22,active,0,181
1267,Best Deal! 1BR Apartment in Downtown Dubai,"Landlord maintained, no agency fees. Available for immediate move-in. Covered parking included. Close to metro station and community mall.",1BR Apartment,Downtown Dubai,25.20593,55.26127,2,887,1,0,35,10750,Layla Haddad,2026-02-10,active,0,1267
560,Townhouse with Full Amenities - Al Furjan,Covered parking included. Built-in wardrobes throughout.,Townhouse,Al Furjan,25.0455,55.14778,3,2019,0,8,0,9250,Daniel Reyes,2026-04-20,active,0,560
1378,Spacious Townhouse in Al Furjan | Ready to Move,Balcony with community view. Close to metro station and community mall. Recently renovated kitchen and bathrooms.,Townhouse,Al Furjan,25.01209,55.15438,4,2471,1,14,0,10500,Anjali Menon,2026-02-03,active,0,1378
949,3BR Apartment for Rent in Al Furjan - Prime Location,Recently renovated kitchen and bathrooms. Close to metro station and community mall. Built-in wardrobes throughout.,3BR Apartment,Al Furjan,25.00727,55.14285,3,1937,1,13,29,11000,Hassan Ali,2026-06-28,active,0,949
89,Stunning Studio | Arabian Ranches | Vacant Soon,"Pet friendly building. Landlord maintained, no agency fees. Balcony with community view. Shared pool and gym access.",Studio,Arabian Ranches,25.03294,55.2812,0,468,1,21,41,2500,Hassan Ali,2026-03-28,active,0,89
2506,"Hot Deal - Townhouse in Dubai Marina, Call Now",Recently renovated kitchen and bathrooms. Available for immediate move-in.,Townhouse,Dubai Marina,25.06658,55.16469,4,2535,0,20,0,23000,Chen Wei,2026-05-28,active,0,865
2108,Best Deal! 3BR Apartment in Palm Jumeirah,"Available for immediate move-in. Close to metro station and community mall. Near international schools. Landlord maintained, no agency fees.",3BR Apartment,Palm Jumeirah,25.12299,55.14465,4,1593,0,16,12,20750,Noor Abdullah,2026-02-18,active,0,2108
1567,Best Deal! 3BR Apartment in Al Furjan,"Covered parking included. Close to metro station and community mall. Pet friendly building. Landlord maintained, no agency fees.",3BR Apartment,Al Furjan,25.01541,55.1397,3,2041,0,4,33,10750,Daniel Reyes,2026-04-02,active,0,1567
1514,Best Deal! 1BR Apartment in Jumeirah Lake Towers,Near international schools. Available for immediate move-in.,1BR Apartment,Jumeirah Lake Towers,25.07124,55.1289,1,793,0,4,19,5000,Anjali Menon,2026-03-11,active,0,1514
1950,2BR Apartment for Rent in Jumeirah Village Circle - Prime Location,Available for immediate move-in. Close to metro station and community mall. Built-in wardrobes throughout.,2BR Apartment,Jumeirah Village Circle,25.05431,55.21752,2,1273,0,2,12,5500,Anjali Menon,2026-03-28,active,0,1950
150,Townhouse for Rent in Al Furjan - Prime Location,"Close to metro station and community mall. Covered parking included. Near international schools. Landlord maintained, no agency fees.",Townhouse,Al Furjan,25.01214,55.15058,3,2317,0,13,0,12000,Priya Nair,2026-05-06,active,0,150
683,Exclusive 1BR Apartment in Discovery Gardens | High Floor,Balcony with community view. Near international schools. Available for immediate move-in. Covered parking included.,1BR Apartment,Discovery Gardens,25.04475,55.16819,2,791,0,1,39,3750,Layla Haddad,2026-02-23,active,0,683
2517,Brand New Listing: 2BR Apartment in Arabian Ranches,Available for immediate move-in. Recently renovated kitchen and bathrooms. Covered parking included.,2BR Apartment,Arabian Ranches,25.07007,55.24848,2,1146,1,19,12,9000,Fatima Al-Suwaidi,2026-09-05,active,0,1109
1705,Best Deal! 3BR Apartment in Jumeirah Lake Towers,Available for immediate move-in. Built-in wardrobes throughout. Close to metro station and community mall. Covered parking included.,3BR Apartment,Jumeirah Lake Towers,25.08492,55.1526,4,1763,0,3,26,11000,Elena Popescu,2026-06-16,active,0,1705
1458,"Upgraded 3BR Apartment in Arabian Ranches, Motivated Seller","Available for immediate move-in. Landlord maintained, no agency fees.",3BR Apartment,Arabian Ranches,25.04827,55.27781,4,1964,0,18,5,14500,Anjali Menon,2026-08-11,active,0,1458
582,Townhouse with Full Amenities - Arabian Ranches,"Landlord maintained, no agency fees. Shared pool and gym access. Near international schools.",Townhouse,Arabian Ranches,25.06113,55.29164,4,1805,0,1,0,10750,Omar Farouk,2026-03-19,active,0,582
1038,Exclusive 3BR Apartment in Arabian Ranches | High Floor,Shared pool and gym access. Pet friendly building.,3BR Apartment,Arabian Ranches,25.03589,55.2728,4,1662,0,7,22,12500,Sofia Marchetti,2026-03-11,active,0,1038
1602,2BR Apartment with Full Amenities - Jumeirah Village Circle,Shared pool and gym access. Recently renovated kitchen and bathrooms. Available for immediate move-in.,2BR Apartment,Jumeirah Village Circle,25.03788,55.20851,3,1148,1,10,19,5500,Hassan Ali,2026-04-03,active,0,1602
1883,Spacious Townhouse in Dubai Silicon Oasis | Ready to Move,Near international schools. Close to metro station and community mall. Pet friendly building.,Townhouse,Dubai Silicon Oasis,25.10019,55.38005,3,1867,0,20,0,7750,Elena Popescu,2026-01-31,active,0,1883
1554,1BR Apartment for Rent in Jumeirah Village Circle - Prime Location,Covered parking included. Available for immediate move-in. Shared pool and gym access. Close to metro station and community mall.,1BR Apartment,Jumeirah Village Circle,25.07861,55.2084,2,849,0,1,27,4750,Omar Farouk,2026-08-15,active,0,1554
174,Chiller Free 1BR Apartment in Business Bay,Recently renovated kitchen and bathrooms. Built-in wardrobes throughout.,1BR Apartment,Business Bay,25.16833,55.28521,1,855,1,20,42,5750,Elena Popescu,2026-02-20,active,0,174
2294,Must See! Villa Available in Al Furjan,Close to metro station and community mall. Shared pool and gym access. Recently renovated kitchen and bathrooms.,Villa,Al Furjan,25.01428,55.14338,6,5215,0,2,0,27000,Michael Costa,2026-08-13,active,0,489
1421,Chiller Free 1BR Apartment in Downtown Dubai,Near international schools. Shared pool and gym access. Balcony with community view. Recently renovated kitchen and bathrooms.,1BR Apartment,Downtown Dubai,25.18613,55.28951,2,900,0,11,26,9250,Sofia Marchetti,2026-03-08,active,0,1421
2486,Brand New Listing: Townhouse in Mirdif,"Landlord maintained, no agency fees. Close to metro station and community mall. Built-in wardrobes throughout.",Townhouse,Mirdif,25.22864,55.4382,4,2211,0,8,0,10000,Daniel Reyes,2026-08-13,active,0,706
5,Best Deal! Townhouse in Discovery Gardens,Built-in wardrobes throughout. Covered parking included. Pet friendly building. Available for immediate move-in.,Townhouse,Discovery Gardens,25.05903,55.15154,3,2024,0,1,0,9000,Omar Farouk,2026-03-10,active,0,5
2574,URGENT SALE Stunning 1BR Apartment | Palm Jumeirah | Vacant Soon,Covered parking included. Pet friendly building. Built-in wardrobes throughout.,1BR Apartment,Palm Jumeirah,25.11849,55.16331,2,659,0,15,35,3889,Elena Popescu,2026-05-11,active,1,2574
1719,Stunning Townhouse | Dubai Sports City | Vacant Soon,Shared pool and gym access. Covered parking included.,Townhouse,Dubai Sports City,25.02784,55.22745,3,2131,0,17,0,8750,Elena Popescu,2026-05-21,active,0,1719
1816,Townhouse with Full Amenities - Downtown Dubai,"Available for immediate move-in. Shared pool and gym access. Landlord maintained, no agency fees. Built-in wardrobes throughout.",Townhouse,Downtown Dubai,25.22071,55.25055,4,1866,0,12,0,16250,Layla Haddad,2026-06-04,active,0,1816
866,Townhouse with Full Amenities - Business Bay,"Near international schools. Landlord maintained, no agency fees.",Townhouse,Business Bay,25.18298,55.2834,3,2471,1,21,0,18250,Priya Nair,2026-01-26,active,0,866
1735,Best Deal! Townhouse in Arabian Ranches,Pet friendly building. Covered parking included.,Townhouse,Arabian Ranches,25.05874,55.28006,3,2027,0,2,0,12000,Noor Abdullah,2026-05-09,active,0,1735
1092,Exclusive 3BR Apartment in Jumeirah Lake Towers | High Floor,Shared pool and gym access. Near international schools. Pet friendly building.,3BR Apartment,Jumeirah Lake Towers,25.07395,55.16357,3,1407,0,0,9,10250,Grace Okafor,2026-06-20,active,0,1092
257,"Upgraded Townhouse in Al Furjan, Motivated Seller",Pet friendly building. Shared pool and gym access.,Townhouse,Al Furjan,25.00893,55.15874,4,1903,1,19,0,10500,Daniel Reyes,2026-06-06,active,0,257
881,"Upgraded 2BR Apartment in Jumeirah Village Circle, Motivated Seller",Covered parking included. Pet friendly building.,2BR Apartment,Jumeirah Village Circle,25.05695,55.19799,2,1116,0,12,34,6250,Anjali Menon,2026-02-22,active,0,881
1753,"Upgraded Townhouse in Arabian Ranches, Motivated Seller","Landlord maintained, no agency fees. Close to metro station and community mall. Near international schools.",Townhouse,Arabian Ranches,25.0744,55.25933,4,2231,0,9,0,13500,Hassan Ali,2026-04-11,active,0,1753
1290,Spacious 1BR Apartment in Discovery Gardens | Ready to Move,Available for immediate move-in. Shared pool and gym access. Balcony with community view.,1BR Apartment,Discovery Gardens,25.05352,55.13516,1,800,0,9,18,4500,Anjali Menon,2026-05-07,active,0,1290
703,Chiller Free 2BR Apartment in Jumeirah Lake Towers,Built-in wardrobes throughout. Available for immediate move-in.,2BR Apartment,Jumeirah Lake Towers,25.06783,55.12556,2,1394,0,10,18,10500,Priya Nair,2026-07-13,active,0,703
2293,Dubai Sports City 2BR Apartment - Negotiable Price,Available for immediate move-in. Close to metro station and community mall. Near international schools. Built-in wardrobes throughout.,2BR Apartment,Dubai Sports City,25.04384,55.20716,3,1005,1,12,13,4500,Sofia Marchetti,2026-01-14,active,0,1292
537,Spacious 3BR Apartment in Mirdif | Ready to Move,Covered parking included. Recently renovated kitchen and bathrooms.,3BR Apartment,Mirdif,25.20518,55.44303,3,1502,0,4,1,7250,Hassan Ali,2026-07-15,active,0,537
2178,Spacious Townhouse in Jumeirah Lake Towers | Ready to Move,Available for immediate move-in. Pet friendly building. Recently renovated kitchen and bathrooms.,Townhouse,Jumeirah Lake Towers,25.06103,55.11879,4,2221,0,4,0,16750,Daniel Reyes,2026-01-06,active,0,2178
2382,"Hot Deal - Townhouse in Dubai Sports City, Call Now","Landlord maintained, no agency fees. Near international schools.",Townhouse,Dubai Sports City,25.02307,55.21484,4,1858,1,21,0,8000,Fatima Al-Suwaidi,2026-08-14,active,0,610
696,Exclusive 1BR Apartment in Mirdif | High Floor,"Landlord maintained, no agency fees. Balcony with community view. Built-in wardrobes throughout.",1BR Apartment,Mirdif,25.22399,55.42546,2,664,0,18,20,2750,Sofia Marchetti,2026-08-11,active,0,696
2534,Must See! Villa Available in Arabian Ranches,"Available for immediate move-in. Shared pool and gym access. Recently renovated kitchen and bathrooms. Landlord maintained, no agency fees.",Villa,Arabian Ranches,25.05519,55.24787,5,3863,0,19,0,20500,Chen Wei,2026-08-18,active,0,1044
684,"Upgraded 1BR Apartment in Jumeirah Village Circle, Motivated Seller",Shared pool and gym access. Pet friendly building. Close to metro station and community mall. Balcony with community view.,1BR Apartment,Jumeirah Village Circle,25.04953,55.20162,2,765,1,10,15,3500,Ravi Shankar,2026-06-12,active,0,684
2568,URGENT SALE Stunning 3BR Apartment | Discovery Gardens | Vacant Soon,"Built-in wardrobes throughout. Landlord maintained, no agency fees. Pet friendly building.",3BR Apartment,Discovery Gardens,25.03372,55.1346,4,1785,0,2,22,3253,Layla Haddad,2026-01-21,active,1,2568
1392,Studio with Full Amenities - Jumeirah Village Circle,Available for immediate move-in. Built-in wardrobes throughout. Shared pool and gym access. Covered parking included.,Studio,Jumeirah Village Circle,25.06273,55.20963,0,415,0,9,32,2500,Chen Wei,2026-06-02,active,0,1392
615,Stunning 3BR Apartment | Dubai Sports City | Vacant Soon,Pet friendly building. Recently renovated kitchen and bathrooms.,3BR Apartment,Dubai Sports City,25.06516,55.24193,4,2098,0,0,36,9500,Anjali Menon,2026-06-29,active,0,615
235,Exclusive Townhouse in Dubai Sports City | High Floor,"Built-in wardrobes throughout. Balcony with community view. Landlord maintained, no agency fees.",Townhouse,Dubai Sports City,25.06419,55.21594,4,2173,0,13,0,8250,Chen Wei,2026-07-02,active,0,235
2459,Brand New Listing: 1BR Apartment in Discovery Gardens,Balcony with community view. Built-in wardrobes throughout. Pet friendly building.,1BR Apartment,Discovery Gardens,25.05285,55.12576,2,862,0,10,23,4000,Priya Nair,2026-04-01,active,0,308
2549,Brand New Listing: Studio in Business Bay,Available for immediate move-in. Near international schools. Built-in wardrobes throughout.,Studio,Business Bay,25.17128,55.27404,0,424,1,5,29,3500,Grace Okafor,2026-07-24,active,0,1006
1445,2BR Apartment for Rent in Dubai Silicon Oasis - Prime Location,Balcony with community view. Recently renovated kitchen and bathrooms. Near international schools. Pet friendly building.,2BR Apartment,Dubai Silicon Oasis,25.11855,55.38581,3,1256,0,17,14,4250,Elena Popescu,2026-05-06,active,0,1445
355,Chiller Free 2BR Apartment in Arabian Ranches,"Landlord maintained, no agency fees. Covered parking included. Available for immediate move-in. Balcony with community view.",2BR Apartment,Arabian Ranches,25.04384,55.25877,3,1039,0,22,5,6000,Omar Farouk,2026-05-19,active,0,355
1265,Spacious Studio in Dubai Silicon Oasis | Ready to Move,Shared pool and gym access. Covered parking included. Balcony with community view.,Studio,Dubai Silicon Oasis,25.14035,55.39543,0,447,0,17,28,1750,Yusuf Karimi,2026-07-05,active,0,1265
1051,"Upgraded 2BR Apartment in Palm Jumeirah, Motivated Seller",Built-in wardrobes throughout. Available for immediate move-in. Pet friendly building.,2BR Apartment,Palm Jumeirah,25.10356,55.14228,2,1074,1,3,6,13750,Noor Abdullah,2026-08-18,active,0,1051
1544,Spacious 2BR Apartment in Downtown Dubai | Ready to Move,Built-in wardrobes throughout. Covered parking included.,2BR Apartment,Downtown Dubai,25.17415,55.25234,3,996,0,9,26,9500,Michael Costa,2026-04-03,active,0,1544
2305,"Hot Deal - Studio in Dubai Sports City, Call Now",Pet friendly building. Near international schools.,Studio,Dubai Sports City,25.02943,55.21813,0,483,0,21,24,1500,Daniel Reyes,2026-05-23,active,0,35
2038,Exclusive Villa in Downtown Dubai | High Floor,Built-in wardrobes throughout. Covered parking included.,Villa,Downtown Dubai,25.20588,55.25397,5,3765,0,21,0,35000,Priya Nair,2026-07-07,active,0,2038
156,Chiller Free 3BR Apartment in Dubai Sports City,Close to metro station and community mall. Shared pool and gym access. Covered parking included.,3BR Apartment,Dubai Sports City,25.07008,55.23827,4,1751,0,1,3,6500,Priya Nair,2026-08-08,active,0,156
107,Exclusive Villa in Business Bay | High Floor,"Landlord maintained, no agency fees. Pet friendly building. Close to metro station and community mall. Built-in wardrobes throughout.",Villa,Business Bay,25.1691,55.24847,5,3792,1,22,0,23750,Michael Costa,2026-06-26,active,0,107
1383,Best Deal! Townhouse in Dubai Sports City,Shared pool and gym access. Pet friendly building. Covered parking included.,Townhouse,Dubai Sports City,25.06815,55.20648,3,2078,0,1,0,9750,Fatima Al-Suwaidi,2026-03-11,active,0,1383
620,Exclusive 2BR Apartment in Dubai Marina | High Floor,"Close to metro station and community mall. Near international schools. Landlord maintained, no agency fees. Available for immediate move-in.",2BR Apartment,Dubai Marina,25.09365,55.16216,3,1387,0,15,2,12750,Noor Abdullah,2026-02-17,active,0,620
534,Stunning 1BR Apartment | Discovery Gardens | Vacant Soon,Close to metro station and community mall. Available for immediate move-in. Recently renovated kitchen and bathrooms.,1BR Apartment,Discovery Gardens,25.05093,55.15381,2,859,0,9,21,4750,Fatima Al-Suwaidi,2026-07-07,active,0,534
1777,Best Deal! 3BR Apartment in Al Furjan,"Close to metro station and community mall. Landlord maintained, no agency fees. Near international schools. Built-in wardrobes throughout.",3BR Apartment,Al Furjan,25.01017,55.13647,4,1955,0,6,36,11250,Priya Nair,2026-02-19,active,0,1777
1967,"Upgraded Villa in Jumeirah Village Circle, Motivated Seller",Close to metro station and community mall. Near international schools. Recently renovated kitchen and bathrooms. Covered parking included.,Villa,Jumeirah Village Circle,25.04437,55.22845,4,3743,0,13,0,16750,Hassan Ali,2026-01-03,active,0,1967
1384,Spacious Studio in Jumeirah Lake Towers | Ready to Move,Near international schools. Available for immediate move-in.,Studio,Jumeirah Lake Towers,25.04886,55.13742,0,524,0,22,17,3250,Michael Costa,2026-06-03,active,0,1384
932,2BR Apartment with Full Amenities - Jumeirah Lake Towers,Close to metro station and community mall. Covered parking included. Pet friendly building.,2BR Apartment,Jumeirah Lake Towers,25.05454,55.12991,2,1253,1,5,38,9750,Anjali Menon,2026-01-25,active,0,932
2099,Spacious 3BR Apartment in Al Furjan | Ready to Move,"Covered parking included. Close to metro station and community mall. Landlord maintained, no agency fees.",3BR Apartment,Al Furjan,25.01545,55.16412,3,1844,1,9,41,8750,Daniel Reyes,2026-01-27,active,0,2099
1511,Spacious Studio in Discovery Gardens | Ready to Move,Balcony with community view. Shared pool and gym access. Recently renovated kitchen and bathrooms. Built-in wardrobes throughout.,Studio,Discovery Gardens,25.05989,55.1584,0,429,0,10,20,2500,Noor Abdullah,2026-06-25,active,0,1511
575,Exclusive Villa in Downtown Dubai | High Floor,Covered parking included. Built-in wardrobes throughout. Available for immediate move-in.,Villa,Downtown Dubai,25.21709,55.29037,5,4798,0,14,0,48500,Omar Farouk,2026-06-09,active,0,575
1110,Townhouse with Full Amenities - Arabian Ranches,Balcony with community view. Covered parking included. Pet friendly building. Recently renovated kitchen and bathrooms.,Townhouse,Arabian Ranches,25.05756,55.26797,3,1841,0,18,0,12250,Fatima Al-Suwaidi,2026-05-17,active,0,1110
2112,1BR Apartment for Rent in Dubai Sports City - Prime Location,Built-in wardrobes throughout. Recently renovated kitchen and bathrooms.,1BR Apartment,Dubai Sports City,25.03587,55.22554,2,943,1,6,16,5000,Noor Abdullah,2026-02-18,active,0,2112
1559,Chiller Free Studio in Palm Jumeirah,Balcony with community view. Recently renovated kitchen and bathrooms. Covered parking included.,Studio,Palm Jumeirah,25.10527,55.12403,0,536,0,8,21,8000,Daniel Reyes,2026-05-28,active,0,1559
452,Townhouse for Rent in Al Furjan - Prime Location,"Landlord maintained, no agency fees. Recently renovated kitchen and bathrooms.",Townhouse,Al Furjan,25.02804,55.16574,3,2434,1,20,0,13750,Omar Farouk,2026-02-19,active,0,452
2544,Brand New Listing: 1BR Apartment in Business Bay,"Balcony with community view. Available for immediate move-in. Landlord maintained, no agency fees.",1BR Apartment,Business Bay,25.2113,55.26814,2,867,1,2,17,7500,Chen Wei,2026-01-22,active,0,1626
1639,Studio for Rent in Dubai Marina - Prime Location,"Landlord maintained, no agency fees. Covered parking included. Close to metro station and community mall. Balcony with community view.",Studio,Dubai Marina,25.09546,55.16009,0,452,0,13,7,4250,Sofia Marchetti,2026-05-12,active,0,1639
1350,Spacious 2BR Apartment in Mirdif | Ready to Move,"Shared pool and gym access. Landlord maintained, no agency fees.",2BR Apartment,Mirdif,25.23949,55.43682,2,1361,0,8,23,6250,Fatima Al-Suwaidi,2026-07-27,active,0,1350
1676,1BR Apartment for Rent in Dubai Marina - Prime Location,Pet friendly building. Shared pool and gym access. Near international schools.,1BR Apartment,Dubai Marina,25.05625,55.12749,1,747,0,3,41,6750,Ravi Shankar,2026-06-10,active,0,1676
262,Stunning 2BR Apartment | Discovery Gardens | Vacant Soon,Close to metro station and community mall. Balcony with community view.,2BR Apartment,Discovery Gardens,25.05119,55.1525,2,1259,0,8,29,6750,Anjali Menon,2026-04-26,active,0,262
2040,Chiller Free 3BR Apartment in Dubai Marina,Balcony with community view. Near international schools.,3BR Apartment,Dubai Marina,25.06899,55.13041,3,1686,1,19,14,16250,Elena Popescu,2026-08-29,active,0,2040
1532,Spacious Villa in Mirdif | Ready to Move,"Close to metro station and community mall. Landlord maintained, no agency fees. Near international schools. Covered parking included.",Villa,Mirdif,25.19325,55.44608,6,4531,1,10,0,24500,Anjali Menon,2026-04-16,active,0,1532
880,Spacious Villa in Jumeirah Village Circle | Ready to Move,Recently renovated kitchen and bathrooms. Built-in wardrobes throughout. Covered parking included.,Villa,Jumeirah Village Circle,25.05485,55.19165,6,4416,1,6,0,21500,Hassan Ali,2026-01-29,active,0,880
2073,Spacious 3BR Apartment in Dubai Marina | Ready to Move,Pet friendly building. Available for immediate move-in.,3BR Apartment,Dubai Marina,25.06803,55.1379,4,1730,0,0,34,14750,Yusuf Karimi,2026-05-06,active,0,2073
742,Exclusive Townhouse in Discovery Gardens | High Floor,Near international schools. Recently renovated kitchen and bathrooms.,Townhouse,Discovery Gardens,25.03099,55.13064,3,2479,0,8,0,10250,Elena Popescu,2026-02-04,active,0,742
1436,Best Deal! Townhouse in Arabian Ranches,Covered parking included. Close to metro station and community mall.,Townhouse,Arabian Ranches,25.03378,55.27117,3,1844,1,10,0,12500,Hassan Ali,2026-06-04,active,0,1436
2595,URGENT SALE Spacious Townhouse in Al Furjan | Ready to Move,"Available for immediate move-in. Landlord maintained, no agency fees. Shared pool and gym access. Pet friendly building.",Townhouse,Al Furjan,24.99995,55.12713,3,2107,1,6,0,4641,Hassan Ali,2026-07-23,active,1,2595
2296,2BR Apartment in Dubai Marina | Well Maintained,Shared pool and gym access. Recently renovated kitchen and bathrooms. Balcony with community view.,2BR Apartment,Dubai Marina,25.09589,55.16077,3,1264,0,16,21,12000,Anjali Menon,2026-05-27,active,0,124
1300,Exclusive Studio in Discovery Gardens | High Floor,Covered parking included. Built-in wardrobes throughout.,Studio,Discovery Gardens,25.04996,55.14821,0,538,0,7,37,2500,Priya Nair,2026-04-15,active,0,1300
2271,Must See! 1BR Apartment Available in Dubai Silicon Oasis,Pet friendly building. Covered parking included.,1BR Apartment,Dubai Silicon Oasis,25.14158,55.36565,1,830,0,11,26,3500,Yusuf Karimi,2026-07-26,active,0,2128
435,"Upgraded Villa in Dubai Silicon Oasis, Motivated Seller",Close to metro station and community mall. Pet friendly building. Near international schools. Built-in wardrobes throughout.,Villa,Dubai Silicon Oasis,25.10283,55.36558,4,4639,1,10,0,16500,Anjali Menon,2026-08-19,active,0,435
2352,Dubai Silicon Oasis Studio - Negotiable Price,Close to metro station and community mall. Recently renovated kitchen and bathrooms. Available for immediate move-in. Built-in wardrobes throughout.,Studio,Dubai Silicon Oasis,25.10955,55.38187,0,412,0,12,22,1500,Elena Popescu,2026-06-09,active,0,2134
1760,Chiller Free Studio in Jumeirah Lake Towers,"Available for immediate move-in. Landlord maintained, no agency fees. Balcony with community view. Shared pool and gym access.",Studio,Jumeirah Lake Towers,25.08227,55.13712,0,523,1,11,11,4000,Layla Haddad,2026-08-27,active,0,1760
755,Exclusive 3BR Apartment in Business Bay | High Floor,Pet friendly building. Near international schools. Close to metro station and community mall.,3BR Apartment,Business Bay,25.18858,55.24018,3,1602,1,20,28,11750,Ravi Shankar,2026-05-04,active,0,755
836,Stunning 3BR Apartment | Dubai Silicon Oasis | Vacant Soon,"Landlord maintained, no agency fees. Available for immediate move-in.",3BR Apartment,Dubai Silicon Oasis,25.12836,55.39781,3,1856,0,2,28,7250,Priya Nair,2026-05-03,active,0,836
1308,Studio for Rent in Dubai Marina - Prime Location,Shared pool and gym access. Close to metro station and community mall. Built-in wardrobes throughout.,Studio,Dubai Marina,25.08183,55.1439,0,475,0,21,1,3500,Yusuf Karimi,2026-04-19,active,0,1308
370,1BR Apartment for Rent in Downtown Dubai - Prime Location,Pet friendly building. Recently renovated kitchen and bathrooms. Available for immediate move-in.,1BR Apartment,Downtown Dubai,25.21314,55.29557,2,907,1,6,36,11500,Grace Okafor,2026-07-13,active,0,370
1369,Spacious Studio in Dubai Marina | Ready to Move,Recently renovated kitchen and bathrooms. Covered parking included.,Studio,Dubai Marina,25.0683,55.13064,0,461,1,18,9,3500,Chen Wei,2026-06-19,active,0,1369
2500,Brand New Listing: 3BR Apartment in Al Furjan,Shared pool and gym access. Available for immediate move-in. Recently renovated kitchen and bathrooms.,3BR Apartment,Al Furjan,25.00356,55.12981,4,1607,0,7,11,9000,Omar Farouk,2026-06-10,active,0,2030
998,Exclusive 1BR Apartment in Dubai Silicon Oasis | High Floor,"Pet friendly building. Landlord maintained, no agency fees.",1BR Apartment,Dubai Silicon Oasis,25.14323,55.40387,1,784,1,3,28,3000,Anjali Menon,2026-05-26,active,0,998
1333,Spacious 2BR Apartment in Business Bay | Ready to Move,Covered parking included. Built-in wardrobes throughout. Shared pool and gym access.,2BR Apartment,Business Bay,25.19979,55.26271,2,1122,0,17,18,7250,Daniel Reyes,2026-03-18,active,0,1333
1304,1BR Apartment with Full Amenities - Mirdif,"Built-in wardrobes throughout. Near international schools. Available for immediate move-in. Landlord maintained, no agency fees.",1BR Apartment,Mirdif,25.22133,55.40295,2,850,1,19,35,3750,Elena Popescu,2026-05-07,active,0,1304
130,Spacious Studio in Business Bay | Ready to Move,Available for immediate move-in. Shared pool and gym access. Close to metro station and community mall. Pet friendly building.,Studio,Business Bay,25.18867,55.25184,0,435,0,11,4,3250,Layla Haddad,2026-05-05,active,0,130
629,"Upgraded Villa in Palm Jumeirah, Motivated Seller","Covered parking included. Near international schools. Landlord maintained, no agency fees.",Villa,Palm Jumeirah,25.10383,55.15395,5,3296,0,16,0,44250,Yusuf Karimi,2026-05-14,active,0,629
1095,"Upgraded Villa in Al Furjan, Motivated Seller",Shared pool and gym access. Built-in wardrobes throughout. Near international schools. Covered parking included.,Villa,Al Furjan,25.03127,55.1361,5,3645,0,7,0,21000,Sofia Marchetti,2026-08-23,active,0,1095
160,Spacious 3BR Apartment in Arabian Ranches | Ready to Move,Near international schools. Covered parking included. Available for immediate move-in. Built-in wardrobes throughout.,3BR Apartment,Arabian Ranches,25.04579,55.27771,3,1722,0,7,18,12250,Grace Okafor,2026-03-14,active,0,160
438,Stunning 2BR Apartment | Al Furjan | Vacant Soon,"Landlord maintained, no agency fees. Built-in wardrobes throughout.",2BR Apartment,Al Furjan,25.00747,55.15937,3,996,1,3,35,4750,Noor Abdullah,2026-04-15,active,0,438
2565,URGENT SALE 1BR Apartment with Full Amenities - Dubai Sports City,"Landlord maintained, no agency fees. Shared pool and gym access. Balcony with community view.",1BR Apartment,Dubai Sports City,25.05195,55.22626,2,699,1,20,20,965,Anjali Menon,2026-05-25,active,1,2565
134,Best Deal! 2BR Apartment in Business Bay,Shared pool and gym access. Available for immediate move-in. Built-in wardrobes throughout. Covered parking included.,2BR Apartment,Business Bay,25.19998,55.2451,2,958,0,18,10,7250,Ravi Shankar,2026-02-11,active,0,134
577,1BR Apartment with Full Amenities - Arabian Ranches,"Covered parking included. Available for immediate move-in. Landlord maintained, no agency fees. Close to metro station and community mall.",1BR Apartment,Arabian Ranches,25.05425,55.28121,1,810,1,10,1,5750,Anjali Menon,2026-01-17,active,0,577
1761,Stunning Studio | Arabian Ranches | Vacant Soon,Covered parking included. Close to metro station and community mall.,Studio,Arabian Ranches,25.06567,55.27864,0,397,0,22,12,2000,Daniel Reyes,2026-03-17,active,0,1761
1938,Best Deal! Villa in Al Furjan,Built-in wardrobes throughout. Covered parking included.,Villa,Al Furjan,25.03231,55.13434,4,5167,1,12,0,29000,Ravi Shankar,2026-05-30,active,0,1938
109,Villa with Full Amenities - Jumeirah Lake Towers,Recently renovated kitchen and bathrooms. Available for immediate move-in. Shared pool and gym access.,Villa,Jumeirah Lake Towers,25.08909,55.13713,5,3649,0,15,0,24750,Chen Wei,2026-07-23,active,0,109
746,Exclusive 2BR Apartment in Discovery Gardens | High Floor,Balcony with community view. Close to metro station and community mall.,2BR Apartment,Discovery Gardens,25.0428,55.14735,2,1317,0,17,15,6000,Ravi Shankar,2026-05-08,active,0,746
2427,Must See! 1BR Apartment Available in Al Furjan,"Pet friendly building. Balcony with community view. Landlord maintained, no agency fees. Built-in wardrobes throughout.",1BR Apartment,Al Furjan,25.01002,55.14921,1,718,0,15,14,4000,Sofia Marchetti,2026-06-07,active,0,1351
1465,2BR Apartment with Full Amenities - Mirdif,Built-in wardrobes throughout. Covered parking included. Balcony with community view. Close to metro station and community mall.,2BR Apartment,Mirdif,25.23483,55.43667,3,1285,0,13,41,5250,Hassan Ali,2026-04-11,active,0,1465
1703,Chiller Free Townhouse in Downtown Dubai,Pet friendly building. Near international schools.,Townhouse,Downtown Dubai,25.20297,55.29841,4,2278,0,7,0,20500,Layla Haddad,2026-06-15,active,0,1703
1723,Exclusive Townhouse in Dubai Marina | High Floor,Recently renovated kitchen and bathrooms. Pet friendly building. Close to metro station and community mall.,Townhouse,Dubai Marina,25.05557,55.12509,4,1939,0,4,0,18750,Grace Okafor,2026-06-14,active,0,1723
1179,2BR Apartment with Full Amenities - Jumeirah Lake Towers,Balcony with community view. Close to metro station and community mall.,2BR Apartment,Jumeirah Lake Towers,25.07347,55.13265,3,1388,0,4,12,9750,Michael Costa,2026-02-16,active,0,1179
359,2BR Apartment with Full Amenities - Dubai Silicon Oasis,"Balcony with community view. Landlord maintained, no agency fees.",2BR Apartment,Dubai Silicon Oasis,25.10646,55.36315,3,1097,0,1,10,4500,Sofia Marchetti,2026-07-02,active,0,359
1370,Stunning Townhouse | Downtown Dubai | Vacant Soon,"Landlord maintained, no agency fees. Near international schools.",Townhouse,Downtown Dubai,25.18898,55.2924,4,1903,1,20,0,18250,Michael Costa,2026-07-23,active,0,1370
1470,2BR Apartment for Rent in Dubai Sports City - Prime Location,"Recently renovated kitchen and bathrooms. Landlord maintained, no agency fees. Balcony with community view. Available for immediate move-in.",2BR Apartment,Dubai Sports City,25.05314,55.22161,3,1345,0,21,15,6000,Michael Costa,2026-03-26,active,0,1470
2281,"Hot Deal - Villa in Dubai Sports City, Call Now","Shared pool and gym access. Close to metro station and community mall. Landlord maintained, no agency fees.",Villa,Dubai Sports City,25.02271,55.2026,4,3153,0,0,0,13000,Ravi Shankar,2026-06-26,active,0,1549
849,Villa for Rent in Jumeirah Lake Towers - Prime Location,Pet friendly building. Built-in wardrobes throughout. Available for immediate move-in. Shared pool and gym access.,Villa,Jumeirah Lake Towers,25.06775,55.16523,6,4776,0,7,0,34750,Omar Farouk,2026-05-07,active,0,849
172,"Upgraded 3BR Apartment in Downtown Dubai, Motivated Seller",Recently renovated kitchen and bathrooms. Covered parking included.,3BR Apartment,Downtown Dubai,25.22062,55.26921,3,1715,0,3,6,17000,Michael Costa,2026-01-11,active,0,172
775,"Upgraded 1BR Apartment in Jumeirah Village Circle, Motivated Seller",Recently renovated kitchen and bathrooms. Built-in wardrobes throughout. Pet friendly building.,1BR Apartment,Jumeirah Village Circle,25.0333,55.22885,2,719,0,21,26,4250,Noor Abdullah,2026-02-20,active,0,775
2394,"Hot Deal - 3BR Apartment in Dubai Silicon Oasis, Call Now","Landlord maintained, no agency fees. Recently renovated kitchen and bathrooms. Pet friendly building.",3BR Apartment,Dubai Silicon Oasis,25.14514,55.39672,3,1530,1,20,39,5500,Ravi Shankar,2026-04-19,active,0,161
917,Best Deal! 1BR Apartment in Dubai Sports City,Near international schools. Covered parking included. Pet friendly building.,1BR Apartment,Dubai Sports City,25.06344,55.23844,1,918,0,9,3,3500,Grace Okafor,2026-04-25,active,0,917
657,Chiller Free Townhouse in Palm Jumeirah,Balcony with community view. Close to metro station and community mall.,Townhouse,Palm Jumeirah,25.12657,55.16345,3,2460,0,10,0,31500,Chen Wei,2026-07-26,active,0,657
1632,"Upgraded 1BR Apartment in Dubai Marina, Motivated Seller",Pet friendly building. Balcony with community view.,1BR Apartment,Dubai Marina,25.05825,55.12681,1,767,0,3,12,6000,Sofia Marchetti,2026-05-26,active,0,1632
2390,Discovery Gardens 1BR Apartment - Negotiable Price,Available for immediate move-in. Pet friendly building. Built-in wardrobes throughout.,1BR Apartment,Discovery Gardens,25.03924,55.15691,1,816,0,12,33,4000,Anjali Menon,2026-02-16,active,0,523
549,Chiller Free 1BR Apartment in Discovery Gardens,Built-in wardrobes throughout. Shared pool and gym access. Available for immediate move-in.,1BR Apartment,Discovery Gardens,25.02304,55.15957,2,855,0,7,26,3750,Chen Wei,2026-07-29,active,0,549
1130,Villa with Full Amenities - Al Furjan,Recently renovated kitchen and bathrooms. Balcony with community view.,Villa,Al Furjan,25.02175,55.14593,5,4316,0,5,0,17750,Hassan Ali,2026-01-26,active,0,1130
192,Exclusive 2BR Apartment in Al Furjan | High Floor,Shared pool and gym access. Built-in wardrobes throughout.,2BR Apartment,Al Furjan,25.03293,55.12616,3,1146,0,18,39,5750,Chen Wei,2026-06-24,active,0,192
2608,"URGENT SALE Upgraded Villa in Downtown Dubai, Motivated Seller",Available for immediate move-in. Near international schools. Shared pool and gym access.,Villa,Downtown Dubai,25.21522,55.26378,4,3296,1,11,0,11575,Noor Abdullah,2026-07-16,active,1,2608
317,3BR Apartment with Full Amenities - Jumeirah Village Circle,Shared pool and gym access. Balcony with community view. Built-in wardrobes throughout.,3BR Apartment,Jumeirah Village Circle,25.07194,55.22842,4,1981,1,22,30,8750,Priya Nair,2026-02-27,active,0,317
2319,1BR Apartment in Dubai Silicon Oasis | Well Maintained,Available for immediate move-in. Recently renovated kitchen and bathrooms. Built-in wardrobes throughout.,1BR Apartment,Dubai Silicon Oasis,25.1141,55.37564,2,785,0,15,33,3000,Elena Popescu,2026-07-24,active,0,380
1261,Exclusive Townhouse in Dubai Marina | High Floor,"Close to metro station and community mall. Built-in wardrobes throughout. Landlord maintained, no agency fees.",Townhouse,Dubai Marina,25.06689,55.1277,4,2115,1,22,0,17250,Daniel Reyes,2026-03-02,active,0,1261
1724,Best Deal! Villa in Jumeirah Village Circle,"Shared pool and gym access. Landlord maintained, no agency fees.",Villa,Jumeirah Village Circle,25.04778,55.2079,6,4913,0,1,0,24250,Layla Haddad,2026-05-12,active,0,1724
893,"Upgraded 1BR Apartment in Jumeirah Village Circle, Motivated Seller",Balcony with community view. Available for immediate move-in. Covered parking included.,1BR Apartment,Jumeirah Village Circle,25.08018,55.20554,2,758,1,13,7,4000,Noor Abdullah,2026-08-15,active,0,893
2336,Townhouse in Jumeirah Lake Towers | Well Maintained,Near international schools. Covered parking included.,Townhouse,Jumeirah Lake Towers,25.06185,55.13105,4,1808,0,13,0,11000,Chen Wei,2026-05-04,active,0,103
2442,Brand New Listing: 3BR Apartment in Palm Jumeirah,Balcony with community view. Shared pool and gym access.,3BR Apartment,Palm Jumeirah,25.09667,55.1178,3,2047,1,4,32,34000,Elena Popescu,2026-08-18,active,0,1389
2012,Best Deal! 3BR Apartment in Business Bay,Available for immediate move-in. Near international schools. Built-in wardrobes throughout. Close to metro station and community mall.,3BR Apartment,Business Bay,25.1963,55.27254,4,1582,0,10,7,12000,Grace Okafor,2026-03-20,active,0,2012
1926,"Upgraded Villa in Dubai Marina, Motivated Seller","Landlord maintained, no agency fees. Balcony with community view. Covered parking included. Shared pool and gym access.",Villa,Dubai Marina,25.06611,55.16086,6,3400,1,14,0,25250,Priya Nair,2026-07-29,active,0,1926
495,Spacious 3BR Apartment in Arabian Ranches | Ready to Move,"Built-in wardrobes throughout. Close to metro station and community mall. Landlord maintained, no agency fees. Pet friendly building.",3BR Apartment,Arabian Ranches,25.04842,55.27574,4,2033,0,15,33,13500,Daniel Reyes,2026-07-28,active,0,495
2596,"URGENT SALE Upgraded Townhouse in Jumeirah Lake Towers, Motivated Seller","Available for immediate move-in. Near international schools. Landlord maintained, no agency fees. Shared pool and gym access.",Townhouse,Jumeirah Lake Towers,25.08279,55.12787,4,2562,1,6,0,7631,Sofia Marchetti,2026-01-08,active,1,2596
405,Best Deal! 2BR Apartment in Business Bay,Close to metro station and community mall. Pet friendly building.,2BR Apartment,Business Bay,25.17521,55.2734,3,1327,0,4,36,11750,Layla Haddad,2026-02-08,active,0,405
1741,Villa with Full Amenities - Jumeirah Village Circle,Pet friendly building. Covered parking included. Shared pool and gym access.,Villa,Jumeirah Village Circle,25.06844,55.21775,5,5181,1,12,0,31250,Hassan Ali,2026-03-13,active,0,1741
2364,Downtown Dubai Townhouse - Negotiable Price,Near international schools. Covered parking included.,Townhouse,Downtown Dubai,25.18872,55.29271,4,1918,1,20,0,18000,Fatima Al-Suwaidi,2026-08-09,active,0,1370
2061,"Upgraded 2BR Apartment in Dubai Sports City, Motivated Seller",Recently renovated kitchen and bathrooms. Covered parking included. Near international schools.,2BR Apartment,Dubai Sports City,25.03395,55.2353,2,959,0,21,42,4250,Chen Wei,2026-06-09,active,0,2061
1725,"Upgraded Villa in Arabian Ranches, Motivated Seller",Built-in wardrobes throughout. Near international schools.,Villa,Arabian Ranches,25.03036,55.26535,4,3062,1,18,0,20000,Priya Nair,2026-03-09,active,0,1725
1492,Chiller Free 3BR Apartment in Mirdif,Recently renovated kitchen and bathrooms. Near international schools. Balcony with community view.,3BR Apartment,Mirdif,25.22311,55.40121,3,1470,1,12,25,6250,Omar Farouk,2026-01-29,active,0,1492
2601,"URGENT SALE Upgraded Studio in Downtown Dubai, Motivated Seller",Recently renovated kitchen and bathrooms. Close to metro station and community mall.,Studio,Downtown Dubai,25.17313,55.29434,0,446,1,11,9,2001,Ravi Shankar,2026-01-03,active,1,2601
2295,Villa in Al Furjan | Well Maintained,"Shared pool and gym access. Landlord maintained, no agency fees.",Villa,Al Furjan,25.01472,55.1451,6,5185,0,2,0,27500,Michael Costa,2026-08-21,active,0,489
1986,2BR Apartment for Rent in Mirdif - Prime Location,Pet friendly building. Available for immediate move-in. Balcony with community view.,2BR Apartment,Mirdif,25.20486,55.43817,2,1257,0,21,4,5750,Sofia Marchetti,2026-02-28,active,0,1986
358,Chiller Free Studio in Jumeirah Village Circle,"Near international schools. Balcony with community view. Landlord maintained, no agency fees.",Studio,Jumeirah Village Circle,25.04109,55.1973,0,439,0,16,42,2250,Ravi Shankar,2026-05-05,active,0,358
1661,1BR Apartment for Rent in Arabian Ranches - Prime Location,Available for immediate move-in. Shared pool and gym access.,1BR Apartment,Arabian Ranches,25.0584,55.26017,1,683,0,17,3,3750,Layla Haddad,2026-08-03,active,0,1661
1335,Villa with Full Amenities - Business Bay,Close to metro station and community mall. Pet friendly building. Covered parking included. Shared pool and gym access.,Villa,Business Bay,25.17781,55.24014,4,2981,0,2,0,22750,Daniel Reyes,2026-02-05,active,0,1335
191,Townhouse for Rent in Discovery Gardens - Prime Location,"Landlord maintained, no agency fees. Recently renovated kitchen and bathrooms.",Townhouse,Discovery Gardens,25.05409,55.16277,4,2401,0,13,0,10000,Grace Okafor,2026-05-30,active,0,191
1732,Townhouse with Full Amenities - Dubai Marina,Shared pool and gym access. Available for immediate move-in. Recently renovated kitchen and bathrooms. Balcony with community view.,Townhouse,Dubai Marina,25.06914,55.14591,3,2127,1,2,0,21500,Sofia Marchetti,2026-04-03,active,0,1732
855,Villa for Rent in Arabian Ranches - Prime Location,"Landlord maintained, no agency fees. Close to metro station and community mall.",Villa,Arabian Ranches,25.06727,55.25501,4,4263,0,2,0,23500,Ravi Shankar,2026-01-10,active,0,855
1060,Best Deal! Studio in Palm Jumeirah,"Pet friendly building. Landlord maintained, no agency fees. Built-in wardrobes throughout.",Studio,Palm Jumeirah,25.10729,55.14323,0,486,1,1,27,6250,Ravi Shankar,2026-07-23,active,0,1060
867,Spacious 1BR Apartment in Discovery Gardens | Ready to Move,Recently renovated kitchen and bathrooms. Near international schools.,1BR Apartment,Discovery Gardens,25.06306,55.12507,2,835,1,9,20,5000,Hassan Ali,2026-02-01,active,0,867
2436,2BR Apartment in Arabian Ranches | Well Maintained,"Recently renovated kitchen and bathrooms. Landlord maintained, no agency fees. Balcony with community view. Near international schools.",2BR Apartment,Arabian Ranches,25.06299,55.2933,2,1025,0,13,28,7000,Layla Haddad,2026-08-14,active,0,1158
2508,Studio in Dubai Sports City | Well Maintained,Recently renovated kitchen and bathrooms. Shared pool and gym access. Available for immediate move-in. Close to metro station and community mall.,Studio,Dubai Sports City,25.05871,55.24184,0,554,0,11,13,2000,Elena Popescu,2026-05-27,active,0,1170
1642,Best Deal! 1BR Apartment in Dubai Silicon Oasis,Shared pool and gym access. Pet friendly building.,1BR Apartment,Dubai Silicon Oasis,25.14601,55.38332,2,748,0,11,27,2750,Layla Haddad,2026-07-19,active,0,1642
1424,Spacious 1BR Apartment in Dubai Marina | Ready to Move,Built-in wardrobes throughout. Pet friendly building. Available for immediate move-in.,1BR Apartment,Dubai Marina,25.0984,55.12215,1,725,0,9,32,6500,Chen Wei,2026-06-21,active,0,1424
547,Spacious 3BR Apartment in Dubai Sports City | Ready to Move,Recently renovated kitchen and bathrooms. Balcony with community view. Close to metro station and community mall.,3BR Apartment,Dubai Sports City,25.06436,55.19441,3,1553,0,15,9,6750,Yusuf Karimi,2026-03-28,active,0,547
1413,Best Deal! 3BR Apartment in Discovery Gardens,Shared pool and gym access. Pet friendly building.,3BR Apartment,Discovery Gardens,25.03807,55.15849,3,1993,0,4,15,8250,Priya Nair,2026-02-25,active,0,1413
1053,Spacious Villa in Dubai Marina | Ready to Move,Covered parking included. Shared pool and gym access.,Villa,Dubai Marina,25.09052,55.12371,6,3316,1,14,0,25000,Sofia Marchetti,2026-07-12,active,0,1053
670,Chiller Free 2BR Apartment in Business Bay,Near international schools. Built-in wardrobes throughout.,2BR Apartment,Business Bay,25.19225,55.26223,3,1106,1,17,12,9250,Anjali Menon,2026-07-07,active,0,670
2026,Exclusive Townhouse in Palm Jumeirah | High Floor,Pet friendly building. Shared pool and gym access. Built-in wardrobes throughout.,Townhouse,Palm Jumeirah,25.12822,55.14998,4,2036,0,3,0,25250,Noor Abdullah,2026-04-23,active,0,2026
2286,3BR Apartment in Mirdif | Well Maintained,Recently renovated kitchen and bathrooms. Shared pool and gym access.,3BR Apartment,Mirdif,25.20872,55.43258,3,1769,0,8,6,8000,Anjali Menon,2026-08-02,active,0,1361
642,Chiller Free 3BR Apartment in Al Furjan,"Landlord maintained, no agency fees. Shared pool and gym access. Covered parking included.",3BR Apartment,Al Furjan,24.99985,55.1371,3,1733,1,13,8,8000,Grace Okafor,2026-02-02,active,0,642
252,1BR Apartment with Full Amenities - Jumeirah Lake Towers,"Pet friendly building. Shared pool and gym access. Landlord maintained, no agency fees. Available for immediate move-in.",1BR Apartment,Jumeirah Lake Towers,25.05646,55.13438,2,858,0,17,5,6000,Elena Popescu,2026-03-07,active,0,252
558,Stunning 1BR Apartment | Al Furjan | Vacant Soon,Balcony with community view. Covered parking included. Built-in wardrobes throughout.,1BR Apartment,Al Furjan,25.02681,55.17309,2,855,1,10,22,5250,Sofia Marchetti,2026-01-10,active,0,558
30,Exclusive 1BR Apartment in Business Bay | High Floor,"Landlord maintained, no agency fees. Close to metro station and community mall. Shared pool and gym access.",1BR Apartment,Business Bay,25.18605,55.28524,2,768,0,4,14,5000,Hassan Ali,2026-02-22,active,0,30
616,Spacious 1BR Apartment in Arabian Ranches | Ready to Move,Covered parking included. Close to metro station and community mall.,1BR Apartment,Arabian Ranches,25.03003,55.25174,1,825,0,1,16,5000,Grace Okafor,2026-08-16,active,0,616
1651,3BR Apartment for Rent in Arabian Ranches - Prime Location,"Balcony with community view. Available for immediate move-in. Close to metro station and community mall. Landlord maintained, no agency fees.",3BR Apartment,Arabian Ranches,25.02967,55.26553,3,1879,0,3,12,12000,Fatima Al-Suwaidi,2026-07-31,active,0,1651
273,Chiller Free Studio in Mirdif,Covered parking included. Close to metro station and community mall. Shared pool and gym access. Balcony with community view.,Studio,Mirdif,25.22802,55.40863,0,395,1,4,35,2250,Daniel Reyes,2026-07-13,active,0,273
2155,Townhouse for Rent in Mirdif - Prime Location,Built-in wardrobes throughout. Recently renovated kitchen and bathrooms. Available for immediate move-in. Shared pool and gym access.,Townhouse,Mirdif,25.19741,55.43289,4,2344,1,10,0,9500,Chen Wei,2026-01-13,active,0,2155
1609,Spacious Townhouse in Jumeirah Lake Towers | Ready to Move,Balcony with community view. Built-in wardrobes throughout. Available for immediate move-in.,Townhouse,Jumeirah Lake Towers,25.09245,55.16263,3,2290,0,10,0,15250,Grace Okafor,2026-07-12,active,0,1609
184,Spacious 3BR Apartment in Al Furjan | Ready to Move,Close to metro station and community mall. Built-in wardrobes throughout. Near international schools.,3BR Apartment,Al Furjan,25.04598,55.12741,3,1787,1,12,7,10250,Omar Farouk,2026-04-26,active,0,184
386,Chiller Free Villa in Dubai Sports City,Covered parking included. Built-in wardrobes throughout. Recently renovated kitchen and bathrooms.,Villa,Dubai Sports City,25.05288,55.20789,5,3176,0,18,0,11000,Sofia Marchetti,2026-07-25,active,0,386
2121,Exclusive Villa in Jumeirah Lake Towers | High Floor,Available for immediate move-in. Built-in wardrobes throughout. Recently renovated kitchen and bathrooms.,Villa,Jumeirah Lake Towers,25.09227,55.1514,5,3533,0,22,0,26500,Sofia Marchetti,2026-07-14,active,0,2121
1796,Stunning 1BR Apartment | Arabian Ranches | Vacant Soon,Pet friendly building. Close to metro station and community mall. Shared pool and gym access.,1BR Apartment,Arabian Ranches,25.05949,55.266,1,738,1,3,11,4500,Grace Okafor,2026-02-11,active,0,1796
2210,Al Furjan 3BR Apartment - Negotiable Price,Built-in wardrobes throughout. Covered parking included.,3BR Apartment,Al Furjan,25.01563,55.165,3,1844,1,9,41,9000,Priya Nair,2026-02-07,active,0,2099
1232,Exclusive Townhouse in Business Bay | High Floor,Balcony with community view. Shared pool and gym access.,Townhouse,Business Bay,25.19813,55.26073,4,1920,0,7,0,14500,Hassan Ali,2026-05-25,active,0,1232
164,Stunning Townhouse | Dubai Silicon Oasis | Vacant Soon,Built-in wardrobes throughout. Available for immediate move-in. Near international schools.,Townhouse,Dubai Silicon Oasis,25.10675,55.36365,4,2423,1,21,0,10750,Layla Haddad,2026-06-29,active,0,164
79,"Upgraded Townhouse in Palm Jumeirah, Motivated Seller",Built-in wardrobes throughout. Recently renovated kitchen and bathrooms.,Townhouse,Palm Jumeirah,25.1153,55.13333,4,2424,1,11,0,36500,Grace Okafor,2026-01-14,active,0,79
2172,Spacious Studio in Dubai Silicon Oasis | Ready to Move,Close to metro station and community mall. Shared pool and gym access. Available for immediate move-in.,Studio,Dubai Silicon Oasis,25.12063,55.36993,0,397,0,0,30,1750,Noor Abdullah,2026-06-19,active,0,2172
1227,Best Deal! 1BR Apartment in Al Furjan,Built-in wardrobes throughout. Balcony with community view.,1BR Apartment,Al Furjan,25.0454,55.16548,1,679,0,5,40,4000,Ravi Shankar,2026-04-14,active,0,1227
858,Best Deal! Studio in Business Bay,Pet friendly building. Shared pool and gym access. Available for immediate move-in. Close to metro station and community mall.,Studio,Business Bay,25.20869,55.27151,0,400,1,3,10,3000,Daniel Reyes,2026-06-26,active,0,858
1268,Stunning Villa | Jumeirah Lake Towers | Vacant Soon,"Landlord maintained, no agency fees. Built-in wardrobes throughout.",Villa,Jumeirah Lake Towers,25.08528,55.13936,4,2878,1,11,0,23250,Ravi Shankar,2026-04-08,active,0,1268
874,Townhouse for Rent in Palm Jumeirah - Prime Location,"Landlord maintained, no agency fees. Covered parking included.",Townhouse,Palm Jumeirah,25.11651,55.11794,3,2413,0,11,0,26000,Elena Popescu,2026-03-23,active,0,874
2587,URGENT SALE Spacious 1BR Apartment in Al Furjan | Ready to Move,Available for immediate move-in. Balcony with community view. Near international schools.,1BR Apartment,Al Furjan,25.00048,55.1666,1,932,1,6,15,2042,Chen Wei,2026-03-25,active,1,2587
818,Spacious 3BR Apartment in Dubai Silicon Oasis | Ready to Move,"Shared pool and gym access. Available for immediate move-in. Landlord maintained, no agency fees.",3BR Apartment,Dubai Silicon Oasis,25.10175,55.36166,4,1775,0,13,2,7250,Yusuf Karimi,2026-04-18,active,0,818
727,Chiller Free Villa in Jumeirah Lake Towers,Recently renovated kitchen and bathrooms. Built-in wardrobes throughout. Near international schools. Close to metro station and community mall.,Villa,Jumeirah Lake Towers,25.0834,55.13873,4,4907,0,10,0,41250,Yusuf Karimi,2026-08-12,active,0,727
1297,Villa with Full Amenities - Dubai Marina,"Recently renovated kitchen and bathrooms. Landlord maintained, no agency fees.",Villa,Dubai Marina,25.06548,55.15811,4,3281,0,19,0,22750,Elena Popescu,2026-06-11,active,0,1297
592,2BR Apartment for Rent in Jumeirah Lake Towers - Prime Location,Available for immediate move-in. Close to metro station and community mall. Balcony with community view.,2BR Apartment,Jumeirah Lake Towers,25.09323,55.16021,2,1184,1,11,20,10250,Yusuf Karimi,2026-06-02,active,0,592
54,Best Deal! Townhouse in Downtown Dubai,"Landlord maintained, no agency fees. Balcony with community view. Covered parking included.",Townhouse,Downtown Dubai,25.19526,55.2621,4,2221,0,5,0,22000,Noor Abdullah,2026-06-08,active,0,54
659,Stunning Townhouse | Jumeirah Lake Towers | Vacant Soon,"Available for immediate move-in. Pet friendly building. Landlord maintained, no agency fees.",Townhouse,Jumeirah Lake Towers,25.07905,55.12993,3,2124,0,19,0,16000,Fatima Al-Suwaidi,2026-08-02,active,0,659
790,Chiller Free 1BR Apartment in Discovery Gardens,Pet friendly building. Close to metro station and community mall. Built-in wardrobes throughout. Near international schools.,1BR Apartment,Discovery Gardens,25.05884,55.13861,1,715,0,20,37,4000,Michael Costa,2026-07-29,active,0,790
1759,Exclusive 3BR Apartment in Arabian Ranches | High Floor,"Landlord maintained, no agency fees. Recently renovated kitchen and bathrooms.",3BR Apartment,Arabian Ranches,25.04836,55.26042,4,1748,0,19,37,10750,Michael Costa,2026-06-16,active,0,1759
505,Chiller Free Townhouse in Jumeirah Village Circle,"Landlord maintained, no agency fees. Balcony with community view. Shared pool and gym access.",Townhouse,Jumeirah Village Circle,25.07129,55.23386,3,2465,1,13,0,14750,Anjali Menon,2026-03-03,active,0,505
728,Stunning 1BR Apartment | Palm Jumeirah | Vacant Soon,Available for immediate move-in. Covered parking included. Balcony with community view.,1BR Apartment,Palm Jumeirah,25.1294,55.12509,1,698,1,14,8,8250,Omar Farouk,2026-05-22,active,0,728
1993,"Upgraded 1BR Apartment in Dubai Marina, Motivated Seller","Balcony with community view. Available for immediate move-in. Close to metro station and community mall. Landlord maintained, no agency fees.",1BR Apartment,Dubai Marina,25.0569,55.15559,2,748,1,11,36,6500,Chen Wei,2026-06-21,active,0,1993
1686,Chiller Free 1BR Apartment in Jumeirah Village Circle,Available for immediate move-in. Near international schools.,1BR Apartment,Jumeirah Village Circle,25.03939,55.2078,1,875,1,13,23,5000,Omar Farouk,2026-01-02,active,0,1686
334,1BR Apartment for Rent in Arabian Ranches - Prime Location,"Recently renovated kitchen and bathrooms. Landlord maintained, no agency fees. Balcony with community view. Covered parking included.",1BR Apartment,Arabian Ranches,25.05902,55.29039,1,795,1,1,2,5500,Noor Abdullah,2026-06-03,active,0,334
1207,Stunning Studio | Discovery Gardens | Vacant Soon,"Landlord maintained, no agency fees. Close to metro station and community mall. Near international schools.",Studio,Discovery Gardens,25.01973,55.1518,0,530,0,20,36,2250,Elena Popescu,2026-04-10,active,0,1207
1381,Stunning Villa | Dubai Sports City | Vacant Soon,"Shared pool and gym access. Landlord maintained, no agency fees. Near international schools. Pet friendly building.",Villa,Dubai Sports City,25.04331,55.22382,5,4031,1,12,0,18750,Omar Farouk,2026-06-20,active,0,1381
1618,Stunning Townhouse | Dubai Silicon Oasis | Vacant Soon,Built-in wardrobes throughout. Balcony with community view. Covered parking included. Recently renovated kitchen and bathrooms.,Townhouse,Dubai Silicon Oasis,25.13365,55.40578,4,2294,0,0,0,9750,Omar Farouk,2026-01-12,active,0,1618
49,Exclusive 3BR Apartment in Al Furjan | High Floor,Available for immediate move-in. Near international schools. Close to metro station and community mall.,3BR Apartment,Al Furjan,25.01254,55.13863,4,1883,1,17,10,9500,Grace Okafor,2026-03-12,active,0,49
19,Villa with Full Amenities - Mirdif,Close to metro station and community mall. Built-in wardrobes throughout.,Villa,Mirdif,25.23036,55.42796,5,3881,0,8,0,19250,Hassan Ali,2026-04-19,active,0,19
1091,Spacious 2BR Apartment in Arabian Ranches | Ready to Move,Pet friendly building. Shared pool and gym access. Near international schools.,2BR Apartment,Arabian Ranches,25.07586,55.27355,3,1046,1,16,38,7250,Daniel Reyes,2026-01-18,active,0,1091
2594,URGENT SALE Spacious 1BR Apartment in Discovery Gardens | Ready to Move,"Shared pool and gym access. Built-in wardrobes throughout. Landlord maintained, no agency fees.",1BR Apartment,Discovery Gardens,25.06045,55.1352,1,898,0,22,32,2314,Noor Abdullah,2026-02-18,active,1,2594
1040,Best Deal! Villa in Jumeirah Lake Towers,Balcony with community view. Close to metro station and community mall. Available for immediate move-in. Near international schools.,Villa,Jumeirah Lake Towers,25.09115,55.16252,5,3005,0,14,0,22000,Priya Nair,2026-04-12,active,0,1040
522,Best Deal! Villa in Arabian Ranches,Near international schools. Recently renovated kitchen and bathrooms. Shared pool and gym access.,Villa,Arabian Ranches,25.05065,55.27018,6,3612,1,9,0,20750,Noor Abdullah,2026-02-11,active,0,522
2258,Brand New Listing: Townhouse in Dubai Marina,Covered parking included. Shared pool and gym access. Available for immediate move-in.,Townhouse,Dubai Marina,25.08857,55.14257,3,1983,1,8,0,17000,Sofia Marchetti,2026-06-04,active,0,1137
512,Best Deal! 2BR Apartment in Discovery Gardens,Near international schools. Recently renovated kitchen and bathrooms.,2BR Apartment,Discovery Gardens,25.04137,55.1536,3,1238,0,16,39,5250,Layla Haddad,2026-04-08,active,0,512
1262,Townhouse for Rent in Al Furjan - Prime Location,"Balcony with community view. Landlord maintained, no agency fees. Available for immediate move-in. Covered parking included.",Townhouse,Al Furjan,25.01892,55.16658,4,2321,1,0,0,12000,Yusuf Karimi,2026-04-14,active,0,1262
1088,Best Deal! Studio in Mirdif,"Shared pool and gym access. Landlord maintained, no agency fees. Pet friendly building. Near international schools.",Studio,Mirdif,25.22013,55.4188,0,398,0,20,32,1500,Michael Costa,2026-08-29,active,0,1088
1770,Exclusive Studio in Dubai Marina | High Floor,Pet friendly building. Recently renovated kitchen and bathrooms.,Studio,Dubai Marina,25.06831,55.14126,0,441,0,5,2,4250,Daniel Reyes,2026-06-01,active,0,1770
2519,Dubai Sports City Studio - Negotiable Price,Covered parking included. Close to metro station and community mall. Built-in wardrobes throughout.,Studio,Dubai Sports City,25.0514,55.2069,0,398,1,1,4,2000,Anjali Menon,2026-05-08,active,0,162
1435,Stunning 2BR Apartment | Dubai Sports City | Vacant Soon,Balcony with community view. Shared pool and gym access. Available for immediate move-in.,2BR Apartment,Dubai Sports City,25.05327,55.19751,3,1166,1,22,10,4750,Grace Okafor,2026-06-01,active,0,1435
2062,Villa with Full Amenities - Discovery Gardens,Shared pool and gym access. Recently renovated kitchen and bathrooms. Balcony with community view.,Villa,Discovery Gardens,25.04707,55.1589,4,3763,0,17,0,16000,Michael Costa,2026-07-09,active,0,2062
2346,Business Bay 1BR Apartment - Negotiable Price,"Pet friendly building. Landlord maintained, no agency fees.",1BR Apartment,Business Bay,25.18186,55.27428,2,671,0,8,3,5000,Michael Costa,2026-07-01,active,0,1830
65,Chiller Free Studio in Dubai Sports City,Pet friendly building. Recently renovated kitchen and bathrooms. Available for immediate move-in. Balcony with community view.,Studio,Dubai Sports City,25.05071,55.19608,0,548,0,14,42,2750,Omar Farouk,2026-06-25,active,0,65
1991,"Upgraded Townhouse in Downtown Dubai, Motivated Seller","Landlord maintained, no agency fees. Near international schools. Available for immediate move-in. Built-in wardrobes throughout.",Townhouse,Downtown Dubai,25.17928,55.28901,3,2071,0,10,0,24750,Noor Abdullah,2026-01-28,active,0,1991
1108,3BR Apartment with Full Amenities - Jumeirah Village Circle,Available for immediate move-in. Pet friendly building. Recently renovated kitchen and bathrooms. Shared pool and gym access.,3BR Apartment,Jumeirah Village Circle,25.07837,55.21641,4,1566,0,21,9,6750,Anjali Menon,2026-07-04,active,0,1108
2028,2BR Apartment with Full Amenities - Dubai Marina,Near international schools. Balcony with community view. Available for immediate move-in. Close to metro station and community mall.,2BR Apartment,Dubai Marina,25.07706,55.14965,3,1243,0,16,32,11000,Daniel Reyes,2026-04-30,active,0,2028
100,Best Deal! 3BR Apartment in Jumeirah Lake Towers,"Landlord maintained, no agency fees. Balcony with community view. Built-in wardrobes throughout.",3BR Apartment,Jumeirah Lake Towers,25.08737,55.13337,4,1650,0,21,26,11000,Yusuf Karimi,2026-05-04,active,0,100
349,Chiller Free 3BR Apartment in Downtown Dubai,Covered parking included. Built-in wardrobes throughout. Near international schools. Recently renovated kitchen and bathrooms.,3BR Apartment,Downtown Dubai,25.18899,55.251,3,1625,1,18,32,15500,Priya Nair,2026-04-06,active,0,349
2333,"Hot Deal - Studio in Jumeirah Lake Towers, Call Now","Landlord maintained, no agency fees. Available for immediate move-in. Covered parking included.",Studio,Jumeirah Lake Towers,25.07219,55.14812,0,464,0,22,42,3000,Chen Wei,2026-01-16,active,0,1285
953,Villa with Full Amenities - Jumeirah Village Circle,"Covered parking included. Landlord maintained, no agency fees. Recently renovated kitchen and bathrooms.",Villa,Jumeirah Village Circle,25.08042,55.19086,4,4553,0,0,0,21500,Priya Nair,2026-01-11,active,0,953
1337,Exclusive Villa in Palm Jumeirah | High Floor,"Available for immediate move-in. Near international schools. Recently renovated kitchen and bathrooms. Landlord maintained, no agency fees.",Villa,Palm Jumeirah,25.10841,55.12623,4,3451,1,16,0,44000,Sofia Marchetti,2026-06-14,active,0,1337
224,Chiller Free Villa in Downtown Dubai,Recently renovated kitchen and bathrooms. Balcony with community view.,Villa,Downtown Dubai,25.22032,55.28615,4,4306,0,17,0,49000,Fatima Al-Suwaidi,2026-02-19,active,0,224
2261,Dubai Sports City 1BR Apartment - Negotiable Price,"Balcony with community view. Recently renovated kitchen and bathrooms. Landlord maintained, no agency fees.",1BR Apartment,Dubai Sports City,25.06288,55.23799,1,933,0,9,3,3500,Yusuf Karimi,2026-05-05,active,0,917
212,Stunning Studio | Business Bay | Vacant Soon,Pet friendly building. Recently renovated kitchen and bathrooms. Shared pool and gym access.,Studio,Business Bay,25.18423,55.24127,0,486,0,15,37,4000,Hassan Ali,2026-01-08,active,0,212
589,Chiller Free 1BR Apartment in Jumeirah Village Circle,Near international schools. Covered parking included. Balcony with community view. Pet friendly building.,1BR Apartment,Jumeirah Village Circle,25.06657,55.19263,2,787,0,5,14,4000,Priya Nair,2026-01-25,active,0,589
690,Exclusive Townhouse in Arabian Ranches | High Floor,"Available for immediate move-in. Covered parking included. Balcony with community view. Landlord maintained, no agency fees.",Townhouse,Arabian Ranches,25.04465,55.28913,3,2055,1,20,0,13000,Grace Okafor,2026-08-15,active,0,690
1331,1BR Apartment with Full Amenities - Palm Jumeirah,Covered parking included. Available for immediate move-in.,1BR Apartment,Palm Jumeirah,25.11955,55.11704,1,812,0,1,5,10250,Fatima Al-Suwaidi,2026-06-09,active,0,1331
1154,Chiller Free Villa in Dubai Sports City,"Landlord maintained, no agency fees. Built-in wardrobes throughout. Balcony with community view.",Villa,Dubai Sports City,25.06757,55.22989,6,4675,0,14,0,16500,Elena Popescu,2026-07-18,active,0,1154
526,Exclusive 3BR Apartment in Business Bay | High Floor,Close to metro station and community mall. Available for immediate move-in. Shared pool and gym access.,3BR Apartment,Business Bay,25.19439,55.25331,4,1418,0,2,4,11000,Daniel Reyes,2026-02-26,active,0,526
1674,Exclusive Studio in Jumeirah Village Circle | High Floor,Built-in wardrobes throughout. Shared pool and gym access. Recently renovated kitchen and bathrooms.,Studio,Jumeirah Village Circle,25.0628,55.19062,0,447,0,16,8,2250,Noor Abdullah,2026-03-04,active,0,1674
509,2BR Apartment with Full Amenities - Palm Jumeirah,Available for immediate move-in. Pet friendly building. Balcony with community view. Near international schools.,2BR Apartment,Palm Jumeirah,25.11192,55.12965,3,1136,0,5,28,17000,Elena Popescu,2026-05-13,active,0,509
1645,"Upgraded Villa in Mirdif, Motivated Seller",Covered parking included. Pet friendly building.,Villa,Mirdif,25.22698,55.42021,4,4597,1,4,0,18750,Anjali Menon,2026-03-30,active,0,1645
551,Townhouse with Full Amenities - Jumeirah Village Circle,Available for immediate move-in. Covered parking included. Built-in wardrobes throughout.,Townhouse,Jumeirah Village Circle,25.07009,55.22058,3,2378,1,15,0,9750,Grace Okafor,2026-04-02,active,0,551
2290,Must See! Townhouse Available in Al Furjan,"Covered parking included. Shared pool and gym access. Landlord maintained, no agency fees. Near international schools.",Townhouse,Al Furjan,25.02748,55.16533,3,2434,1,20,0,14000,Elena Popescu,2026-03-09,active,0,452
1952,Villa with Full Amenities - Dubai Silicon Oasis,"Balcony with community view. Landlord maintained, no agency fees. Recently renovated kitchen and bathrooms. Shared pool and gym access.",Villa,Dubai Silicon Oasis,25.12764,55.36311,6,3205,0,15,0,12500,Chen Wei,2026-02-15,active,0,1952
461,Exclusive 3BR Apartment in Discovery Gardens | High Floor,Near international schools. Shared pool and gym access.,3BR Apartment,Discovery Gardens,25.05924,55.14797,4,1885,1,12,41,11250,Michael Costa,2026-08-09,active,0,461
641,"Upgraded 2BR Apartment in Mirdif, Motivated Seller","Pet friendly building. Near international schools. Recently renovated kitchen and bathrooms. Landlord maintained, no agency fees.",2BR Apartment,Mirdif,25.19742,55.44014,3,1197,0,5,20,6250,Anjali Menon,2026-06-11,active,0,641
2538,2BR Apartment in Business Bay | Well Maintained,Pet friendly building. Built-in wardrobes throughout. Available for immediate move-in. Near international schools.,2BR Apartment,Business Bay,25.17549,55.27352,3,1327,0,4,36,11500,Noor Abdullah,2026-02-27,active,0,405
2381,Jumeirah Village Circle Townhouse - Negotiable Price,"Balcony with community view. Landlord maintained, no agency fees.",Townhouse,Jumeirah Village Circle,25.08039,55.2347,4,2025,1,10,0,12000,Ravi Shankar,2026-04-17,active,0,1311
927,Chiller Free Studio in Jumeirah Lake Towers,Shared pool and gym access. Balcony with community view. Close to metro station and community mall. Built-in wardrobes throughout.,Studio,Jumeirah Lake Towers,25.06272,55.14928,0,455,0,2,21,3000,Hassan Ali,2026-02-20,active,0,927
2624,URGENT SALE Best Deal! Townhouse in Arabian Ranches,Near international schools. Covered parking included.,Townhouse,Arabian Ranches,25.05065,55.24754,3,2272,0,18,0,5918,Yusuf Karimi,2026-07-03,active,1,2624
1162,Exclusive Studio in Discovery Gardens | High Floor,Covered parking included. Pet friendly building. Balcony with community view.,Studio,Discovery Gardens,25.03265,55.15889,0,540,1,10,28,2500,Hassan Ali,2026-03-27,active,0,1162
2084,Exclusive Villa in Arabian Ranches | High Floor,Pet friendly building. Shared pool and gym access. Balcony with community view. Available for immediate move-in.,Villa,Arabian Ranches,25.07476,55.26907,5,4409,0,11,0,24000,Sofia Marchetti,2026-07-07,active,0,2084
2550,Dubai Sports City Townhouse - Negotiable Price,"Recently renovated kitchen and bathrooms. Landlord maintained, no agency fees.",Townhouse,Dubai Sports City,25.03851,55.24168,3,2196,1,13,0,9500,Omar Farouk,2026-05-15,active,0,1280
2584,"URGENT SALE Upgraded 3BR Apartment in Dubai Silicon Oasis, Motivated Seller",Covered parking included. Near international schools. Available for immediate move-in.,3BR Apartment,Dubai Silicon Oasis,25.12531,55.36639,3,1884,1,10,37,3522,Daniel Reyes,2026-07-10,active,1,2584
751,Stunning 2BR Apartment | Mirdif | Vacant Soon,"Landlord maintained, no agency fees. Pet friendly building.",2BR Apartment,Mirdif,25.20089,55.40702,3,998,1,16,1,4000,Omar Farouk,2026-08-08,active,0,751
813,Spacious 3BR Apartment in Mirdif | Ready to Move,"Pet friendly building. Close to metro station and community mall. Landlord maintained, no agency fees. Balcony with community view.",3BR Apartment,Mirdif,25.20937,55.40889,4,1410,0,9,22,6250,Noor Abdullah,2026-05-03,active,0,813
825,Chiller Free Villa in Dubai Sports City,"Available for immediate move-in. Landlord maintained, no agency fees. Recently renovated kitchen and bathrooms.",Villa,Dubai Sports City,25.03288,55.20621,5,5094,0,19,0,20250,Omar Farouk,2026-03-28,active,0,825
2016,Chiller Free Villa in Al Furjan,"Close to metro station and community mall. Near international schools. Pet friendly building. Landlord maintained, no agency fees.",Villa,Al Furjan,25.01304,55.14782,6,3889,1,21,0,19000,Elena Popescu,2026-03-05,active,0,2016
1250,Spacious Townhouse in Palm Jumeirah | Ready to Move,Close to metro station and community mall. Available for immediate move-in. Balcony with community view.,Townhouse,Palm Jumeirah,25.11047,55.14695,4,1981,1,9,0,28000,Layla Haddad,2026-08-07,active,0,1250
56,Spacious Townhouse in Al Furjan | Ready to Move,Pet friendly building. Near international schools. Covered parking included. Available for immediate move-in.,Townhouse,Al Furjan,25.0385,55.13465,3,2167,0,22,0,8750,Layla Haddad,2026-03-12,active,0,56
2179,Townhouse with Full Amenities - Jumeirah Village Circle,Pet friendly building. Covered parking included. Recently renovated kitchen and bathrooms.,Townhouse,Jumeirah Village Circle,25.06709,55.20788,4,1928,0,14,0,9750,Fatima Al-Suwaidi,2026-05-04,active,0,2179
863,Best Deal! 2BR Apartment in Jumeirah Lake Towers,"Landlord maintained, no agency fees. Covered parking included. Pet friendly building.",2BR Apartment,Jumeirah Lake Towers,25.05754,55.16198,2,959,0,20,5,6500,Ravi Shankar,2026-06-05,active,0,863
1057,Studio with Full Amenities - Business Bay,"Near international schools. Landlord maintained, no agency fees.",Studio,Business Bay,25.18656,55.25204,0,393,1,6,40,3000,Layla Haddad,2026-02-09,active,0,1057
2405,Must See! 3BR Apartment Available in Dubai Silicon Oasis,Close to metro station and community mall. Near international schools.,3BR Apartment,Dubai Silicon Oasis,25.14083,55.38139,4,1555,1,7,3,6500,Daniel Reyes,2026-06-23,active,0,297
1678,2BR Apartment with Full Amenities - Dubai Sports City,"Near international schools. Available for immediate move-in. Landlord maintained, no agency fees.",2BR Apartment,Dubai Sports City,25.05831,55.20522,3,1259,0,18,21,5750,Anjali Menon,2026-06-07,active,0,1678
1403,Exclusive 3BR Apartment in Arabian Ranches | High Floor,Close to metro station and community mall. Near international schools. Built-in wardrobes throughout. Recently renovated kitchen and bathrooms.,3BR Apartment,Arabian Ranches,25.05219,55.28545,4,1781,0,9,2,11750,Anjali Menon,2026-08-02,active,0,1403
621,Spacious Townhouse in Jumeirah Lake Towers | Ready to Move,Available for immediate move-in. Shared pool and gym access.,Townhouse,Jumeirah Lake Towers,25.09192,55.16402,4,2021,0,10,0,15750,Chen Wei,2026-07-20,active,0,621
266,Best Deal! 3BR Apartment in Discovery Gardens,"Shared pool and gym access. Landlord maintained, no agency fees.",3BR Apartment,Discovery Gardens,25.02583,55.12336,3,1888,1,13,19,10000,Anjali Menon,2026-04-22,active,0,266
840,Best Deal! Townhouse in Jumeirah Lake Towers,Built-in wardrobes throughout. Near international schools. Pet friendly building. Recently renovated kitchen and bathrooms.,Townhouse,Jumeirah Lake Towers,25.06705,55.15291,3,1821,0,1,0,13000,Priya Nair,2026-08-05,active,0,840
1638,Exclusive 3BR Apartment in Mirdif | High Floor,Available for immediate move-in. Close to metro station and community mall.,3BR Apartment,Mirdif,25.22906,55.42574,3,1912,0,21,42,8250,Michael Costa,2026-06-25,active,0,1638
1525,"Upgraded 2BR Apartment in Palm Jumeirah, Motivated Seller",Balcony with community view. Close to metro station and community mall. Covered parking included.,2BR Apartment,Palm Jumeirah,25.12477,55.12478,3,1025,0,22,32,12250,Anjali Menon,2026-02-25,active,0,1525
2372,"Hot Deal - 3BR Apartment in Mirdif, Call Now",Pet friendly building. Balcony with community view. Built-in wardrobes throughout.,3BR Apartment,Mirdif,25.22546,55.40057,4,1861,0,21,11,9000,Sofia Marchetti,2026-02-19,active,0,809
2316,Brand New Listing: 3BR Apartment in Dubai Silicon Oasis,Near international schools. Close to metro station and community mall.,3BR Apartment,Dubai Silicon Oasis,25.10474,55.38386,4,1480,1,20,37,6000,Michael Costa,2026-06-29,active,0,1094
22,Chiller Free Villa in Mirdif,Near international schools. Covered parking included. Available for immediate move-in.,Villa,Mirdif,25.19298,55.40576,5,3816,1,22,0,14250,Elena Popescu,2026-07-29,active,0,22
2079,"Upgraded Villa in Arabian Ranches, Motivated Seller",Near international schools. Shared pool and gym access.,Villa,Arabian Ranches,25.06309,55.25022,4,4466,0,22,0,26250,Hassan Ali,2026-05-30,active,0,2079
245,Chiller Free Villa in Mirdif,Built-in wardrobes throughout. Recently renovated kitchen and bathrooms. Shared pool and gym access.,Villa,Mirdif,25.19849,55.41996,4,4567,0,11,0,22500,Grace Okafor,2026-08-29,active,0,245
2327,Must See! Studio Available in Dubai Sports City,"Balcony with community view. Close to metro station and community mall. Available for immediate move-in. Landlord maintained, no agency fees.",Studio,Dubai Sports City,25.03255,55.19889,0,437,1,7,41,1500,Priya Nair,2026-03-14,active,0,1303
1621,Chiller Free Townhouse in Arabian Ranches,Pet friendly building. Covered parking included. Shared pool and gym access. Built-in wardrobes throughout.,Townhouse,Arabian Ranches,25.06567,55.2694,4,1881,0,17,0,10750,Grace Okafor,2026-05-28,active,0,1621
426,Villa with Full Amenities - Mirdif,Shared pool and gym access. Available for immediate move-in. Near international schools.,Villa,Mirdif,25.22788,55.41178,5,3418,0,1,0,19000,Sofia Marchetti,2026-08-13,active,0,426
804,Stunning Studio | Dubai Marina | Vacant Soon,"Recently renovated kitchen and bathrooms. Landlord maintained, no agency fees.",Studio,Dubai Marina,25.09174,55.13806,0,457,1,14,14,3500,Yusuf Karimi,2026-08-27,active,0,804
1151,2BR Apartment for Rent in Jumeirah Lake Towers - Prime Location,"Covered parking included. Landlord maintained, no agency fees. Shared pool and gym access.",2BR Apartment,Jumeirah Lake Towers,25.05113,55.14763,3,1395,0,2,31,10750,Elena Popescu,2026-05-31,active,0,1151
1935,"Upgraded Villa in Discovery Gardens, Motivated Seller",Shared pool and gym access. Pet friendly building.,Villa,Discovery Gardens,25.05215,55.16336,6,4682,0,16,0,23000,Yusuf Karimi,2026-01-13,active,0,1935
464,1BR Apartment with Full Amenities - Arabian Ranches,"Near international schools. Landlord maintained, no agency fees.",1BR Apartment,Arabian Ranches,25.06732,55.28456,2,818,1,21,18,5000,Elena Popescu,2026-05-20,active,0,464
1630,Spacious 3BR Apartment in Discovery Gardens | Ready to Move,Built-in wardrobes throughout. Covered parking included. Balcony with community view.,3BR Apartment,Discovery Gardens,25.05436,55.15384,3,1853,0,8,37,8750,Ravi Shankar,2026-04-13,active,0,1630
2228,"Hot Deal - 1BR Apartment in Dubai Sports City, Call Now",Close to metro station and community mall. Covered parking included. Recently renovated kitchen and bathrooms.,1BR Apartment,Dubai Sports City,25.06232,55.21977,1,910,1,15,18,3500,Noor Abdullah,2026-05-10,active,0,974
1848,Best Deal! Villa in Downtown Dubai,"Recently renovated kitchen and bathrooms. Landlord maintained, no agency fees. Pet friendly building.",Villa,Downtown Dubai,25.2207,55.28338,4,4823,0,4,0,48500,Daniel Reyes,2026-06-13,active,0,1848
2109,Best Deal! 3BR Apartment in Jumeirah Village Circle,Shared pool and gym access. Close to metro station and community mall. Balcony with community view.,3BR Apartment,Jumeirah Village Circle,25.06635,55.21582,3,1449,0,6,15,6250,Fatima Al-Suwaidi,2026-06-16,active,0,2109
144,Chiller Free Villa in Dubai Sports City,Near international schools. Shared pool and gym access.,Villa,Dubai Sports City,25.06633,55.19709,6,5156,1,11,0,22250,Layla Haddad,2026-03-30,active,0,144
843,Stunning 3BR Apartment | Arabian Ranches | Vacant Soon,Near international schools. Shared pool and gym access. Covered parking included. Recently renovated kitchen and bathrooms.,3BR Apartment,Arabian Ranches,25.02702,55.25675,4,1603,0,6,28,11750,Chen Wei,2026-07-14,active,0,843
1081,Stunning 3BR Apartment | Downtown Dubai | Vacant Soon,Recently renovated kitchen and bathrooms. Pet friendly building. Shared pool and gym access. Built-in wardrobes throughout.,3BR Apartment,Downtown Dubai,25.2103,55.27611,4,1439,1,15,8,14000,Elena Popescu,2026-02-26,active,0,1081
1743,Chiller Free Studio in Downtown Dubai,Available for immediate move-in. Shared pool and gym access.,Studio,Downtown Dubai,25.20399,55.2575,0,476,1,22,9,5250,Priya Nair,2026-06-22,active,0,1743
1568,Chiller Free 1BR Apartment in Jumeirah Village Circle,"Landlord maintained, no agency fees. Close to metro station and community mall. Pet friendly building. Shared pool and gym access.",1BR Apartment,Jumeirah Village Circle,25.04967,55.21762,1,847,1,8,14,5250,Layla Haddad,2026-04-12,active,0,1568
1505,"Upgraded Studio in Downtown Dubai, Motivated Seller",Close to metro station and community mall. Shared pool and gym access. Near international schools. Balcony with community view.,Studio,Downtown Dubai,25.2163,55.27836,0,460,0,1,39,5000,Noor Abdullah,2026-05-14,active,0,1505
901,Exclusive Studio in Dubai Sports City | High Floor,"Close to metro station and community mall. Available for immediate move-in. Landlord maintained, no agency fees. Built-in wardrobes throughout.",Studio,Dubai Sports City,25.04379,55.21314,0,440,0,8,33,1750,Priya Nair,2026-07-30,active,0,901
1498,3BR Apartment for Rent in Arabian Ranches - Prime Location,Covered parking included. Built-in wardrobes throughout. Shared pool and gym access.,3BR Apartment,Arabian Ranches,25.06928,55.25014,4,1764,0,3,36,13000,Anjali Menon,2026-01-03,active,0,1498
2507,"Hot Deal - Villa in Palm Jumeirah, Call Now",Recently renovated kitchen and bathrooms. Close to metro station and community mall.,Villa,Palm Jumeirah,25.08915,55.12199,5,3470,0,4,0,49000,Elena Popescu,2026-02-20,active,0,93
833,Chiller Free Studio in Jumeirah Lake Towers,Balcony with community view. Shared pool and gym access. Available for immediate move-in.,Studio,Jumeirah Lake Towers,25.04545,55.15565,0,380,1,9,28,3000,Anjali Menon,2026-01-21,active,0,833
372,Studio with Full Amenities - Discovery Gardens,Recently renovated kitchen and bathrooms. Near international schools.,Studio,Discovery Gardens,25.04818,55.15713,0,399,1,15,28,1500,Elena Popescu,2026-01-31,active,0,372
2411,Must See! Villa Available in Dubai Sports City,"Covered parking included. Balcony with community view. Landlord maintained, no agency fees. Close to metro station and community mall.",Villa,Dubai Sports City,25.05213,55.22114,5,3340,1,4,0,14500,Priya Nair,2026-04-26,active,0,1833
1063,"Upgraded 3BR Apartment in Arabian Ranches, Motivated Seller",Close to metro station and community mall. Near international schools. Available for immediate move-in.,3BR Apartment,Arabian Ranches,25.06514,55.28456,4,1802,0,1,25,11250,Anjali Menon,2026-07-25,active,0,1063
138,Exclusive Townhouse in Dubai Sports City | High Floor,Shared pool and gym access. Near international schools. Pet friendly building.,Townhouse,Dubai Sports City,25.05943,55.21086,3,1973,0,5,0,7500,Priya Nair,2026-01-17,active,0,138
2593,URGENT SALE Exclusive 3BR Apartment in Mirdif | High Floor,Available for immediate move-in. Covered parking included. Balcony with community view. Near international schools.,3BR Apartment,Mirdif,25.19884,55.41516,4,1445,0,13,37,2382,Layla Haddad,2026-01-20,active,1,2593
2434,Must See! 2BR Apartment Available in Discovery Gardens,Covered parking included. Near international schools.,2BR Apartment,Discovery Gardens,25.02948,55.1366,3,1363,0,4,24,6500,Fatima Al-Suwaidi,2026-03-23,active,0,789
982,Villa with Full Amenities - Arabian Ranches,Close to metro station and community mall. Near international schools.,Villa,Arabian Ranches,25.05548,55.27259,6,2902,0,3,0,16250,Elena Popescu,2026-02-01,active,0,982
2130,1BR Apartment for Rent in Dubai Marina - Prime Location,"Recently renovated kitchen and bathrooms. Landlord maintained, no agency fees. Balcony with community view. Near international schools.",1BR Apartment,Dubai Marina,25.09361,55.13863,1,926,1,13,38,8000,Michael Costa,2026-03-27,active,0,2130
189,Chiller Free 1BR Apartment in Dubai Sports City,Balcony with community view. Covered parking included.,1BR Apartment,Dubai Sports City,25.06072,55.19911,2,893,1,12,3,4000,Grace Okafor,2026-01-31,active,0,189
502,Stunning Villa | Discovery Gardens | Vacant Soon,Available for immediate move-in. Shared pool and gym access.,Villa,Discovery Gardens,25.03167,55.15329,5,3015,0,5,0,16000,Noor Abdullah,2026-07-28,active,0,502
2389,Arabian Ranches Townhouse - Negotiable Price,Covered parking included. Available for immediate move-in. Built-in wardrobes throughout. Close to metro station and community mall.,Townhouse,Arabian Ranches,25.0716,55.29057,3,2192,1,0,0,15000,Sofia Marchetti,2026-09-10,active,0,579
808,Exclusive 1BR Apartment in Al Furjan | High Floor,Shared pool and gym access. Recently renovated kitchen and bathrooms. Near international schools.,1BR Apartment,Al Furjan,25.04264,55.14034,2,947,0,14,23,5250,Sofia Marchetti,2026-06-22,active,0,808
1659,Chiller Free Villa in Arabian Ranches,Near international schools. Available for immediate move-in. Pet friendly building.,Villa,Arabian Ranches,25.02639,55.29253,4,4734,0,1,0,30500,Elena Popescu,2026-08-08,active,0,1659
1386,3BR Apartment with Full Amenities - Jumeirah Village Circle,Built-in wardrobes throughout. Near international schools. Available for immediate move-in. Recently renovated kitchen and bathrooms.,3BR Apartment,Jumeirah Village Circle,25.08232,55.19478,3,1957,0,2,40,11250,Michael Costa,2026-07-17,active,0,1386
1584,Stunning Townhouse | Al Furjan | Vacant Soon,Balcony with community view. Shared pool and gym access. Recently renovated kitchen and bathrooms.,Townhouse,Al Furjan,25.04456,55.15298,3,1906,1,4,0,10750,Noor Abdullah,2026-03-09,active,0,1584
624,Chiller Free 3BR Apartment in Arabian Ranches,"Near international schools. Landlord maintained, no agency fees.",3BR Apartment,Arabian Ranches,25.03918,55.27015,3,2053,0,6,27,11500,Omar Farouk,2026-03-22,active,0,624
1581,1BR Apartment with Full Amenities - Jumeirah Village Circle,Pet friendly building. Near international schools.,1BR Apartment,Jumeirah Village Circle,25.08128,55.19564,2,768,0,3,13,4250,Hassan Ali,2026-08-22,active,0,1581
1417,Best Deal! Studio in Dubai Silicon Oasis,"Recently renovated kitchen and bathrooms. Landlord maintained, no agency fees. Near international schools.",Studio,Dubai Silicon Oasis,25.14069,55.38761,0,518,1,4,5,2500,Anjali Menon,2026-04-05,active,0,1417
980,"Upgraded 3BR Apartment in Dubai Sports City, Motivated Seller",Covered parking included. Shared pool and gym access.,3BR Apartment,Dubai Sports City,25.02813,55.23329,4,1586,1,16,23,6750,Layla Haddad,2026-05-24,active,0,980
1906,Stunning 3BR Apartment | Al Furjan | Vacant Soon,"Landlord maintained, no agency fees. Shared pool and gym access. Available for immediate move-in.",3BR Apartment,Al Furjan,25.01038,55.15339,4,1699,0,4,27,8250,Grace Okafor,2026-02-19,active,0,1906
1254,Exclusive 3BR Apartment in Dubai Silicon Oasis | High Floor,Pet friendly building. Built-in wardrobes throughout.,3BR Apartment,Dubai Silicon Oasis,25.14132,55.3623,4,1432,0,22,14,6000,Fatima Al-Suwaidi,2026-07-29,active,0,1254
1716,Villa with Full Amenities - Dubai Marina,"Landlord maintained, no agency fees. Close to metro station and community mall. Pet friendly building.",Villa,Dubai Marina,25.07732,55.13908,4,3074,0,21,0,22000,Michael Costa,2026-08-06,active,0,1716
926,Spacious Studio in Jumeirah Village Circle | Ready to Move,Recently renovated kitchen and bathrooms. Shared pool and gym access.,Studio,Jumeirah Village Circle,25.05889,55.2149,0,409,0,12,33,2000,Hassan Ali,2026-07-30,active,0,926
1943,"Upgraded 1BR Apartment in Dubai Silicon Oasis, Motivated Seller",Balcony with community view. Near international schools. Covered parking included.,1BR Apartment,Dubai Silicon Oasis,25.10837,55.36232,2,675,0,16,3,3000,Noor Abdullah,2026-04-26,active,0,1943
807,Chiller Free 3BR Apartment in Dubai Sports City,Balcony with community view. Built-in wardrobes throughout. Available for immediate move-in. Pet friendly building.,3BR Apartment,Dubai Sports City,25.04785,55.20008,4,1972,0,15,15,8500,Yusuf Karimi,2026-04-05,active,0,807
2536,1BR Apartment in Al Furjan | Well Maintained,Near international schools. Shared pool and gym access. Built-in wardrobes throughout. Recently renovated kitchen and bathrooms.,1BR Apartment,Al Furjan,25.0266,55.13993,1,799,0,7,12,4000,Layla Haddad,2026-05-04,active,0,764
356,Chiller Free Studio in Jumeirah Lake Towers,Built-in wardrobes throughout. Recently renovated kitchen and bathrooms. Covered parking included. Pet friendly building.,Studio,Jumeirah Lake Towers,25.04867,55.13693,0,396,1,14,32,3250,Fatima Al-Suwaidi,2026-08-19,active,0,356
1286,Spacious Townhouse in Business Bay | Ready to Move,Pet friendly building. Built-in wardrobes throughout.,Townhouse,Business Bay,25.1745,55.28486,4,2595,0,1,0,21250,Elena Popescu,2026-02-03,active,0,1286
2444,1BR Apartment in Discovery Gardens | Well Maintained,"Landlord maintained, no agency fees. Recently renovated kitchen and bathrooms. Balcony with community view.",1BR Apartment,Discovery Gardens,25.03628,55.12973,1,863,1,20,1,4000,Michael Costa,2026-09-08,active,0,2123
1644,"Upgraded Townhouse in Jumeirah Village Circle, Motivated Seller","Covered parking included. Near international schools. Landlord maintained, no agency fees.",Townhouse,Jumeirah Village Circle,25.07881,55.18877,3,2145,0,3,0,9500,Noor Abdullah,2026-03-31,active,0,1644
2128,Spacious 1BR Apartment in Dubai Silicon Oasis | Ready to Move,"Close to metro station and community mall. Landlord maintained, no agency fees. Covered parking included.",1BR Apartment,Dubai Silicon Oasis,25.14116,55.36527,1,830,0,11,26,3500,Omar Farouk,2026-07-24,active,0,2128
442,3BR Apartment for Rent in Mirdif - Prime Location,Recently renovated kitchen and bathrooms. Balcony with community view. Near international schools.,3BR Apartment,Mirdif,25.23571,55.40664,4,1759,0,6,38,9250,Fatima Al-Suwaidi,2026-01-18,active,0,442
2337,Must See! Villa Available in Dubai Sports City,Recently renovated kitchen and bathrooms. Near international schools.,Villa,Dubai Sports City,25.06614,55.19627,6,5156,1,11,0,22000,Fatima Al-Suwaidi,2026-04-01,active,0,144
1377,Exclusive 3BR Apartment in Jumeirah Village Circle | High Floor,Built-in wardrobes throughout. Covered parking included.,3BR Apartment,Jumeirah Village Circle,25.06619,55.2093,3,1951,1,18,31,10500,Omar Farouk,2026-06-18,active,0,1377
1340,Chiller Free 1BR Apartment in Discovery Gardens,"Landlord maintained, no agency fees. Close to metro station and community mall. Available for immediate move-in. Built-in wardrobes throughout.",1BR Apartment,Discovery Gardens,25.05543,55.15755,2,762,0,3,29,3750,Michael Costa,2026-02-13,active,0,1340
1180,Exclusive 1BR Apartment in Dubai Silicon Oasis | High Floor,Pet friendly building. Near international schools.,1BR Apartment,Dubai Silicon Oasis,25.13441,55.35851,1,842,0,6,12,3250,Yusuf Karimi,2026-02-03,active,0,1180
392,Best Deal! Studio in Dubai Silicon Oasis,Recently renovated kitchen and bathrooms. Balcony with community view.,Studio,Dubai Silicon Oasis,25.10911,55.37103,0,440,0,10,22,2000,Anjali Menon,2026-08-28,active,0,392
218,Chiller Free 3BR Apartment in Jumeirah Village Circle,"Landlord maintained, no agency fees. Available for immediate move-in. Balcony with community view.",3BR Apartment,Jumeirah Village Circle,25.08069,55.18452,3,1620,0,6,22,7750,Omar Farouk,2026-05-31,active,0,218
61,"Upgraded Villa in Dubai Sports City, Motivated Seller","Pet friendly building. Landlord maintained, no agency fees.",Villa,Dubai Sports City,25.06783,55.23557,4,3432,0,20,0,11750,Layla Haddad,2026-03-13,active,0,61
734,Chiller Free 2BR Apartment in Arabian Ranches,Covered parking included. Available for immediate move-in. Recently renovated kitchen and bathrooms.,2BR Apartment,Arabian Ranches,25.03063,55.28199,3,970,0,8,8,6500,Grace Okafor,2026-08-10,active,0,734
962,Chiller Free Villa in Dubai Sports City,Balcony with community view. Close to metro station and community mall.,Villa,Dubai Sports City,25.03686,55.22614,6,3277,1,14,0,14500,Priya Nair,2026-05-27,active,0,962
2377,Al Furjan Townhouse - Negotiable Price,Close to metro station and community mall. Built-in wardrobes throughout. Available for immediate move-in. Pet friendly building.,Townhouse,Al Furjan,25.00454,55.15961,4,2051,1,2,0,11500,Sofia Marchetti,2026-09-03,active,0,1625
1825,Townhouse for Rent in Arabian Ranches - Prime Location,Available for immediate move-in. Built-in wardrobes throughout.,Townhouse,Arabian Ranches,25.04198,55.24542,3,2416,1,6,0,16500,Layla Haddad,2026-04-13,active,0,1825
1,Spacious Studio in Mirdif | Ready to Move,Recently renovated kitchen and bathrooms. Covered parking included.,Studio,Mirdif,25.20343,55.4262,0,386,0,7,15,1500,Anjali Menon,2026-06-01,active,0,1
941,Exclusive Villa in Jumeirah Village Circle | High Floor,"Pet friendly building. Balcony with community view. Available for immediate move-in. Landlord maintained, no agency fees.",Villa,Jumeirah Village Circle,25.05831,55.19411,6,4689,0,17,0,23000,Elena Popescu,2026-05-28,active,0,941
2043,Spacious 1BR Apartment in Dubai Sports City | Ready to Move,Recently renovated kitchen and bathrooms. Covered parking included. Near international schools. Shared pool and gym access.,1BR Apartment,Dubai Sports City,25.063,55.22463,1,945,0,4,39,3750,Daniel Reyes,2026-01-18,active,0,2043
1014,2BR Apartment for Rent in Downtown Dubai - Prime Location,Built-in wardrobes throughout. Balcony with community view. Near international schools.,2BR Apartment,Downtown Dubai,25.18491,55.29524,3,956,1,22,41,11000,Sofia Marchetti,2026-03-15,active,0,1014
1096,Best Deal! 2BR Apartment in Jumeirah Lake Towers,Covered parking included. Near international schools. Available for immediate move-in. Pet friendly building.,2BR Apartment,Jumeirah Lake Towers,25.06684,55.12872,3,1331,1,22,17,11000,Ravi Shankar,2026-06-04,active,0,1096
2054,Chiller Free 2BR Apartment in Jumeirah Village Circle,Balcony with community view. Available for immediate move-in.,2BR Apartment,Jumeirah Village Circle,25.03964,55.18511,2,1023,0,9,14,4500,Grace Okafor,2026-02-26,active,0,2054
1325,Chiller Free Villa in Palm Jumeirah,Built-in wardrobes throughout. Available for immediate move-in.,Villa,Palm Jumeirah,25.13603,55.12851,5,4813,1,16,0,64750,Sofia Marchetti,2026-04-26,active,0,1325
1336,Villa with Full Amenities - Dubai Sports City,Available for immediate move-in. Shared pool and gym access.,Villa,Dubai Sports City,25.05719,55.24247,6,4602,0,15,0,17500,Omar Farouk,2026-04-04,active,0,1336
1147,3BR Apartment with Full Amenities - Dubai Silicon Oasis,Pet friendly building. Recently renovated kitchen and bathrooms.,3BR Apartment,Dubai Silicon Oasis,25.11622,55.37231,4,1714,1,7,24,7750,Hassan Ali,2026-07-10,active,0,1147
39,Stunning Villa | Arabian Ranches | Vacant Soon,Covered parking included. Pet friendly building.,Villa,Arabian Ranches,25.04002,55.27488,6,4658,1,8,0,29750,Chen Wei,2026-07-15,active,0,39
2391,Mirdif Townhouse - Negotiable Price,"Close to metro station and community mall. Pet friendly building. Landlord maintained, no agency fees. Covered parking included.",Townhouse,Mirdif,25.22451,55.41935,3,2412,1,5,0,13000,Layla Haddad,2026-03-30,active,0,1072
1385,Stunning Townhouse | Jumeirah Lake Towers | Vacant Soon,Balcony with community view. Available for immediate move-in.,Townhouse,Jumeirah Lake Towers,25.07239,55.16149,4,2470,0,21,0,16500,Noor Abdullah,2026-03-21,active,0,1385
2566,URGENT SALE Best Deal! Villa in Dubai Sports City,Shared pool and gym access. Available for immediate move-in. Built-in wardrobes throughout. Close to metro station and community mall.,Villa,Dubai Sports City,25.05265,55.19574,6,3377,0,14,0,6044,Elena Popescu,2026-08-07,active,1,2566
1412,Studio with Full Amenities - Dubai Marina,Pet friendly building. Recently renovated kitchen and bathrooms. Built-in wardrobes throughout. Balcony with community view.,Studio,Dubai Marina,25.10399,55.13076,0,545,1,22,38,5000,Chen Wei,2026-07-03,active,0,1412
1248,Chiller Free 2BR Apartment in Downtown Dubai,Balcony with community view. Shared pool and gym access.,2BR Apartment,Downtown Dubai,25.19213,55.26251,3,994,1,18,12,11250,Chen Wei,2026-08-01,active,0,1248
1226,1BR Apartment for Rent in Discovery Gardens - Prime Location,Built-in wardrobes throughout. Pet friendly building. Shared pool and gym access.,1BR Apartment,Discovery Gardens,25.04514,55.16784,1,883,0,5,4,4500,Grace Okafor,2026-01-28,active,0,1226
2254,"Hot Deal - 1BR Apartment in Arabian Ranches, Call Now","Balcony with community view. Landlord maintained, no agency fees. Shared pool and gym access. Recently renovated kitchen and bathrooms.",1BR Apartment,Arabian Ranches,25.07363,55.24882,2,849,0,12,35,5500,Anjali Menon,2026-02-13,active,0,467
1072,Spacious Townhouse in Mirdif | Ready to Move,"Landlord maintained, no agency fees. Shared pool and gym access. Covered parking included.",Townhouse,Mirdif,25.22469,55.41899,3,2397,1,5,0,13500,Michael Costa,2026-03-21,active,0,1072
2313,Brand New Listing: Townhouse in Jumeirah Lake Towers,Balcony with community view. Near international schools. Available for immediate move-in. Pet friendly building.,Townhouse,Jumeirah Lake Towers,25.06125,55.11936,4,2221,0,4,0,17500,Yusuf Karimi,2026-01-22,active,0,2178
644,Spacious Townhouse in Business Bay | Ready to Move,Close to metro station and community mall. Shared pool and gym access. Recently renovated kitchen and bathrooms. Available for immediate move-in.,Townhouse,Business Bay,25.19744,55.28371,3,2011,0,3,0,17750,Sofia Marchetti,2026-06-04,active,0,644
468,Chiller Free 3BR Apartment in Downtown Dubai,Balcony with community view. Covered parking included.,3BR Apartment,Downtown Dubai,25.17567,55.29755,4,1511,1,14,41,19250,Ravi Shankar,2026-06-26,active,0,468
64,Studio for Rent in Business Bay - Prime Location,Pet friendly building. Built-in wardrobes throughout. Recently renovated kitchen and bathrooms.,Studio,Business Bay,25.1848,55.24918,0,471,0,7,38,3500,Omar Farouk,2026-05-15,active,0,64
1807,Chiller Free 3BR Apartment in Jumeirah Lake Towers,"Landlord maintained, no agency fees. Shared pool and gym access. Close to metro station and community mall.",3BR Apartment,Jumeirah Lake Towers,25.08898,55.15003,4,1624,0,18,34,13000,Omar Farouk,2026-06-23,active,0,1807
1927,3BR Apartment for Rent in Discovery Gardens - Prime Location,"Covered parking included. Landlord maintained, no agency fees. Close to metro station and community mall.",3BR Apartment,Discovery Gardens,25.05297,55.12286,3,1494,0,17,24,6750,Daniel Reyes,2026-01-10,active,0,1927
2428,2BR Apartment in Downtown Dubai | Well Maintained,Close to metro station and community mall. Available for immediate move-in. Near international schools.,2BR Apartment,Downtown Dubai,25.20108,55.27385,2,1196,0,5,29,13000,Elena Popescu,2026-02-03,active,0,2081
345,Spacious Villa in Al Furjan | Ready to Move,Balcony with community view. Pet friendly building. Recently renovated kitchen and bathrooms. Built-in wardrobes throughout.,Villa,Al Furjan,25.03972,55.13876,5,4749,0,6,0,20750,Priya Nair,2026-03-03,active,0,345
1119,Best Deal! 1BR Apartment in Jumeirah Village Circle,Balcony with community view. Recently renovated kitchen and bathrooms. Available for immediate move-in. Pet friendly building.,1BR Apartment,Jumeirah Village Circle,25.07503,55.18902,1,754,0,7,42,4000,Hassan Ali,2026-08-07,active,0,1119
920,Best Deal! 3BR Apartment in Dubai Sports City,Covered parking included. Recently renovated kitchen and bathrooms.,3BR Apartment,Dubai Sports City,25.02955,55.23182,3,2052,0,7,10,8500,Ravi Shankar,2026-03-21,active,0,920
490,Chiller Free Studio in Jumeirah Village Circle,"Recently renovated kitchen and bathrooms. Landlord maintained, no agency fees.",Studio,Jumeirah Village Circle,25.07119,55.20519,0,542,0,11,10,2500,Priya Nair,2026-01-02,active,0,490
15,Villa for Rent in Dubai Sports City - Prime Location,"Recently renovated kitchen and bathrooms. Landlord maintained, no agency fees.",Villa,Dubai Sports City,25.05406,55.20456,4,5020,1,10,0,19500,Layla Haddad,2026-02-10,active,0,15
1634,"Upgraded 1BR Apartment in Jumeirah Lake Towers, Motivated Seller",Balcony with community view. Built-in wardrobes throughout.,1BR Apartment,Jumeirah Lake Towers,25.05593,55.15744,1,727,0,21,20,5750,Daniel Reyes,2026-02-10,active,0,1634
782,Best Deal! Townhouse in Business Bay,Shared pool and gym access. Near international schools.,Townhouse,Business Bay,25.19228,55.26343,4,2389,0,22,0,14000,Daniel Reyes,2026-08-06,active,0,782
2036,Chiller Free Townhouse in Jumeirah Village Circle,Recently renovated kitchen and bathrooms. Balcony with community view.,Townhouse,Jumeirah Village Circle,25.03871,55.22732,4,2577,1,19,0,12000,Michael Costa,2026-01-03,active,0,2036
1908,Exclusive 3BR Apartment in Arabian Ranches | High Floor,"Landlord maintained, no agency fees. Shared pool and gym access. Available for immediate move-in.",3BR Apartment,Arabian Ranches,25.04711,55.2952,3,1813,1,4,13,13250,Layla Haddad,2026-07-14,active,0,1908
254,Stunning 3BR Apartment | Jumeirah Village Circle | Vacant Soon,"Covered parking included. Pet friendly building. Landlord maintained, no agency fees. Recently renovated kitchen and bathrooms.",3BR Apartment,Jumeirah Village Circle,25.06927,55.22794,3,2089,0,10,5,10750,Fatima Al-Suwaidi,2026-05-27,active,0,254
2564,URGENT SALE 1BR Apartment with Full Amenities - Al Furjan,Available for immediate move-in. Pet friendly building.,1BR Apartment,Al Furjan,25.0051,55.15652,2,741,0,16,40,1556,Noor Abdullah,2026-02-11,active,1,2564
504,Exclusive 1BR Apartment in Business Bay | High Floor,Balcony with community view. Close to metro station and community mall. Recently renovated kitchen and bathrooms.,1BR Apartment,Business Bay,25.17998,55.26179,1,761,0,6,42,5000,Priya Nair,2026-08-08,active,0,504
1257,Spacious Townhouse in Palm Jumeirah | Ready to Move,"Built-in wardrobes throughout. Covered parking included. Landlord maintained, no agency fees. Pet friendly building.",Townhouse,Palm Jumeirah,25.13168,55.13809,4,1842,1,14,0,20750,Layla Haddad,2026-06-17,active,0,1257
1787,Spacious Villa in Jumeirah Village Circle | Ready to Move,Recently renovated kitchen and bathrooms. Shared pool and gym access.,Villa,Jumeirah Village Circle,25.08084,55.22142,6,4749,0,22,0,24500,Priya Nair,2026-03-29,active,0,1787
2619,"URGENT SALE Upgraded Studio in Jumeirah Village Circle, Motivated Seller",Close to metro station and community mall. Covered parking included.,Studio,Jumeirah Village Circle,25.04178,55.23057,0,416,0,20,22,1178,Daniel Reyes,2026-02-09,active,1,2619
2551,Brand New Listing: 3BR Apartment in Dubai Sports City,Pet friendly building. Available for immediate move-in. Covered parking included.,3BR Apartment,Dubai Sports City,25.06842,55.2173,3,1848,1,20,35,8500,Layla Haddad,2026-02-17,active,0,149
651,Chiller Free Studio in Business Bay,Covered parking included. Built-in wardrobes throughout. Pet friendly building.,Studio,Business Bay,25.19764,55.26382,0,462,0,19,27,4000,Sofia Marchetti,2026-05-06,active,0,651
935,1BR Apartment for Rent in Arabian Ranches - Prime Location,Pet friendly building. Close to metro station and community mall. Shared pool and gym access.,1BR Apartment,Arabian Ranches,25.06925,55.27022,2,943,0,0,32,7250,Elena Popescu,2026-06-24,active,0,935
113,2BR Apartment for Rent in Arabian Ranches - Prime Location,Balcony with community view. Pet friendly building. Near international schools.,2BR Apartment,Arabian Ranches,25.06213,55.2461,3,1182,0,17,34,7250,Grace Okafor,2026-02-19,active,0,113
1854,2BR Apartment for Rent in Mirdif - Prime Location,"Available for immediate move-in. Landlord maintained, no agency fees. Recently renovated kitchen and bathrooms. Shared pool and gym access.",2BR Apartment,Mirdif,25.23843,55.42169,2,1065,1,19,39,5000,Noor Abdullah,2026-04-16,active,0,1854
568,Stunning 3BR Apartment | Dubai Sports City | Vacant Soon,Recently renovated kitchen and bathrooms. Shared pool and gym access. Near international schools. Available for immediate move-in.,3BR Apartment,Dubai Sports City,25.04795,55.24024,3,1531,0,12,12,6250,Grace Okafor,2026-07-01,active,0,568
974,Spacious 1BR Apartment in Dubai Sports City | Ready to Move,Covered parking included. Balcony with community view. Available for immediate move-in.,1BR Apartment,Dubai Sports City,25.0633,55.21935,1,895,1,15,18,3500,Anjali Menon,2026-04-21,active,0,974
2145,Best Deal! Townhouse in Jumeirah Village Circle,"Near international schools. Pet friendly building. Landlord maintained, no agency fees. Recently renovated kitchen and bathrooms.",Townhouse,Jumeirah Village Circle,25.07473,55.22196,3,2487,1,1,0,13500,Elena Popescu,2026-04-23,active,0,2145
335,"Upgraded Villa in Jumeirah Village Circle, Motivated Seller",Balcony with community view. Recently renovated kitchen and bathrooms. Near international schools.,Villa,Jumeirah Village Circle,25.07136,55.20344,5,3554,1,14,0,19750,Anjali Menon,2026-07-16,active,0,335
1330,Best Deal! 1BR Apartment in Business Bay,Available for immediate move-in. Shared pool and gym access.,1BR Apartment,Business Bay,25.20781,55.28801,1,781,0,8,5,6500,Grace Okafor,2026-02-06,active,0,1330
2494,Brand New Listing: Studio in Mirdif,Built-in wardrobes throughout. Shared pool and gym access.,Studio,Mirdif,25.21464,55.4034,0,492,0,12,13,2500,Michael Costa,2026-04-27,active,0,1064
2207,"Hot Deal - 2BR Apartment in Mirdif, Call Now",Close to metro station and community mall. Shared pool and gym access. Available for immediate move-in. Built-in wardrobes throughout.,2BR Apartment,Mirdif,25.23508,55.41407,2,1064,1,12,2,5000,Yusuf Karimi,2026-03-20,active,0,1159
518,Best Deal! 3BR Apartment in Discovery Gardens,Recently renovated kitchen and bathrooms. Built-in wardrobes throughout.,3BR Apartment,Discovery Gardens,25.05677,55.14508,3,1947,0,7,34,10250,Elena Popescu,2026-08-27,active,0,518
685,"Upgraded 3BR Apartment in Business Bay, Motivated Seller",Covered parking included. Available for immediate move-in.,3BR Apartment,Business Bay,25.18066,55.25269,4,1910,1,22,11,16250,Yusuf Karimi,2026-06-11,active,0,685
1233,Spacious 3BR Apartment in Business Bay | Ready to Move,Close to metro station and community mall. Available for immediate move-in. Shared pool and gym access.,3BR Apartment,Business Bay,25.17727,55.23824,4,1570,0,9,23,14250,Daniel Reyes,2026-05-31,active,0,1233
2487,Townhouse in Discovery Gardens | Well Maintained,Balcony with community view. Pet friendly building.,Townhouse,Discovery Gardens,25.03788,55.11968,4,2261,0,3,0,10500,Layla Haddad,2026-06-14,active,0,1593
131,Best Deal! Studio in Jumeirah Lake Towers,Available for immediate move-in. Near international schools. Built-in wardrobes throughout. Balcony with community view.,Studio,Jumeirah Lake Towers,25.08405,55.12135,0,508,0,21,28,3750,Michael Costa,2026-02-08,active,0,131
844,3BR Apartment for Rent in Jumeirah Lake Towers - Prime Location,"Built-in wardrobes throughout. Close to metro station and community mall. Landlord maintained, no agency fees.",3BR Apartment,Jumeirah Lake Towers,25.06755,55.13673,4,1808,0,14,24,14250,Elena Popescu,2026-02-07,active,0,844
1149,Best Deal! Studio in Al Furjan,Near international schools. Available for immediate move-in.,Studio,Al Furjan,25.02014,55.1395,0,511,0,17,12,2500,Yusuf Karimi,2026-05-20,active,0,1149
2383,1BR Apartment in Business Bay | Well Maintained,Available for immediate move-in. Covered parking included. Pet friendly building.,1BR Apartment,Business Bay,25.17412,55.2589,2,694,0,3,37,7000,Yusuf Karimi,2026-03-04,active,0,1768
309,Spacious 3BR Apartment in Arabian Ranches | Ready to Move,"Balcony with community view. Pet friendly building. Landlord maintained, no agency fees. Built-in wardrobes throughout.",3BR Apartment,Arabian Ranches,25.04923,55.28866,4,1982,0,0,12,12000,Grace Okafor,2026-05-02,active,0,309
1488,"Upgraded 1BR Apartment in Arabian Ranches, Motivated Seller",Available for immediate move-in. Built-in wardrobes throughout.,1BR Apartment,Arabian Ranches,25.03141,55.25623,1,691,1,22,7,4750,Sofia Marchetti,2026-03-10,active,0,1488
704,Best Deal! Villa in Al Furjan,Near international schools. Available for immediate move-in.,Villa,Al Furjan,25.01367,55.16202,5,4047,1,14,0,18750,Grace Okafor,2026-01-28,active,0,704
559,Stunning 2BR Apartment | Dubai Marina | Vacant Soon,Balcony with community view. Recently renovated kitchen and bathrooms.,2BR Apartment,Dubai Marina,25.0692,55.11939,3,1354,0,15,14,9750,Fatima Al-Suwaidi,2026-03-11,active,0,559
1230,Chiller Free 1BR Apartment in Dubai Silicon Oasis,Covered parking included. Available for immediate move-in. Close to metro station and community mall.,1BR Apartment,Dubai Silicon Oasis,25.1254,55.4052,1,779,0,12,37,3000,Grace Okafor,2026-03-13,active,0,1230
2351,Dubai Silicon Oasis Villa - Negotiable Price,Close to metro station and community mall. Recently renovated kitchen and bathrooms. Available for immediate move-in.,Villa,Dubai Silicon Oasis,25.14724,55.39524,6,4726,1,6,0,19500,Sofia Marchetti,2026-01-03,active,0,1945
565,Exclusive 3BR Apartment in Dubai Sports City | High Floor,Covered parking included. Pet friendly building.,3BR Apartment,Dubai Sports City,25.04788,55.19853,4,1506,0,19,35,5250,Hassan Ali,2026-03-16,active,0,565
1855,1BR Apartment with Full Amenities - Discovery Gardens,"Close to metro station and community mall. Covered parking included. Available for immediate move-in. Landlord maintained, no agency fees.",1BR Apartment,Discovery Gardens,25.02281,55.12871,2,709,1,18,10,3250,Yusuf Karimi,2026-02-02,active,0,1855
219,"Upgraded 3BR Apartment in Palm Jumeirah, Motivated Seller","Shared pool and gym access. Landlord maintained, no agency fees. Covered parking included. Balcony with community view.",3BR Apartment,Palm Jumeirah,25.10729,55.13114,4,1999,0,16,12,26500,Ravi Shankar,2026-06-18,active,0,219
2203,Must See! Villa Available in Business Bay,Covered parking included. Built-in wardrobes throughout. Available for immediate move-in. Pet friendly building.,Villa,Business Bay,25.16834,55.26251,4,5146,0,10,0,40500,Priya Nair,2026-09-01,active,0,1375
763,Townhouse with Full Amenities - Mirdif,Built-in wardrobes throughout. Pet friendly building.,Townhouse,Mirdif,25.20183,55.42831,4,2585,0,6,0,12500,Daniel Reyes,2026-02-09,active,0,763
2080,Stunning 1BR Apartment | Dubai Sports City | Vacant Soon,Covered parking included. Available for immediate move-in.,1BR Apartment,Dubai Sports City,25.02051,55.228,2,698,0,9,22,2500,Layla Haddad,2026-07-24,active,0,2080
1911,"Upgraded Townhouse in Arabian Ranches, Motivated Seller",Available for immediate move-in. Shared pool and gym access. Close to metro station and community mall.,Townhouse,Arabian Ranches,25.02891,55.26303,3,2194,0,10,0,14750,Noor Abdullah,2026-07-29,active,0,1911
1067,Spacious 1BR Apartment in Downtown Dubai | Ready to Move,"Available for immediate move-in. Covered parking included. Landlord maintained, no agency fees.",1BR Apartment,Downtown Dubai,25.18448,55.29686,1,936,1,7,9,12250,Daniel Reyes,2026-08-16,active,0,1067
2152,Chiller Free 3BR Apartment in Dubai Silicon Oasis,Pet friendly building. Near international schools. Close to metro station and community mall.,3BR Apartment,Dubai Silicon Oasis,25.11628,55.38851,3,1473,0,22,36,5750,Priya Nair,2026-08-24,active,0,2152
2598,URGENT SALE Stunning Townhouse | Dubai Marina | Vacant Soon,Available for immediate move-in. Recently renovated kitchen and bathrooms.,Townhouse,Dubai Marina,25.08331,55.16334,3,2280,0,15,0,8962,Fatima Al-Suwaidi,2026-07-21,active,1,2598
217,Stunning Studio | Jumeirah Village Circle | Vacant Soon,Balcony with community view. Shared pool and gym access. Recently renovated kitchen and bathrooms.,Studio,Jumeirah Village Circle,25.04521,55.1941,0,548,1,10,23,3500,Elena Popescu,2026-01-12,active,0,217
1169,Exclusive Townhouse in Jumeirah Village Circle | High Floor,"Pet friendly building. Landlord maintained, no agency fees. Close to metro station and community mall.",Townhouse,Jumeirah Village Circle,25.07397,55.18901,3,2305,1,15,0,11250,Michael Costa,2026-03-01,active,0,1169
157,Best Deal! 2BR Apartment in Business Bay,"Recently renovated kitchen and bathrooms. Landlord maintained, no agency fees. Close to metro station and community mall.",2BR Apartment,Business Bay,25.17287,55.242,2,997,0,8,6,7000,Chen Wei,2026-03-20,active,0,157
2237,Must See! Townhouse Available in Discovery Gardens,Recently renovated kitchen and bathrooms. Shared pool and gym access. Near international schools.,Townhouse,Discovery Gardens,25.03857,55.12183,4,2306,1,0,0,13000,Elena Popescu,2026-04-28,active,0,634
981,Spacious 3BR Apartment in Jumeirah Lake Towers | Ready to Move,Close to metro station and community mall. Near international schools.,3BR Apartment,Jumeirah Lake Towers,25.06445,55.13868,4,1803,0,4,6,12500,Yusuf Karimi,2026-08-07,active,0,981
501,2BR Apartment with Full Amenities - Dubai Sports City,Shared pool and gym access. Close to metro station and community mall. Built-in wardrobes throughout. Recently renovated kitchen and bathrooms.,2BR Apartment,Dubai Sports City,25.06169,55.20333,2,1108,0,22,8,4000,Yusuf Karimi,2026-02-25,active,0,501
1217,Chiller Free 2BR Apartment in Jumeirah Village Circle,Recently renovated kitchen and bathrooms. Balcony with community view. Covered parking included.,2BR Apartment,Jumeirah Village Circle,25.06211,55.22255,3,1191,1,10,21,7250,Elena Popescu,2026-04-25,active,0,1217
323,Best Deal! Studio in Arabian Ranches,"Balcony with community view. Pet friendly building. Landlord maintained, no agency fees. Recently renovated kitchen and bathrooms.",Studio,Arabian Ranches,25.05397,55.28757,0,452,0,7,28,3250,Anjali Menon,2026-04-08,active,0,323
951,Chiller Free 1BR Apartment in Al Furjan,Pet friendly building. Near international schools. Available for immediate move-in. Shared pool and gym access.,1BR Apartment,Al Furjan,25.00678,55.14834,2,720,0,17,28,3250,Grace Okafor,2026-04-17,active,0,951
1737,Studio with Full Amenities - Palm Jumeirah,"Landlord maintained, no agency fees. Covered parking included.",Studio,Palm Jumeirah,25.13417,55.16192,0,536,1,2,19,7500,Layla Haddad,2026-04-09,active,0,1737
2312,"Hot Deal - Studio in Arabian Ranches, Call Now",Shared pool and gym access. Built-in wardrobes throughout. Recently renovated kitchen and bathrooms.,Studio,Arabian Ranches,25.05806,55.281,0,497,1,7,9,3000,Ravi Shankar,2026-04-09,active,0,1633
34,Exclusive Townhouse in Dubai Sports City | High Floor,"Covered parking included. Recently renovated kitchen and bathrooms. Landlord maintained, no agency fees.",Townhouse,Dubai Sports City,25.0254,55.23142,3,2565,0,5,0,12500,Ravi Shankar,2026-03-21,active,0,34
1601,Villa with Full Amenities - Discovery Gardens,Close to metro station and community mall. Near international schools. Pet friendly building. Built-in wardrobes throughout.,Villa,Discovery Gardens,25.0549,55.16158,6,4648,1,15,0,24000,Fatima Al-Suwaidi,2026-01-01,active,0,1601
1747,Studio for Rent in Dubai Silicon Oasis - Prime Location,"Balcony with community view. Covered parking included. Landlord maintained, no agency fees. Close to metro station and community mall.",Studio,Dubai Silicon Oasis,25.1088,55.37893,0,464,1,7,6,2250,Yusuf Karimi,2026-08-20,active,0,1747
1105,Best Deal! 1BR Apartment in Downtown Dubai,Close to metro station and community mall. Covered parking included.,1BR Apartment,Downtown Dubai,25.1733,55.25926,2,718,0,4,40,8750,Omar Farouk,2026-05-27,active,0,1105
1995,Exclusive Townhouse in Jumeirah Lake Towers | High Floor,"Available for immediate move-in. Landlord maintained, no agency fees. Balcony with community view. Covered parking included.",Townhouse,Jumeirah Lake Towers,25.05918,55.13912,4,2199,1,18,0,14250,Layla Haddad,2026-04-22,active,0,1995
1585,"Upgraded Townhouse in Arabian Ranches, Motivated Seller",Covered parking included. Balcony with community view. Built-in wardrobes throughout. Pet friendly building.,Townhouse,Arabian Ranches,25.06715,55.25941,3,2113,0,10,0,13500,Elena Popescu,2026-04-07,active,0,1585
1592,Spacious Townhouse in Downtown Dubai | Ready to Move,Near international schools. Balcony with community view.,Townhouse,Downtown Dubai,25.18901,55.2825,3,2498,1,8,0,31000,Yusuf Karimi,2026-07-12,active,0,1592
2189,3BR Apartment with Full Amenities - Mirdif,Recently renovated kitchen and bathrooms. Close to metro station and community mall.,3BR Apartment,Mirdif,25.20498,55.43905,4,1469,0,13,37,7000,Michael Costa,2026-04-16,active,0,2189
2160,3BR Apartment for Rent in Mirdif - Prime Location,Covered parking included. Recently renovated kitchen and bathrooms. Balcony with community view. Available for immediate move-in.,3BR Apartment,Mirdif,25.228,55.44367,3,1425,1,17,23,7000,Anjali Menon,2026-02-17,active,0,2160
1143,Exclusive Studio in Dubai Silicon Oasis | High Floor,Balcony with community view. Recently renovated kitchen and bathrooms. Covered parking included.,Studio,Dubai Silicon Oasis,25.12512,55.37293,0,446,0,15,25,1750,Ravi Shankar,2026-02-27,active,0,1143
2504,"Hot Deal - 3BR Apartment in Business Bay, Call Now",Balcony with community view. Shared pool and gym access. Close to metro station and community mall. Built-in wardrobes throughout.,3BR Apartment,Business Bay,25.19562,55.27217,4,1597,0,10,7,11500,Anjali Menon,2026-03-23,active,0,2012
1831,Spacious Studio in Palm Jumeirah | Ready to Move,"Landlord maintained, no agency fees. Built-in wardrobes throughout. Recently renovated kitchen and bathrooms.",Studio,Palm Jumeirah,25.10887,55.13852,0,479,0,2,12,7250,Michael Costa,2026-06-16,active,0,1831
2183,Studio with Full Amenities - Al Furjan,Close to metro station and community mall. Covered parking included. Recently renovated kitchen and bathrooms. Available for immediate move-in.,Studio,Al Furjan,25.00821,55.14719,0,415,0,22,22,2000,Sofia Marchetti,2026-04-18,active,0,2183
567,Exclusive Studio in Dubai Marina | High Floor,"Landlord maintained, no agency fees. Shared pool and gym access.",Studio,Dubai Marina,25.09693,55.15537,0,386,1,11,34,4250,Sofia Marchetti,2026-03-03,active,0,567
2540,"Hot Deal - Studio in Dubai Sports City, Call Now","Covered parking included. Close to metro station and community mall. Landlord maintained, no agency fees.",Studio,Dubai Sports City,25.04906,55.23241,0,515,1,0,36,2500,Yusuf Karimi,2026-06-04,active,0,2008
2617,URGENT SALE Exclusive Studio in Jumeirah Village Circle | High Floor,"Shared pool and gym access. Near international schools. Landlord maintained, no agency fees.",Studio,Jumeirah Village Circle,25.07434,55.2343,0,519,1,18,28,1275,Hassan Ali,2026-07-20,active,1,2617
1138,Chiller Free Townhouse in Dubai Sports City,"Close to metro station and community mall. Landlord maintained, no agency fees. Available for immediate move-in.",Townhouse,Dubai Sports City,25.03094,55.22678,4,2554,0,3,0,11750,Priya Nair,2026-01-04,active,0,1138
2148,Best Deal! Villa in Business Bay,Covered parking included. Available for immediate move-in.,Villa,Business Bay,25.18931,55.26048,5,5165,1,5,0,39750,Chen Wei,2026-01-10,active,0,2148
98,1BR Apartment with Full Amenities - Palm Jumeirah,Near international schools. Available for immediate move-in.,1BR Apartment,Palm Jumeirah,25.09207,55.14605,1,805,1,10,15,10250,Sofia Marchetti,2026-06-12,active,0,98
1082,Spacious 3BR Apartment in Al Furjan | Ready to Move,"Recently renovated kitchen and bathrooms. Near international schools. Available for immediate move-in. Landlord maintained, no agency fees.",3BR Apartment,Al Furjan,25.01571,55.17322,3,1605,1,8,9,7750,Priya Nair,2026-02-06,active,0,1082
1371,Exclusive 1BR Apartment in Arabian Ranches | High Floor,Covered parking included. Near international schools. Balcony with community view.,1BR Apartment,Arabian Ranches,25.06347,55.28188,2,760,1,16,26,4750,Ravi Shankar,2026-03-09,active,0,1371
2168,Exclusive 2BR Apartment in Palm Jumeirah | High Floor,Balcony with community view. Built-in wardrobes throughout.,2BR Apartment,Palm Jumeirah,25.0912,55.15588,2,1135,0,9,5,13750,Elena Popescu,2026-08-22,active,0,2168
124,Best Deal! 2BR Apartment in Dubai Marina,Near international schools. Balcony with community view.,2BR Apartment,Dubai Marina,25.09579,55.16104,3,1279,0,16,21,11250,Yusuf Karimi,2026-05-18,active,0,124
542,Stunning 1BR Apartment | Dubai Marina | Vacant Soon,Built-in wardrobes throughout. Balcony with community view.,1BR Apartment,Dubai Marina,25.06459,55.13455,2,725,1,12,29,7250,Fatima Al-Suwaidi,2026-07-06,active,0,542
485,3BR Apartment with Full Amenities - Dubai Marina,Available for immediate move-in. Pet friendly building. Recently renovated kitchen and bathrooms.,3BR Apartment,Dubai Marina,25.07216,55.15104,3,1837,0,9,39,16500,Yusuf Karimi,2026-03-20,active,0,485
2205,Al Furjan Townhouse - Negotiable Price,Shared pool and gym access. Near international schools. Available for immediate move-in. Covered parking included.,Townhouse,Al Furjan,25.01943,55.17036,4,1817,1,21,0,8000,Daniel Reyes,2026-06-25,active,0,1715
1346,Best Deal! 2BR Apartment in Mirdif,"Built-in wardrobes throughout. Landlord maintained, no agency fees.",2BR Apartment,Mirdif,25.22633,55.39676,3,1261,0,1,16,6500,Anjali Menon,2026-06-07,active,0,1346
1285,Chiller Free Studio in Jumeirah Lake Towers,Shared pool and gym access. Recently renovated kitchen and bathrooms. Near international schools.,Studio,Jumeirah Lake Towers,25.07223,55.14842,0,464,0,22,42,3000,Ravi Shankar,2026-01-08,active,0,1285
1932,Chiller Free Studio in Dubai Marina,"Pet friendly building. Landlord maintained, no agency fees. Close to metro station and community mall.",Studio,Dubai Marina,25.05973,55.14885,0,430,0,15,26,4000,Noor Abdullah,2026-06-21,active,0,1932
2453,Must See! Studio Available in Dubai Marina,Near international schools. Balcony with community view. Shared pool and gym access. Recently renovated kitchen and bathrooms.,Studio,Dubai Marina,25.07417,55.12119,0,511,1,14,28,4500,Elena Popescu,2026-06-02,active,0,1700
326,3BR Apartment for Rent in Dubai Sports City - Prime Location,"Landlord maintained, no agency fees. Recently renovated kitchen and bathrooms. Covered parking included. Pet friendly building.",3BR Apartment,Dubai Sports City,25.05183,55.22599,3,1777,1,15,6,6750,Sofia Marchetti,2026-04-30,active,0,326
1917,Best Deal! 3BR Apartment in Business Bay,Near international schools. Close to metro station and community mall.,3BR Apartment,Business Bay,25.19358,55.26206,4,1419,0,11,40,11500,Elena Popescu,2026-03-23,active,0,1917
894,2BR Apartment for Rent in Jumeirah Lake Towers - Prime Location,Balcony with community view. Close to metro station and community mall. Covered parking included. Built-in wardrobes throughout.,2BR Apartment,Jumeirah Lake Towers,25.07931,55.16488,2,1083,0,0,13,8250,Ravi Shankar,2026-08-12,active,0,894
2335,Studio in Dubai Marina | Well Maintained,Close to metro station and community mall. Covered parking included. Recently renovated kitchen and bathrooms. Available for immediate move-in.,Studio,Dubai Marina,25.08612,55.14877,0,506,0,2,8,4000,Hassan Ali,2026-03-12,active,0,1765
1569,Townhouse for Rent in Dubai Sports City - Prime Location,"Landlord maintained, no agency fees. Balcony with community view. Built-in wardrobes throughout.",Townhouse,Dubai Sports City,25.0306,55.19782,4,1866,0,11,0,7750,Fatima Al-Suwaidi,2026-03-12,active,0,1569
1112,Stunning Villa | Dubai Marina | Vacant Soon,Built-in wardrobes throughout. Recently renovated kitchen and bathrooms. Pet friendly building. Close to metro station and community mall.,Villa,Dubai Marina,25.06413,55.12241,5,3723,0,11,0,26750,Daniel Reyes,2026-06-27,active,0,1112
544,Best Deal! Villa in Dubai Sports City,Built-in wardrobes throughout. Available for immediate move-in.,Villa,Dubai Sports City,25.044,55.19948,4,4527,0,22,0,19750,Layla Haddad,2026-04-03,active,0,544
527,2BR Apartment with Full Amenities - Arabian Ranches,Near international schools. Recently renovated kitchen and bathrooms. Shared pool and gym access.,2BR Apartment,Arabian Ranches,25.03544,55.29282,3,1129,0,7,21,8500,Michael Costa,2026-03-24,active,0,527
827,2BR Apartment with Full Amenities - Discovery Gardens,"Covered parking included. Landlord maintained, no agency fees. Built-in wardrobes throughout. Recently renovated kitchen and bathrooms.",2BR Apartment,Discovery Gardens,25.05916,55.15988,3,1047,0,11,35,5250,Chen Wei,2026-01-31,active,0,827
1480,Studio for Rent in Arabian Ranches - Prime Location,Covered parking included. Balcony with community view. Recently renovated kitchen and bathrooms.,Studio,Arabian Ranches,25.06829,55.25246,0,484,1,18,8,3750,Grace Okafor,2026-03-28,active,0,1480
2516,"Hot Deal - 3BR Apartment in Discovery Gardens, Call Now",Balcony with community view. Built-in wardrobes throughout. Covered parking included. Pet friendly building.,3BR Apartment,Discovery Gardens,25.05357,55.15368,3,1868,0,8,37,9000,Layla Haddad,2026-04-21,active,0,1630
1556,Exclusive 3BR Apartment in Jumeirah Lake Towers | High Floor,Covered parking included. Close to metro station and community mall. Built-in wardrobes throughout.,3BR Apartment,Jumeirah Lake Towers,25.08074,55.1237,4,1976,0,11,15,13500,Chen Wei,2026-01-24,active,0,1556
1980,"Upgraded 2BR Apartment in Arabian Ranches, Motivated Seller",Pet friendly building. Close to metro station and community mall. Balcony with community view.,2BR Apartment,Arabian Ranches,25.07506,55.28234,2,1373,1,6,16,9500,Michael Costa,2026-04-16,active,0,1980
1866,Studio with Full Amenities - Jumeirah Village Circle,"Landlord maintained, no agency fees. Recently renovated kitchen and bathrooms. Built-in wardrobes throughout. Covered parking included.",Studio,Jumeirah Village Circle,25.04371,55.21737,0,514,0,3,25,3000,Layla Haddad,2026-06-05,active,0,1866
1990,3BR Apartment with Full Amenities - Dubai Marina,Shared pool and gym access. Pet friendly building.,3BR Apartment,Dubai Marina,25.0882,55.16261,4,1504,1,12,42,14500,Fatima Al-Suwaidi,2026-06-22,active,0,1990
1635,"Upgraded Townhouse in Dubai Silicon Oasis, Motivated Seller",Covered parking included. Near international schools. Available for immediate move-in. Shared pool and gym access.,Townhouse,Dubai Silicon Oasis,25.14711,55.38812,4,1877,0,7,0,8500,Layla Haddad,2026-08-20,active,0,1635
968,Chiller Free 1BR Apartment in Jumeirah Village Circle,Pet friendly building. Balcony with community view. Close to metro station and community mall.,1BR Apartment,Jumeirah Village Circle,25.03826,55.22287,1,905,1,3,10,4750,Noor Abdullah,2026-08-10,active,0,968
406,3BR Apartment for Rent in Jumeirah Village Circle - Prime Location,Near international schools. Balcony with community view.,3BR Apartment,Jumeirah Village Circle,25.07425,55.2218,4,1441,0,22,36,7250,Daniel Reyes,2026-02-01,active,0,406
1167,Best Deal! 1BR Apartment in Dubai Sports City,Available for immediate move-in. Pet friendly building. Balcony with community view.,1BR Apartment,Dubai Sports City,25.06259,55.19896,2,738,0,8,40,3500,Omar Farouk,2026-03-31,active,0,1167
216,Best Deal! Townhouse in Dubai Sports City,Built-in wardrobes throughout. Available for immediate move-in. Pet friendly building.,Townhouse,Dubai Sports City,25.05613,55.21096,4,2452,1,16,0,10750,Layla Haddad,2026-07-31,active,0,216
448,Exclusive 3BR Apartment in Arabian Ranches | High Floor,Pet friendly building. Built-in wardrobes throughout. Close to metro station and community mall. Covered parking included.,3BR Apartment,Arabian Ranches,25.03593,55.24949,3,1816,1,21,34,11500,Elena Popescu,2026-03-13,active,0,448
1517,"Upgraded 2BR Apartment in Jumeirah Lake Towers, Motivated Seller",Balcony with community view. Available for immediate move-in. Pet friendly building.,2BR Apartment,Jumeirah Lake Towers,25.05491,55.13114,3,1057,1,3,31,8250,Layla Haddad,2026-01-02,active,0,1517
2343,Downtown Dubai Townhouse - Negotiable Price,Balcony with community view. Near international schools. Recently renovated kitchen and bathrooms.,Townhouse,Downtown Dubai,25.19666,55.27159,4,2506,0,20,0,25000,Grace Okafor,2026-02-27,active,0,1500
1811,2BR Apartment with Full Amenities - Business Bay,Shared pool and gym access. Pet friendly building. Recently renovated kitchen and bathrooms.,2BR Apartment,Business Bay,25.20574,55.27954,3,955,0,13,42,7500,Michael Costa,2026-04-28,active,0,1811
812,Stunning 3BR Apartment | Downtown Dubai | Vacant Soon,"Recently renovated kitchen and bathrooms. Landlord maintained, no agency fees. Near international schools. Covered parking included.",3BR Apartment,Downtown Dubai,25.21975,55.2705,4,1710,0,17,41,14750,Michael Costa,2026-01-31,active,0,812
1830,Chiller Free 1BR Apartment in Business Bay,"Built-in wardrobes throughout. Available for immediate move-in. Landlord maintained, no agency fees.",1BR Apartment,Business Bay,25.18147,55.27392,2,671,0,8,3,5250,Omar Farouk,2026-06-23,active,0,1830
1428,"Upgraded Studio in Al Furjan, Motivated Seller","Near international schools. Landlord maintained, no agency fees. Shared pool and gym access. Available for immediate move-in.",Studio,Al Furjan,25.00505,55.15181,0,510,1,22,35,2500,Hassan Ali,2026-01-03,active,0,1428
2170,Stunning Townhouse | Jumeirah Lake Towers | Vacant Soon,Near international schools. Recently renovated kitchen and bathrooms. Close to metro station and community mall.,Townhouse,Jumeirah Lake Towers,25.06512,55.14872,4,2475,1,16,0,20000,Hassan Ali,2026-08-17,active,0,2170
860,Stunning 3BR Apartment | Business Bay | Vacant Soon,Balcony with community view. Near international schools.,3BR Apartment,Business Bay,25.18299,55.26244,4,1874,0,12,21,14000,Daniel Reyes,2026-06-18,active,0,860
1563,Best Deal! 2BR Apartment in Discovery Gardens,"Landlord maintained, no agency fees. Balcony with community view. Pet friendly building.",2BR Apartment,Discovery Gardens,25.03388,55.14706,3,1244,0,20,10,5000,Grace Okafor,2026-05-19,active,0,1563
236,3BR Apartment for Rent in Jumeirah Lake Towers - Prime Location,Recently renovated kitchen and bathrooms. Close to metro station and community mall. Available for immediate move-in. Shared pool and gym access.,3BR Apartment,Jumeirah Lake Towers,25.07339,55.13766,3,1964,1,20,39,12000,Elena Popescu,2026-07-07,active,0,236
1023,Exclusive Studio in Dubai Silicon Oasis | High Floor,Near international schools. Recently renovated kitchen and bathrooms. Available for immediate move-in.,Studio,Dubai Silicon Oasis,25.1336,55.40189,0,464,1,22,3,1750,Elena Popescu,2026-01-04,active,0,1023
538,"Upgraded Studio in Dubai Marina, Motivated Seller",Balcony with community view. Covered parking included. Close to metro station and community mall.,Studio,Dubai Marina,25.08268,55.12867,0,518,0,10,6,4000,Fatima Al-Suwaidi,2026-02-11,active,0,538
1988,Chiller Free Townhouse in Jumeirah Village Circle,Covered parking included. Balcony with community view. Built-in wardrobes throughout.,Townhouse,Jumeirah Village Circle,25.07691,55.2246,4,1927,1,11,0,10500,Michael Costa,2026-03-11,active,0,1988
1587,Villa with Full Amenities - Palm Jumeirah,Recently renovated kitchen and bathrooms. Near international schools. Shared pool and gym access.,Villa,Palm Jumeirah,25.12094,55.12229,4,5011,1,18,0,58000,Omar Farouk,2026-07-19,active,0,1587
1643,Villa with Full Amenities - Jumeirah Village Circle,Close to metro station and community mall. Shared pool and gym access. Available for immediate move-in. Near international schools.,Villa,Jumeirah Village Circle,25.05826,55.20519,5,3845,1,9,0,20500,Yusuf Karimi,2026-04-10,active,0,1643
2357,Dubai Silicon Oasis Studio - Negotiable Price,Shared pool and gym access. Near international schools.,Studio,Dubai Silicon Oasis,25.13594,55.36416,0,528,0,5,2,2500,Anjali Menon,2026-01-23,active,0,275
2526,"Hot Deal - Studio in Al Furjan, Call Now",Available for immediate move-in. Shared pool and gym access. Balcony with community view. Near international schools.,Studio,Al Furjan,25.01591,55.14526,0,489,1,21,17,2500,Layla Haddad,2026-08-06,active,0,521
1948,Townhouse for Rent in Al Furjan - Prime Location,"Covered parking included. Near international schools. Landlord maintained, no agency fees.",Townhouse,Al Furjan,25.01221,55.14285,3,2526,0,4,0,13000,Hassan Ali,2026-08-03,active,0,1948
168,Best Deal! 3BR Apartment in Palm Jumeirah,Available for immediate move-in. Covered parking included. Balcony with community view. Close to metro station and community mall.,3BR Apartment,Palm Jumeirah,25.13402,55.1152,4,1408,1,9,37,22750,Grace Okafor,2026-07-17,active,0,168
126,Best Deal! Townhouse in Downtown Dubai,Recently renovated kitchen and bathrooms. Pet friendly building.,Townhouse,Downtown Dubai,25.21792,55.28418,3,2541,0,6,0,26750,Layla Haddad,2026-08-21,active,0,126
1801,Best Deal! 2BR Apartment in Downtown Dubai,Shared pool and gym access. Near international schools.,2BR Apartment,Downtown Dubai,25.18947,55.29705,3,1120,0,4,4,11250,Layla Haddad,2026-02-27,active,0,1801
1354,Townhouse for Rent in Mirdif - Prime Location,Recently renovated kitchen and bathrooms. Pet friendly building. Close to metro station and community mall.,Townhouse,Mirdif,25.20863,55.44352,3,2165,0,20,0,7750,Elena Popescu,2026-08-27,active,0,1354
1326,Studio with Full Amenities - Palm Jumeirah,Close to metro station and community mall. Built-in wardrobes throughout. Shared pool and gym access.,Studio,Palm Jumeirah,25.12173,55.14518,0,478,0,6,17,6500,Ravi Shankar,2026-05-28,active,0,1326
1126,Stunning 2BR Apartment | Business Bay | Vacant Soon,"Landlord maintained, no agency fees. Close to metro station and community mall. Available for immediate move-in. Covered parking included.",2BR Apartment,Business Bay,25.18211,55.27298,2,1075,0,7,36,8750,Hassan Ali,2026-04-17,active,0,1126
809,"Upgraded 3BR Apartment in Mirdif, Motivated Seller","Balcony with community view. Landlord maintained, no agency fees. Covered parking included. Shared pool and gym access.",3BR Apartment,Mirdif,25.22646,55.40019,4,1861,0,21,11,9500,Ravi Shankar,2026-02-07,active,0,809
348,"Upgraded Townhouse in Dubai Silicon Oasis, Motivated Seller",Recently renovated kitchen and bathrooms. Built-in wardrobes throughout.,Townhouse,Dubai Silicon Oasis,25.10979,55.36916,4,1918,1,7,0,8500,Elena Popescu,2026-06-23,active,0,348
669,Spacious 1BR Apartment in Dubai Silicon Oasis | Ready to Move,Shared pool and gym access. Pet friendly building.,1BR Apartment,Dubai Silicon Oasis,25.11514,55.38969,1,889,0,11,37,3500,Daniel Reyes,2026-06-11,active,0,669
2395,Must See! Villa Available in Arabian Ranches,"Landlord maintained, no agency fees. Balcony with community view. Close to metro station and community mall. Pet friendly building.",Villa,Arabian Ranches,25.0686,55.27025,6,5134,0,11,0,29000,Layla Haddad,2026-08-11,active,0,2090
883,Stunning Townhouse | Jumeirah Village Circle | Vacant Soon,Covered parking included. Pet friendly building. Balcony with community view.,Townhouse,Jumeirah Village Circle,25.03336,55.19602,4,2265,1,20,0,10000,Fatima Al-Suwaidi,2026-04-10,active,0,883
1206,Best Deal! Studio in Downtown Dubai,Pet friendly building. Recently renovated kitchen and bathrooms. Covered parking included.,Studio,Downtown Dubai,25.17755,55.28389,0,532,0,18,40,5750,Layla Haddad,2026-01-09,active,0,1206
1193,Best Deal! 3BR Apartment in Jumeirah Village Circle,Pet friendly building. Close to metro station and community mall. Available for immediate move-in.,3BR Apartment,Jumeirah Village Circle,25.04723,55.19227,3,1668,0,4,30,8000,Priya Nair,2026-03-21,active,0,1193
91,3BR Apartment for Rent in Al Furjan - Prime Location,"Shared pool and gym access. Recently renovated kitchen and bathrooms. Landlord maintained, no agency fees. Near international schools.",3BR Apartment,Al Furjan,25.04815,55.13272,4,1850,0,12,22,11000,Fatima Al-Suwaidi,2026-05-13,active,0,91
2304,Studio in Dubai Sports City | Well Maintained,Available for immediate move-in. Covered parking included.,Studio,Dubai Sports City,25.029,55.21908,0,468,0,21,24,1500,Grace Okafor,2026-05-08,active,0,35
648,2BR Apartment with Full Amenities - Jumeirah Lake Towers,Recently renovated kitchen and bathrooms. Covered parking included. Shared pool and gym access.,2BR Apartment,Jumeirah Lake Towers,25.07235,55.14157,2,1167,0,0,20,8250,Anjali Menon,2026-05-01,active,0,648
675,Stunning Villa | Jumeirah Village Circle | Vacant Soon,Near international schools. Shared pool and gym access. Pet friendly building.,Villa,Jumeirah Village Circle,25.03424,55.23223,5,3742,1,6,0,17000,Anjali Menon,2026-02-16,active,0,675
232,Exclusive Villa in Discovery Gardens | High Floor,"Available for immediate move-in. Recently renovated kitchen and bathrooms. Near international schools. Landlord maintained, no agency fees.",Villa,Discovery Gardens,25.05221,55.16458,5,4328,0,0,0,21250,Ravi Shankar,2026-01-02,active,0,232
1844,Spacious 2BR Apartment in Dubai Sports City | Ready to Move,Pet friendly building. Available for immediate move-in. Covered parking included. Balcony with community view.,2BR Apartment,Dubai Sports City,25.05503,55.23282,2,1082,0,7,7,5250,Hassan Ali,2026-03-13,active,0,1844
988,1BR Apartment for Rent in Jumeirah Village Circle - Prime Location,Pet friendly building. Close to metro station and community mall.,1BR Apartment,Jumeirah Village Circle,25.06905,55.21118,2,839,0,19,37,4250,Priya Nair,2026-08-19,active,0,988
496,Best Deal! Townhouse in Discovery Gardens,Balcony with community view. Available for immediate move-in. Close to metro station and community mall. Recently renovated kitchen and bathrooms.,Townhouse,Discovery Gardens,25.0397,55.12375,4,1883,1,15,0,10750,Ravi Shankar,2026-03-17,active,0,496
1599,Chiller Free Villa in Mirdif,"Pet friendly building. Landlord maintained, no agency fees. Shared pool and gym access.",Villa,Mirdif,25.23469,55.39657,5,5074,0,6,0,20750,Sofia Marchetti,2026-07-13,active,0,1599
2349,Brand New Listing: Villa in Downtown Dubai,Pet friendly building. Covered parking included. Recently renovated kitchen and bathrooms.,Villa,Downtown Dubai,25.1939,55.27835,6,3336,0,16,0,37500,Omar Farouk,2026-02-23,active,0,823
432,Villa for Rent in Dubai Silicon Oasis - Prime Location,Covered parking included. Pet friendly building. Available for immediate move-in. Close to metro station and community mall.,Villa,Dubai Silicon Oasis,25.13572,55.4045,5,4507,0,4,0,18000,Sofia Marchetti,2026-06-30,active,0,432
1367,Spacious 3BR Apartment in Dubai Marina | Ready to Move,Built-in wardrobes throughout. Balcony with community view. Available for immediate move-in. Pet friendly building.,3BR Apartment,Dubai Marina,25.09255,55.12009,3,1434,1,6,4,12000,Elena Popescu,2026-03-27,active,0,1367
1066,Stunning Villa | Palm Jumeirah | Vacant Soon,Covered parking included. Near international schools. Recently renovated kitchen and bathrooms. Built-in wardrobes throughout.,Villa,Palm Jumeirah,25.11744,55.14813,5,4819,0,19,0,67000,Anjali Menon,2026-08-27,active,0,1066
1823,Townhouse with Full Amenities - Al Furjan,Near international schools. Pet friendly building. Shared pool and gym access.,Townhouse,Al Furjan,25.03513,55.15284,3,2097,0,0,0,12000,Anjali Menon,2026-05-03,active,0,1823
2157,Best Deal! Townhouse in Jumeirah Village Circle,Near international schools. Built-in wardrobes throughout. Shared pool and gym access. Recently renovated kitchen and bathrooms.,Townhouse,Jumeirah Village Circle,25.06691,55.22701,3,2028,1,10,0,11250,Layla Haddad,2026-04-20,active,0,2157
1253,Chiller Free 2BR Apartment in Al Furjan,"Pet friendly building. Landlord maintained, no agency fees.",2BR Apartment,Al Furjan,25.03132,55.14312,3,1020,0,22,7,4500,Michael Costa,2026-07-11,active,0,1253
914,"Upgraded Studio in Al Furjan, Motivated Seller",Pet friendly building. Shared pool and gym access.,Studio,Al Furjan,25.01983,55.17201,0,403,1,1,19,2000,Grace Okafor,2026-01-06,active,0,914
1717,3BR Apartment for Rent in Jumeirah Village Circle - Prime Location,"Landlord maintained, no agency fees. Balcony with community view. Shared pool and gym access. Pet friendly building.",3BR Apartment,Jumeirah Village Circle,25.06494,55.19164,3,1586,0,17,42,7250,Noor Abdullah,2026-07-08,active,0,1717
791,Best Deal! 2BR Apartment in Dubai Sports City,Balcony with community view. Built-in wardrobes throughout. Close to metro station and community mall.,2BR Apartment,Dubai Sports City,25.04399,55.20397,2,991,0,14,39,4750,Grace Okafor,2026-04-10,active,0,791
81,Chiller Free Villa in Discovery Gardens,Covered parking included. Balcony with community view.,Villa,Discovery Gardens,25.02255,55.13419,4,4956,1,21,0,22250,Daniel Reyes,2026-02-24,active,0,81
1185,Spacious Townhouse in Dubai Marina | Ready to Move,Recently renovated kitchen and bathrooms. Balcony with community view.,Townhouse,Dubai Marina,25.06547,55.15164,3,1961,1,18,0,19500,Hassan Ali,2026-07-02,active,0,1185
443,Stunning 2BR Apartment | Mirdif | Vacant Soon,"Close to metro station and community mall. Pet friendly building. Landlord maintained, no agency fees. Available for immediate move-in.",2BR Apartment,Mirdif,25.22544,55.41676,3,1275,1,22,29,5750,Layla Haddad,2026-03-26,active,0,443
1182,Exclusive Townhouse in Discovery Gardens | High Floor,Covered parking included. Pet friendly building.,Townhouse,Discovery Gardens,25.03377,55.12234,3,2348,0,8,0,11250,Noor Abdullah,2026-05-12,active,0,1182
149,"Upgraded 3BR Apartment in Dubai Sports City, Motivated Seller","Landlord maintained, no agency fees. Close to metro station and community mall. Built-in wardrobes throughout.",3BR Apartment,Dubai Sports City,25.06789,55.21703,3,1833,1,20,35,8250,Priya Nair,2026-02-05,active,0,149
2120,Villa for Rent in Dubai Marina - Prime Location,Near international schools. Built-in wardrobes throughout. Pet friendly building.,Villa,Dubai Marina,25.07168,55.12417,5,3816,1,3,0,32000,Grace Okafor,2026-02-02,active,0,2120
1312,Spacious Villa in Dubai Silicon Oasis | Ready to Move,Built-in wardrobes throughout. Shared pool and gym access. Pet friendly building. Recently renovated kitchen and bathrooms.,Villa,Dubai Silicon Oasis,25.10925,55.39982,4,3163,0,7,0,13500,Priya Nair,2026-02-17,active,0,1312
1910,1BR Apartment with Full Amenities - Dubai Silicon Oasis,Available for immediate move-in. Built-in wardrobes throughout. Pet friendly building. Near international schools.,1BR Apartment,Dubai Silicon Oasis,25.11063,55.40371,2,767,0,17,18,2500,Yusuf Karimi,2026-04-16,active,0,1910
2105,Chiller Free 2BR Apartment in Dubai Silicon Oasis,Close to metro station and community mall. Available for immediate move-in.,2BR Apartment,Dubai Silicon Oasis,25.11151,55.36178,2,1297,0,18,40,4500,Layla Haddad,2026-03-10,active,0,2105
473,Chiller Free Studio in Jumeirah Village Circle,Built-in wardrobes throughout. Shared pool and gym access. Covered parking included.,Studio,Jumeirah Village Circle,25.05233,55.18484,0,509,0,10,27,2750,Noor Abdullah,2026-01-19,active,0,473
206,Spacious 1BR Apartment in Dubai Marina | Ready to Move,Near international schools. Available for immediate move-in. Close to metro station and community mall.,1BR Apartment,Dubai Marina,25.0852,55.1177,1,764,0,4,14,7250,Grace Okafor,2026-06-16,active,0,206
1545,Studio with Full Amenities - Jumeirah Lake Towers,"Built-in wardrobes throughout. Landlord maintained, no agency fees. Pet friendly building. Covered parking included.",Studio,Jumeirah Lake Towers,25.08137,55.1528,0,495,0,2,7,4250,Sofia Marchetti,2026-06-07,active,0,1545
1640,"Upgraded Studio in Mirdif, Motivated Seller","Landlord maintained, no agency fees. Close to metro station and community mall. Built-in wardrobes throughout.",Studio,Mirdif,25.22319,55.42914,0,478,0,17,34,1750,Omar Farouk,2026-04-01,active,0,1640
1783,3BR Apartment with Full Amenities - Dubai Sports City,Balcony with community view. Recently renovated kitchen and bathrooms. Pet friendly building. Built-in wardrobes throughout.,3BR Apartment,Dubai Sports City,25.06391,55.20318,3,2058,0,4,32,10250,Yusuf Karimi,2026-05-31,active,0,1783
1271,1BR Apartment with Full Amenities - Mirdif,Pet friendly building. Close to metro station and community mall.,1BR Apartment,Mirdif,25.20198,55.42176,1,911,1,0,13,5500,Anjali Menon,2026-02-09,active,0,1271
645,"Upgraded Studio in Mirdif, Motivated Seller",Shared pool and gym access. Covered parking included. Available for immediate move-in.,Studio,Mirdif,25.2388,55.3979,0,512,1,17,13,2750,Elena Popescu,2026-02-11,active,0,645
2150,Chiller Free Villa in Jumeirah Lake Towers,Close to metro station and community mall. Balcony with community view. Shared pool and gym access. Pet friendly building.,Villa,Jumeirah Lake Towers,25.06339,55.14289,4,3596,1,3,0,28750,Michael Costa,2026-06-20,active,0,2150
965,Spacious Townhouse in Mirdif | Ready to Move,Close to metro station and community mall. Near international schools.,Townhouse,Mirdif,25.2407,55.40791,4,2165,1,20,0,10000,Hassan Ali,2026-07-22,active,0,965
2620,"URGENT SALE Upgraded 3BR Apartment in Palm Jumeirah, Motivated Seller",Available for immediate move-in. Covered parking included.,3BR Apartment,Palm Jumeirah,25.12787,55.15257,3,1745,0,3,35,13911,Layla Haddad,2026-05-16,active,1,2620
1527,Chiller Free Villa in Discovery Gardens,"Shared pool and gym access. Balcony with community view. Landlord maintained, no agency fees.",Villa,Discovery Gardens,25.05931,55.13881,5,2995,0,7,0,15500,Daniel Reyes,2026-08-10,active,0,1527
88,Spacious Villa in Business Bay | Ready to Move,Pet friendly building. Close to metro station and community mall. Shared pool and gym access.,Villa,Business Bay,25.21125,55.25078,4,3150,0,11,0,20000,Sofia Marchetti,2026-05-10,active,0,88
1712,Stunning Studio | Dubai Sports City | Vacant Soon,"Covered parking included. Close to metro station and community mall. Built-in wardrobes throughout. Landlord maintained, no agency fees.",Studio,Dubai Sports City,25.0351,55.21376,0,542,1,21,1,2500,Hassan Ali,2026-02-13,active,0,1712
740,Exclusive Townhouse in Dubai Sports City | High Floor,"Landlord maintained, no agency fees. Pet friendly building. Balcony with community view.",Townhouse,Dubai Sports City,25.05813,55.20291,4,2557,0,7,0,10500,Noor Abdullah,2026-01-24,active,0,740
2623,URGENT SALE 2BR Apartment with Full Amenities - Discovery Gardens,Recently renovated kitchen and bathrooms. Built-in wardrobes throughout.,2BR Apartment,Discovery Gardens,25.05206,55.13803,3,962,0,18,8,2174,Sofia Marchetti,2026-02-23,active,1,2623
781,Chiller Free 3BR Apartment in Downtown Dubai,Available for immediate move-in. Close to metro station and community mall.,3BR Apartment,Downtown Dubai,25.17618,55.29811,4,1602,0,15,39,18750,Layla Haddad,2026-08-09,active,0,781
1575,2BR Apartment for Rent in Arabian Ranches - Prime Location,"Shared pool and gym access. Landlord maintained, no agency fees. Close to metro station and community mall. Recently renovated kitchen and bathrooms.",2BR Apartment,Arabian Ranches,25.06557,55.2909,3,1232,1,21,38,9250,Elena Popescu,2026-04-03,active,0,1575
69,Spacious 3BR Apartment in Mirdif | Ready to Move,Near international schools. Close to metro station and community mall. Balcony with community view. Pet friendly building.,3BR Apartment,Mirdif,25.22693,55.41155,4,1629,0,11,36,7250,Sofia Marchetti,2026-08-05,active,0,69
1611,Exclusive Studio in Business Bay | High Floor,"Landlord maintained, no agency fees. Balcony with community view.",Studio,Business Bay,25.1892,55.2617,0,443,0,15,3,3750,Anjali Menon,2026-05-24,active,0,1611
1077,1BR Apartment for Rent in Discovery Gardens - Prime Location,Shared pool and gym access. Available for immediate move-in.,1BR Apartment,Discovery Gardens,25.05511,55.15411,2,683,1,10,30,3750,Chen Wei,2026-05-27,active,0,1077
1483,"Upgraded 1BR Apartment in Dubai Marina, Motivated Seller",Balcony with community view. Built-in wardrobes throughout.,1BR Apartment,Dubai Marina,25.08065,55.13793,2,843,0,16,16,7000,Fatima Al-Suwaidi,2026-08-29,active,0,1483
1362,Best Deal! 2BR Apartment in Jumeirah Lake Towers,Recently renovated kitchen and bathrooms. Near international schools.,2BR Apartment,Jumeirah Lake Towers,25.09056,55.1312,2,1299,1,17,26,9000,Grace Okafor,2026-05-01,active,0,1362
1877,Best Deal! Villa in Jumeirah Lake Towers,"Landlord maintained, no agency fees. Pet friendly building. Near international schools. Close to metro station and community mall.",Villa,Jumeirah Lake Towers,25.06108,55.12473,4,4414,0,1,0,31000,Yusuf Karimi,2026-08-20,active,0,1877
1345,Stunning 3BR Apartment | Dubai Marina | Vacant Soon,"Available for immediate move-in. Covered parking included. Landlord maintained, no agency fees.",3BR Apartment,Dubai Marina,25.06925,55.15062,4,1797,0,19,3,16750,Priya Nair,2026-07-19,active,0,1345
2571,URGENT SALE Exclusive 2BR Apartment in Dubai Marina | High Floor,"Landlord maintained, no agency fees. Covered parking included.",2BR Apartment,Dubai Marina,25.05862,55.14408,3,1054,0,9,11,3536,Elena Popescu,2026-06-12,active,1,2571
1586,Best Deal! Townhouse in Jumeirah Village Circle,Pet friendly building. Covered parking included. Close to metro station and community mall.,Townhouse,Jumeirah Village Circle,25.06686,55.19152,3,1899,0,22,0,9000,Omar Farouk,2026-03-29,active,0,1586
943,Townhouse with Full Amenities - Dubai Silicon Oasis,Balcony with community view. Available for immediate move-in. Shared pool and gym access.,Townhouse,Dubai Silicon Oasis,25.12143,55.377,3,1839,1,3,0,7250,Daniel Reyes,2026-08-07,active,0,943
873,2BR Apartment with Full Amenities - Discovery Gardens,"Close to metro station and community mall. Landlord maintained, no agency fees. Near international schools.",2BR Apartment,Discovery Gardens,25.03119,55.15499,2,1367,1,4,18,6750,Chen Wei,2026-03-20,active,0,873
2217,"Hot Deal - Villa in Business Bay, Call Now",Pet friendly building. Available for immediate move-in. Recently renovated kitchen and bathrooms. Near international schools.,Villa,Business Bay,25.21224,55.25092,4,3165,0,11,0,21000,Michael Costa,2026-05-25,active,0,88
2424,Brand New Listing: Studio in Palm Jumeirah,"Landlord maintained, no agency fees. Available for immediate move-in.",Studio,Palm Jumeirah,25.12137,55.1458,0,478,0,6,17,6500,Daniel Reyes,2026-06-18,active,0,1326
2091,Villa for Rent in Business Bay - Prime Location,Near international schools. Shared pool and gym access.,Villa,Business Bay,25.21118,55.2833,4,3760,1,14,0,33250,Layla Haddad,2026-01-20,active,0,2091
375,Chiller Free 2BR Apartment in Business Bay,Near international schools. Available for immediate move-in. Close to metro station and community mall.,2BR Apartment,Business Bay,25.16631,55.26279,3,1144,0,16,15,8000,Priya Nair,2026-05-14,active,0,375
1897,Chiller Free Villa in Jumeirah Lake Towers,Balcony with community view. Built-in wardrobes throughout.,Villa,Jumeirah Lake Towers,25.0625,55.12845,4,3232,0,4,0,21750,Hassan Ali,2026-06-18,active,0,1897
1543,Chiller Free 3BR Apartment in Jumeirah Lake Towers,Covered parking included. Close to metro station and community mall. Recently renovated kitchen and bathrooms. Pet friendly building.,3BR Apartment,Jumeirah Lake Towers,25.04747,55.13312,4,1593,1,22,39,13000,Ravi Shankar,2026-04-05,active,0,1543
1535,"Upgraded 3BR Apartment in Discovery Gardens, Motivated Seller","Balcony with community view. Built-in wardrobes throughout. Shared pool and gym access. Landlord maintained, no agency fees.",3BR Apartment,Discovery Gardens,25.0637,55.14871,3,1997,0,21,42,10000,Layla Haddad,2026-06-07,active,0,1535
2412,"Hot Deal - 1BR Apartment in Jumeirah Village Circle, Call Now","Near international schools. Landlord maintained, no agency fees. Available for immediate move-in. Covered parking included.",1BR Apartment,Jumeirah Village Circle,25.04483,55.20869,1,787,0,2,11,5000,Fatima Al-Suwaidi,2026-04-16,active,0,1238
1202,Chiller Free Villa in Al Furjan,"Available for immediate move-in. Landlord maintained, no agency fees.",Villa,Al Furjan,25.00242,55.13104,4,3932,0,20,0,19250,Ravi Shankar,2026-07-01,active,0,1202
674,Best Deal! 1BR Apartment in Arabian Ranches,"Balcony with community view. Covered parking included. Built-in wardrobes throughout. Landlord maintained, no agency fees.",1BR Apartment,Arabian Ranches,25.04319,55.28656,2,854,0,9,28,5750,Layla Haddad,2026-05-31,active,0,674
86,Stunning 1BR Apartment | Business Bay | Vacant Soon,"Landlord maintained, no agency fees. Available for immediate move-in. Shared pool and gym access. Close to metro station and community mall.",1BR Apartment,Business Bay,25.20101,55.24998,1,669,1,15,9,5500,Hassan Ali,2026-02-25,active,0,86
1663,Best Deal! 1BR Apartment in Mirdif,"Pet friendly building. Built-in wardrobes throughout. Near international schools. Landlord maintained, no agency fees.",1BR Apartment,Mirdif,25.20166,55.4062,1,857,0,0,4,4750,Yusuf Karimi,2026-04-24,active,0,1663
1551,Exclusive Studio in Discovery Gardens | High Floor,Near international schools. Available for immediate move-in.,Studio,Discovery Gardens,25.01623,55.15896,0,464,0,16,42,2000,Layla Haddad,2026-04-13,active,0,1551
1805,Studio with Full Amenities - Jumeirah Village Circle,Covered parking included. Near international schools.,Studio,Jumeirah Village Circle,25.07928,55.186,0,439,0,22,31,2250,Chen Wei,2026-05-20,active,0,1805
325,Best Deal! 1BR Apartment in Dubai Sports City,"Available for immediate move-in. Near international schools. Shared pool and gym access. Landlord maintained, no agency fees.",1BR Apartment,Dubai Sports City,25.04912,55.19447,1,882,0,17,29,3500,Hassan Ali,2026-05-08,active,0,325
794,"Upgraded Studio in Arabian Ranches, Motivated Seller","Pet friendly building. Built-in wardrobes throughout. Balcony with community view. Landlord maintained, no agency fees.",Studio,Arabian Ranches,25.06779,55.26415,0,450,0,6,39,3000,Layla Haddad,2026-02-01,active,0,794
1405,Best Deal! Villa in Al Furjan,"Shared pool and gym access. Balcony with community view. Landlord maintained, no agency fees.",Villa,Al Furjan,25.01319,55.13876,5,5094,1,18,0,28500,Fatima Al-Suwaidi,2026-05-12,active,0,1405
274,Stunning 3BR Apartment | Dubai Marina | Vacant Soon,Available for immediate move-in. Balcony with community view.,3BR Apartment,Dubai Marina,25.07797,55.15627,4,1848,0,17,32,14500,Hassan Ali,2026-03-12,active,0,274
2514,"Hot Deal - Townhouse in Business Bay, Call Now",Balcony with community view. Recently renovated kitchen and bathrooms.,Townhouse,Business Bay,25.19001,55.23891,3,2370,1,7,0,18500,Anjali Menon,2026-03-23,active,0,1623
477,Exclusive 2BR Apartment in Dubai Marina | High Floor,Recently renovated kitchen and bathrooms. Built-in wardrobes throughout. Available for immediate move-in. Near international schools.,2BR Apartment,Dubai Marina,25.08684,55.14653,3,1370,1,21,5,10250,Layla Haddad,2026-02-12,active,0,477
1555,"Upgraded 3BR Apartment in Mirdif, Motivated Seller",Covered parking included. Available for immediate move-in. Balcony with community view. Built-in wardrobes throughout.,3BR Apartment,Mirdif,25.22028,55.4115,3,1481,0,19,1,6000,Fatima Al-Suwaidi,2026-07-06,active,0,1555
1768,Exclusive 1BR Apartment in Business Bay | High Floor,Covered parking included. Recently renovated kitchen and bathrooms. Pet friendly building. Available for immediate move-in.,1BR Apartment,Business Bay,25.17388,55.25965,2,709,0,3,37,6500,Daniel Reyes,2026-02-19,active,0,1768
118,Chiller Free Townhouse in Downtown Dubai,Pet friendly building. Balcony with community view.,Townhouse,Downtown Dubai,25.19786,55.27224,3,2349,1,10,0,29500,Omar Farouk,2026-05-06,active,0,118
2562,"Hot Deal - 1BR Apartment in Jumeirah Village Circle, Call Now",Recently renovated kitchen and bathrooms. Close to metro station and community mall.,1BR Apartment,Jumeirah Village Circle,25.06858,55.19989,2,721,1,13,18,4500,Elena Popescu,2026-02-18,active,0,2089
2368,Must See! 1BR Apartment Available in Jumeirah Village Circle,Built-in wardrobes throughout. Pet friendly building. Balcony with community view. Near international schools.,1BR Apartment,Jumeirah Village Circle,25.04334,55.21911,1,836,0,15,12,4500,Yusuf Karimi,2026-08-01,active,0,2018
209,Villa for Rent in Downtown Dubai - Prime Location,"Recently renovated kitchen and bathrooms. Landlord maintained, no agency fees. Near international schools. Built-in wardrobes throughout.",Villa,Downtown Dubai,25.18376,55.29883,5,4768,1,0,0,46000,Priya Nair,2026-05-07,active,0,209
475,Spacious Villa in Palm Jumeirah | Ready to Move,Available for immediate move-in. Covered parking included. Pet friendly building. Built-in wardrobes throughout.,Villa,Palm Jumeirah,25.08979,55.14574,6,4400,1,21,0,62250,Chen Wei,2026-02-25,active,0,475
1163,Stunning Studio | Jumeirah Village Circle | Vacant Soon,"Landlord maintained, no agency fees. Shared pool and gym access. Available for immediate move-in. Covered parking included.",Studio,Jumeirah Village Circle,25.03273,55.23001,0,477,1,12,40,2250,Layla Haddad,2026-04-27,active,0,1163
2144,1BR Apartment with Full Amenities - Al Furjan,Recently renovated kitchen and bathrooms. Built-in wardrobes throughout. Pet friendly building.,1BR Apartment,Al Furjan,25.03683,55.12435,1,811,1,15,33,4750,Omar Farouk,2026-08-06,active,0,2144
861,"Upgraded Studio in Business Bay, Motivated Seller","Built-in wardrobes throughout. Landlord maintained, no agency fees. Close to metro station and community mall. Pet friendly building.",Studio,Business Bay,25.18634,55.27932,0,415,1,19,32,3750,Daniel Reyes,2026-06-11,active,0,861
1962,Exclusive 1BR Apartment in Palm Jumeirah | High Floor,"Close to metro station and community mall. Pet friendly building. Landlord maintained, no agency fees. Balcony with community view.",1BR Apartment,Palm Jumeirah,25.09643,55.15782,2,911,0,12,42,10750,Noor Abdullah,2026-05-21,active,0,1962
1289,1BR Apartment for Rent in Dubai Marina - Prime Location,Covered parking included. Available for immediate move-in. Pet friendly building. Recently renovated kitchen and bathrooms.,1BR Apartment,Dubai Marina,25.066,55.11732,2,864,1,18,12,9000,Chen Wei,2026-06-02,active,0,1289
1382,Stunning Studio | Mirdif | Vacant Soon,"Landlord maintained, no agency fees. Close to metro station and community mall. Recently renovated kitchen and bathrooms.",Studio,Mirdif,25.21187,55.43202,0,485,0,17,15,2000,Omar Farouk,2026-04-10,active,0,1382
243,"Upgraded 1BR Apartment in Dubai Silicon Oasis, Motivated Seller","Landlord maintained, no agency fees. Recently renovated kitchen and bathrooms. Covered parking included.",1BR Apartment,Dubai Silicon Oasis,25.11731,55.36391,1,762,0,19,10,3000,Priya Nair,2026-03-09,active,0,243
1616,Best Deal! Villa in Jumeirah Lake Towers,Available for immediate move-in. Covered parking included. Shared pool and gym access. Near international schools.,Villa,Jumeirah Lake Towers,25.07966,55.11792,4,5023,0,6,0,32500,Priya Nair,2026-05-07,active,0,1616
1397,Spacious 1BR Apartment in Palm Jumeirah | Ready to Move,Recently renovated kitchen and bathrooms. Close to metro station and community mall. Near international schools.,1BR Apartment,Palm Jumeirah,25.11002,55.15413,1,795,1,8,31,10500,Layla Haddad,2026-03-18,active,0,1397
2308,Must See! 2BR Apartment Available in Dubai Marina,Built-in wardrobes throughout. Near international schools. Balcony with community view. Shared pool and gym access.,2BR Apartment,Dubai Marina,25.08754,55.11793,2,1396,1,15,27,12000,Elena Popescu,2026-01-24,active,0,1530
2030,Best Deal! 3BR Apartment in Al Furjan,"Covered parking included. Landlord maintained, no agency fees. Close to metro station and community mall. Pet friendly building.",3BR Apartment,Al Furjan,25.00382,55.1293,4,1607,0,7,11,8750,Chen Wei,2026-05-20,active,0,2030
45,2BR Apartment with Full Amenities - Discovery Gardens,Close to metro station and community mall. Balcony with community view. Pet friendly building. Near international schools.,2BR Apartment,Discovery Gardens,25.04738,55.1652,2,1259,1,2,15,8250,Hassan Ali,2026-06-22,active,0,45
292,Spacious 2BR Apartment in Dubai Marina | Ready to Move,Near international schools. Covered parking included. Balcony with community view. Pet friendly building.,2BR Apartment,Dubai Marina,25.10036,55.14815,2,1300,1,20,20,10750,Anjali Menon,2026-08-13,active,0,292
2450,Brand New Listing: 3BR Apartment in Al Furjan,Shared pool and gym access. Pet friendly building. Covered parking included.,3BR Apartment,Al Furjan,25.02933,55.13034,4,1984,1,0,36,12500,Yusuf Karimi,2026-07-17,active,0,399
870,Chiller Free 1BR Apartment in Downtown Dubai,"Pet friendly building. Shared pool and gym access. Built-in wardrobes throughout. Landlord maintained, no agency fees.",1BR Apartment,Downtown Dubai,25.19064,55.2944,1,747,0,15,38,9000,Elena Popescu,2026-06-18,active,0,870
1549,"Upgraded Villa in Dubai Sports City, Motivated Seller","Balcony with community view. Landlord maintained, no agency fees. Pet friendly building.",Villa,Dubai Sports City,25.02276,55.20286,4,3153,0,0,0,13500,Noor Abdullah,2026-06-12,active,0,1549
2136,Stunning Villa | Business Bay | Vacant Soon,"Near international schools. Available for immediate move-in. Landlord maintained, no agency fees. Pet friendly building.",Villa,Business Bay,25.20113,55.24759,6,4384,1,18,0,34750,Layla Haddad,2026-07-28,active,0,2136
1235,Spacious 2BR Apartment in Jumeirah Lake Towers | Ready to Move,Covered parking included. Built-in wardrobes throughout.,2BR Apartment,Jumeirah Lake Towers,25.04766,55.1251,3,1227,0,1,38,8500,Priya Nair,2026-02-22,active,0,1235
1945,Villa for Rent in Dubai Silicon Oasis - Prime Location,Available for immediate move-in. Shared pool and gym access. Recently renovated kitchen and bathrooms. Pet friendly building.,Villa,Dubai Silicon Oasis,25.14637,55.39543,6,4741,1,6,0,20000,Omar Farouk,2026-01-01,active,0,1945
1309,"Upgraded 1BR Apartment in Arabian Ranches, Motivated Seller",Recently renovated kitchen and bathrooms. Built-in wardrobes throughout.,1BR Apartment,Arabian Ranches,25.06092,55.29478,2,741,1,2,14,4750,Chen Wei,2026-03-09,active,0,1309
1495,Townhouse for Rent in Discovery Gardens - Prime Location,Near international schools. Close to metro station and community mall.,Townhouse,Discovery Gardens,25.03366,55.16623,3,1916,0,5,0,9250,Fatima Al-Suwaidi,2026-02-27,active,0,1495
1493,Spacious Townhouse in Jumeirah Lake Towers | Ready to Move,"Shared pool and gym access. Built-in wardrobes throughout. Landlord maintained, no agency fees.",Townhouse,Jumeirah Lake Towers,25.07123,55.14567,4,2032,1,12,0,18750,Yusuf Karimi,2026-03-09,active,0,1493
1837,Exclusive 2BR Apartment in Dubai Sports City | High Floor,Built-in wardrobes throughout. Covered parking included.,2BR Apartment,Dubai Sports City,25.05402,55.22416,3,990,1,21,40,4750,Elena Popescu,2026-04-24,active,0,1837
2629,URGENT SALE Studio for Rent in Jumeirah Lake Towers - Prime Location,"Available for immediate move-in. Landlord maintained, no agency fees. Built-in wardrobes throughout.",Studio,Jumeirah Lake Towers,25.07392,55.13763,0,451,0,10,23,1486,Omar Farouk,2026-02-19,active,1,2629
1653,3BR Apartment with Full Amenities - Dubai Silicon Oasis,Available for immediate move-in. Shared pool and gym access. Covered parking included. Built-in wardrobes throughout.,3BR Apartment,Dubai Silicon Oasis,25.10192,55.40072,3,2026,1,17,19,7750,Priya Nair,2026-05-23,active,0,1653
271,Spacious Villa in Business Bay | Ready to Move,"Covered parking included. Recently renovated kitchen and bathrooms. Landlord maintained, no agency fees. Built-in wardrobes throughout.",Villa,Business Bay,25.18391,55.23885,5,2972,0,17,0,22000,Daniel Reyes,2026-02-20,active,0,271
2447,Must See! Townhouse Available in Jumeirah Village Circle,Recently renovated kitchen and bathrooms. Close to metro station and community mall. Pet friendly building.,Townhouse,Jumeirah Village Circle,25.0723,55.20552,4,2218,1,11,0,11000,Noor Abdullah,2026-04-17,active,0,433
1471,Spacious 3BR Apartment in Business Bay | Ready to Move,Built-in wardrobes throughout. Pet friendly building. Covered parking included. Near international schools.,3BR Apartment,Business Bay,25.17182,55.27385,4,1766,1,14,17,12500,Omar Farouk,2026-03-30,active,0,1471
744,Exclusive 3BR Apartment in Dubai Silicon Oasis | High Floor,"Near international schools. Built-in wardrobes throughout. Landlord maintained, no agency fees. Covered parking included.",3BR Apartment,Dubai Silicon Oasis,25.11691,55.4023,3,1969,0,18,13,7000,Elena Popescu,2026-08-16,active,0,744
1192,Villa with Full Amenities - Business Bay,Balcony with community view. Shared pool and gym access.,Villa,Business Bay,25.16924,55.26464,6,5008,0,22,0,34000,Yusuf Karimi,2026-05-12,active,0,1192
1504,Villa with Full Amenities - Jumeirah Village Circle,Near international schools. Recently renovated kitchen and bathrooms. Covered parking included.,Villa,Jumeirah Village Circle,25.06867,55.21204,5,3546,0,12,0,20000,Ravi Shankar,2026-03-01,active,0,1504
1930,Stunning Townhouse | Dubai Marina | Vacant Soon,Recently renovated kitchen and bathrooms. Balcony with community view. Shared pool and gym access.,Townhouse,Dubai Marina,25.0568,55.12173,4,2067,0,0,0,18250,Noor Abdullah,2026-02-07,active,0,1930
682,Best Deal! Villa in Discovery Gardens,Close to metro station and community mall. Built-in wardrobes throughout. Pet friendly building. Recently renovated kitchen and bathrooms.,Villa,Discovery Gardens,25.05284,55.14125,6,3124,0,13,0,16500,Ravi Shankar,2026-03-19,active,0,682
133,Chiller Free 3BR Apartment in Jumeirah Village Circle,Close to metro station and community mall. Recently renovated kitchen and bathrooms. Near international schools.,3BR Apartment,Jumeirah Village Circle,25.07747,55.21248,3,1844,0,10,37,11500,Michael Costa,2026-02-28,active,0,133
2297,"Hot Deal - Studio in Jumeirah Village Circle, Call Now",Built-in wardrobes throughout. Pet friendly building.,Studio,Jumeirah Village Circle,25.07874,55.18531,0,439,0,22,31,2000,Michael Costa,2026-06-04,active,0,1805
524,Exclusive Villa in Dubai Marina | High Floor,"Landlord maintained, no agency fees. Balcony with community view.",Villa,Dubai Marina,25.09196,55.12464,5,4201,0,19,0,36500,Omar Farouk,2026-05-05,active,0,524
963,Best Deal! Townhouse in Dubai Silicon Oasis,Balcony with community view. Close to metro station and community mall.,Townhouse,Dubai Silicon Oasis,25.13902,55.39494,3,2309,0,6,0,9000,Sofia Marchetti,2026-05-29,active,0,963
328,Spacious Studio in Business Bay | Ready to Move,Pet friendly building. Recently renovated kitchen and bathrooms. Balcony with community view.,Studio,Business Bay,25.18748,55.28067,0,532,0,18,17,3250,Grace Okafor,2026-03-16,active,0,328
847,Exclusive 3BR Apartment in Jumeirah Village Circle | High Floor,Pet friendly building. Near international schools. Balcony with community view.,3BR Apartment,Jumeirah Village Circle,25.03961,55.23005,3,1899,0,16,3,9750,Elena Popescu,2026-02-09,active,0,847
848,Stunning 3BR Apartment | Dubai Sports City | Vacant Soon,Available for immediate move-in. Near international schools. Covered parking included.,3BR Apartment,Dubai Sports City,25.02033,55.19611,3,1682,0,1,3,7000,Grace Okafor,2026-04-17,active,0,848
2058,Stunning Studio | Discovery Gardens | Vacant Soon,Balcony with community view. Built-in wardrobes throughout.,Studio,Discovery Gardens,25.0372,55.16013,0,515,1,18,12,2500,Ravi Shankar,2026-04-08,active,0,2058
2353,"Hot Deal - Studio in Dubai Silicon Oasis, Call Now",Close to metro station and community mall. Covered parking included.,Studio,Dubai Silicon Oasis,25.11123,55.38238,0,427,0,12,22,1500,Anjali Menon,2026-06-08,active,0,2134
13,1BR Apartment for Rent in Downtown Dubai - Prime Location,Available for immediate move-in. Close to metro station and community mall.,1BR Apartment,Downtown Dubai,25.22065,55.29572,1,747,0,4,28,7500,Hassan Ali,2026-07-26,active,0,13
1895,Stunning 1BR Apartment | Discovery Gardens | Vacant Soon,Near international schools. Recently renovated kitchen and bathrooms. Balcony with community view.,1BR Apartment,Discovery Gardens,25.02564,55.14177,2,728,0,10,20,3500,Daniel Reyes,2026-03-11,active,0,1895
417,Townhouse with Full Amenities - Jumeirah Lake Towers,Pet friendly building. Shared pool and gym access.,Townhouse,Jumeirah Lake Towers,25.06861,55.14695,4,2201,1,0,0,15500,Chen Wei,2026-05-07,active,0,417
1693,Best Deal! 1BR Apartment in Arabian Ranches,Pet friendly building. Near international schools. Covered parking included.,1BR Apartment,Arabian Ranches,25.04369,55.25895,1,819,1,22,16,5250,Hassan Ali,2026-05-09,active,0,1693
2147,Spacious 2BR Apartment in Arabian Ranches | Ready to Move,Built-in wardrobes throughout. Near international schools.,2BR Apartment,Arabian Ranches,25.06919,55.24612,3,1014,0,17,41,5750,Omar Farouk,2026-01-27,active,0,2147
63,Stunning Townhouse | Jumeirah Village Circle | Vacant Soon,Available for immediate move-in. Near international schools.,Townhouse,Jumeirah Village Circle,25.07243,55.1898,3,2012,0,7,0,10000,Fatima Al-Suwaidi,2026-01-01,active,0,63
493,Studio with Full Amenities - Dubai Marina,Pet friendly building. Built-in wardrobes throughout. Shared pool and gym access.,Studio,Dubai Marina,25.07233,55.14939,0,448,0,0,38,4750,Ravi Shankar,2026-04-07,active,0,493
1307,Spacious 2BR Apartment in Business Bay | Ready to Move,Covered parking included. Built-in wardrobes throughout.,2BR Apartment,Business Bay,25.20219,55.24124,3,1227,0,14,1,8250,Anjali Menon,2026-08-24,active,0,1307
1306,"Upgraded 2BR Apartment in Jumeirah Lake Towers, Motivated Seller","Shared pool and gym access. Landlord maintained, no agency fees. Close to metro station and community mall. Recently renovated kitchen and bathrooms.",2BR Apartment,Jumeirah Lake Towers,25.09278,55.13782,3,1153,0,5,11,8750,Layla Haddad,2026-05-07,active,0,1306
1538,Best Deal! Townhouse in Palm Jumeirah,"Landlord maintained, no agency fees. Near international schools. Available for immediate move-in.",Townhouse,Palm Jumeirah,25.09256,55.1605,3,1892,1,16,0,22750,Layla Haddad,2026-02-02,active,0,1538
2100,Exclusive Townhouse in Business Bay | High Floor,Built-in wardrobes throughout. Near international schools.,Townhouse,Business Bay,25.19603,55.28346,4,2164,0,20,0,14500,Layla Haddad,2026-07-03,active,0,2100
40,2BR Apartment with Full Amenities - Dubai Sports City,Balcony with community view. Pet friendly building. Recently renovated kitchen and bathrooms. Shared pool and gym access.,2BR Apartment,Dubai Sports City,25.02091,55.20702,3,1001,0,9,15,4000,Layla Haddad,2026-01-12,active,0,40
2249,Must See! 3BR Apartment Available in Discovery Gardens,Balcony with community view. Available for immediate move-in. Covered parking included.,3BR Apartment,Discovery Gardens,25.04913,55.13065,3,1560,0,13,21,8000,Ravi Shankar,2026-06-02,active,0,960
1791,Best Deal! Villa in Mirdif,Balcony with community view. Available for immediate move-in. Pet friendly building.,Villa,Mirdif,25.22745,55.43907,6,3804,1,11,0,20000,Noor Abdullah,2026-02-21,active,0,1791
643,Chiller Free Studio in Al Furjan,Covered parking included. Built-in wardrobes throughout. Close to metro station and community mall. Balcony with community view.,Studio,Al Furjan,25.02078,55.13477,0,523,0,8,21,2500,Fatima Al-Suwaidi,2026-01-14,active,0,643
369,Stunning 1BR Apartment | Dubai Sports City | Vacant Soon,Near international schools. Built-in wardrobes throughout. Pet friendly building. Covered parking included.,1BR Apartment,Dubai Sports City,25.03732,55.23834,1,928,1,10,20,4000,Layla Haddad,2026-02-06,active,0,369
1047,Spacious Townhouse in Mirdif | Ready to Move,Close to metro station and community mall. Shared pool and gym access. Available for immediate move-in. Pet friendly building.,Townhouse,Mirdif,25.21917,55.39978,4,2148,1,11,0,9500,Ravi Shankar,2026-08-29,active,0,1047
2011,Chiller Free 3BR Apartment in Discovery Gardens,Covered parking included. Shared pool and gym access.,3BR Apartment,Discovery Gardens,25.03542,55.13396,4,1732,1,17,22,9750,Fatima Al-Suwaidi,2026-01-12,active,0,2011
2400,1BR Apartment in Downtown Dubai | Well Maintained,"Near international schools. Landlord maintained, no agency fees. Built-in wardrobes throughout. Covered parking included.",1BR Apartment,Downtown Dubai,25.17295,55.25967,2,703,0,4,40,9000,Elena Popescu,2026-06-11,active,0,1105
1246,3BR Apartment for Rent in Al Furjan - Prime Location,Shared pool and gym access. Balcony with community view. Available for immediate move-in. Recently renovated kitchen and bathrooms.,3BR Apartment,Al Furjan,25.00758,55.14122,3,1528,0,5,24,7500,Daniel Reyes,2026-07-08,active,0,1246
127,Chiller Free 1BR Apartment in Al Furjan,Covered parking included. Built-in wardrobes throughout. Available for immediate move-in.,1BR Apartment,Al Furjan,25.0191,55.15183,1,932,1,9,25,5000,Omar Farouk,2026-04-30,active,0,127
2081,"Upgraded 2BR Apartment in Downtown Dubai, Motivated Seller","Landlord maintained, no agency fees. Balcony with community view. Near international schools. Pet friendly building.",2BR Apartment,Downtown Dubai,25.2004,55.27312,2,1181,0,5,29,13500,Ravi Shankar,2026-01-16,active,0,2081
913,Best Deal! Townhouse in Al Furjan,"Landlord maintained, no agency fees. Available for immediate move-in. Balcony with community view. Close to metro station and community mall.",Townhouse,Al Furjan,25.01041,55.13745,4,2288,1,0,0,12750,Priya Nair,2026-07-05,active,0,913
11,"Upgraded Studio in Downtown Dubai, Motivated Seller",Available for immediate move-in. Covered parking included.,Studio,Downtown Dubai,25.18612,55.27367,0,466,1,17,15,5000,Hassan Ali,2026-01-09,active,0,11
2527,Brand New Listing: Studio in Jumeirah Lake Towers,Near international schools. Available for immediate move-in. Close to metro station and community mall.,Studio,Jumeirah Lake Towers,25.06284,55.1489,0,470,0,2,21,3000,Noor Abdullah,2026-03-06,active,0,927
663,"Upgraded Villa in Dubai Silicon Oasis, Motivated Seller",Balcony with community view. Built-in wardrobes throughout. Close to metro station and community mall. Available for immediate move-in.,Villa,Dubai Silicon Oasis,25.11856,55.39919,6,3055,1,17,0,11500,Hassan Ali,2026-03-27,active,0,663
854,Spacious Studio in Jumeirah Village Circle | Ready to Move,Pet friendly building. Balcony with community view.,Studio,Jumeirah Village Circle,25.03413,55.19887,0,401,1,0,10,2250,Priya Nair,2026-06-15,active,0,854
1684,1BR Apartment with Full Amenities - Dubai Marina,Balcony with community view. Covered parking included. Available for immediate move-in. Close to metro station and community mall.,1BR Apartment,Dubai Marina,25.09532,55.14245,2,920,0,11,26,9000,Sofia Marchetti,2026-04-04,active,0,1684
1795,Chiller Free Townhouse in Palm Jumeirah,"Close to metro station and community mall. Landlord maintained, no agency fees. Pet friendly building.",Townhouse,Palm Jumeirah,25.11542,55.15837,3,2467,0,22,0,26250,Fatima Al-Suwaidi,2026-05-04,active,0,1795
960,Best Deal! 3BR Apartment in Discovery Gardens,"Built-in wardrobes throughout. Landlord maintained, no agency fees.",3BR Apartment,Discovery Gardens,25.04992,55.13163,3,1575,0,13,21,7750,Priya Nair,2026-05-21,active,0,960
2560,Must See! 1BR Apartment Available in Arabian Ranches,Recently renovated kitchen and bathrooms. Close to metro station and community mall.,1BR Apartment,Arabian Ranches,25.06155,55.26061,1,763,0,3,32,5500,Yusuf Karimi,2026-03-20,active,0,2173
445,3BR Apartment for Rent in Jumeirah Village Circle - Prime Location,Near international schools. Covered parking included. Available for immediate move-in. Pet friendly building.,3BR Apartment,Jumeirah Village Circle,25.08086,55.18614,4,1779,0,14,1,8250,Michael Costa,2026-04-02,active,0,445
1631,Spacious 3BR Apartment in Palm Jumeirah | Ready to Move,Covered parking included. Near international schools. Built-in wardrobes throughout.,3BR Apartment,Palm Jumeirah,25.09983,55.15891,3,1971,0,10,30,22500,Michael Costa,2026-02-26,active,0,1631
294,Stunning 2BR Apartment | Business Bay | Vacant Soon,"Recently renovated kitchen and bathrooms. Available for immediate move-in. Landlord maintained, no agency fees.",2BR Apartment,Business Bay,25.17141,55.28008,2,1302,0,16,9,9250,Elena Popescu,2026-05-25,active,0,294
2239,Studio in Dubai Marina | Well Maintained,Built-in wardrobes throughout. Balcony with community view. Pet friendly building.,Studio,Dubai Marina,25.06915,55.14203,0,441,0,5,2,4500,Noor Abdullah,2026-06-10,active,0,1770
2275,Brand New Listing: Townhouse in Jumeirah Lake Towers,Shared pool and gym access. Built-in wardrobes throughout.,Townhouse,Jumeirah Lake Towers,25.06753,55.1535,4,1856,0,14,0,11000,Sofia Marchetti,2026-03-23,active,0,1856
1364,Spacious 2BR Apartment in Dubai Sports City | Ready to Move,Available for immediate move-in. Pet friendly building.,2BR Apartment,Dubai Sports City,25.06855,55.19709,2,1096,1,15,42,5000,Layla Haddad,2026-05-09,active,0,1364
709,Villa for Rent in Dubai Marina - Prime Location,Built-in wardrobes throughout. Near international schools.,Villa,Dubai Marina,25.08239,55.13721,5,4397,0,22,0,36000,Layla Haddad,2026-04-07,active,0,709
2463,Must See! Villa Available in Dubai Silicon Oasis,"Near international schools. Landlord maintained, no agency fees. Recently renovated kitchen and bathrooms.",Villa,Dubai Silicon Oasis,25.13336,55.37021,6,4379,0,8,0,17500,Grace Okafor,2026-06-02,active,0,1762
1964,Studio with Full Amenities - Arabian Ranches,Near international schools. Shared pool and gym access. Covered parking included. Available for immediate move-in.,Studio,Arabian Ranches,25.04353,55.26429,0,500,0,20,1,3000,Elena Popescu,2026-07-18,active,0,1964
494,Exclusive 2BR Apartment in Arabian Ranches | High Floor,Balcony with community view. Close to metro station and community mall. Recently renovated kitchen and bathrooms. Shared pool and gym access.,2BR Apartment,Arabian Ranches,25.05273,55.29295,2,1368,1,11,26,8750,Hassan Ali,2026-04-27,active,0,494
637,3BR Apartment for Rent in Dubai Marina - Prime Location,Shared pool and gym access. Pet friendly building. Near international schools.,3BR Apartment,Dubai Marina,25.05984,55.12214,4,1426,1,9,37,13750,Chen Wei,2026-07-03,active,0,637
255,Spacious 1BR Apartment in Downtown Dubai | Ready to Move,Close to metro station and community mall. Pet friendly building. Built-in wardrobes throughout. Near international schools.,1BR Apartment,Downtown Dubai,25.18797,55.29431,2,777,0,11,10,9500,Ravi Shankar,2026-05-07,active,0,255
2034,Studio with Full Amenities - Al Furjan,Pet friendly building. Shared pool and gym access. Balcony with community view. Near international schools.,Studio,Al Furjan,25.0082,55.16379,0,411,0,18,8,2000,Elena Popescu,2026-04-19,active,0,2034
1598,Stunning 3BR Apartment | Jumeirah Village Circle | Vacant Soon,Shared pool and gym access. Close to metro station and community mall. Built-in wardrobes throughout.,3BR Apartment,Jumeirah Village Circle,25.03716,55.20391,3,1904,1,15,2,9000,Omar Farouk,2026-03-19,active,0,1598
1440,"Upgraded Studio in Business Bay, Motivated Seller","Pet friendly building. Landlord maintained, no agency fees. Available for immediate move-in. Close to metro station and community mall.",Studio,Business Bay,25.20007,55.27981,0,392,0,22,18,2500,Layla Haddad,2026-06-23,active,0,1440
748,Spacious 1BR Apartment in Arabian Ranches | Ready to Move,Built-in wardrobes throughout. Recently renovated kitchen and bathrooms. Available for immediate move-in. Near international schools.,1BR Apartment,Arabian Ranches,25.02938,55.26609,1,941,0,16,27,5250,Ravi Shankar,2026-01-02,active,0,748
18,Villa for Rent in Dubai Sports City - Prime Location,"Available for immediate move-in. Balcony with community view. Near international schools. Landlord maintained, no agency fees.",Villa,Dubai Sports City,25.05054,55.22868,4,4966,1,17,0,19000,Elena Popescu,2026-01-30,active,0,18
1329,3BR Apartment with Full Amenities - Jumeirah Lake Towers,Close to metro station and community mall. Built-in wardrobes throughout. Recently renovated kitchen and bathrooms. Covered parking included.,3BR Apartment,Jumeirah Lake Towers,25.06343,55.13017,3,1841,1,0,4,14500,Priya Nair,2026-08-08,active,0,1329
1094,Chiller Free 3BR Apartment in Dubai Silicon Oasis,Close to metro station and community mall. Balcony with community view. Built-in wardrobes throughout. Available for immediate move-in.,3BR Apartment,Dubai Silicon Oasis,25.10391,55.38375,4,1480,1,20,37,6000,Daniel Reyes,2026-06-27,active,0,1094
1101,2BR Apartment with Full Amenities - Palm Jumeirah,Covered parking included. Shared pool and gym access.,2BR Apartment,Palm Jumeirah,25.09528,55.14754,2,1046,1,10,26,13500,Michael Costa,2026-08-15,active,0,1101
535,Stunning Villa | Mirdif | Vacant Soon,Covered parking included. Shared pool and gym access. Built-in wardrobes throughout.,Villa,Mirdif,25.19922,55.42005,5,5056,1,14,0,21250,Anjali Menon,2026-07-12,active,0,535
1156,Stunning 2BR Apartment | Jumeirah Lake Towers | Vacant Soon,"Covered parking included. Close to metro station and community mall. Landlord maintained, no agency fees. Near international schools.",2BR Apartment,Jumeirah Lake Towers,25.06944,55.155,2,1365,1,8,14,11000,Omar Farouk,2026-01-27,active,0,1156
2425,Brand New Listing: 1BR Apartment in Jumeirah Village Circle,Available for immediate move-in. Near international schools. Built-in wardrobes throughout.,1BR Apartment,Jumeirah Village Circle,25.05536,55.19598,2,906,0,17,4,5000,Yusuf Karimi,2026-09-13,active,0,2110
1546,Exclusive Villa in Downtown Dubai | High Floor,"Landlord maintained, no agency fees. Near international schools. Built-in wardrobes throughout. Recently renovated kitchen and bathrooms.",Villa,Downtown Dubai,25.17495,55.26474,4,4051,1,9,0,39250,Priya Nair,2026-01-26,active,0,1546
2572,URGENT SALE Spacious 3BR Apartment in Dubai Marina | Ready to Move,"Landlord maintained, no agency fees. Close to metro station and community mall. Near international schools.",3BR Apartment,Dubai Marina,25.06142,55.13831,4,1514,0,1,28,5811,Yusuf Karimi,2026-08-11,active,1,2572
681,Exclusive Townhouse in Palm Jumeirah | High Floor,Recently renovated kitchen and bathrooms. Built-in wardrobes throughout. Near international schools. Covered parking included.,Townhouse,Palm Jumeirah,25.10744,55.1232,4,2269,1,10,0,28000,Omar Farouk,2026-08-14,active,0,681
2317,Must See! Townhouse Available in Dubai Marina,Close to metro station and community mall. Recently renovated kitchen and bathrooms. Shared pool and gym access. Covered parking included.,Townhouse,Dubai Marina,25.06503,55.15228,3,1961,1,18,0,19000,Michael Costa,2026-07-14,active,0,1185
2218,Discovery Gardens Villa - Negotiable Price,"Built-in wardrobes throughout. Near international schools. Landlord maintained, no agency fees. Shared pool and gym access.",Villa,Discovery Gardens,25.05507,55.16199,6,4633,1,15,0,24500,Omar Farouk,2026-01-05,active,0,1601
1279,Studio with Full Amenities - Al Furjan,Pet friendly building. Balcony with community view. Available for immediate move-in. Built-in wardrobes throughout.,Studio,Al Furjan,25.00092,55.13653,0,477,0,14,39,2500,Daniel Reyes,2026-02-03,active,0,1279
1195,Stunning Studio | Downtown Dubai | Vacant Soon,Balcony with community view. Shared pool and gym access.,Studio,Downtown Dubai,25.17563,55.25388,0,447,0,0,4,4250,Omar Farouk,2026-01-08,active,0,1195
1802,Best Deal! 1BR Apartment in Dubai Silicon Oasis,Recently renovated kitchen and bathrooms. Shared pool and gym access. Built-in wardrobes throughout.,1BR Apartment,Dubai Silicon Oasis,25.10573,55.36472,2,773,1,22,3,3500,Anjali Menon,2026-07-07,active,0,1802
786,Stunning 1BR Apartment | Dubai Marina | Vacant Soon,Recently renovated kitchen and bathrooms. Close to metro station and community mall.,1BR Apartment,Dubai Marina,25.07506,55.12279,2,812,0,20,10,6750,Priya Nair,2026-02-14,active,0,786
2102,Townhouse with Full Amenities - Dubai Marina,Covered parking included. Pet friendly building. Available for immediate move-in. Shared pool and gym access.,Townhouse,Dubai Marina,25.09199,55.14484,3,2157,0,19,0,18500,Priya Nair,2026-03-28,active,0,2102
2195,3BR Apartment for Rent in Business Bay - Prime Location,"Landlord maintained, no agency fees. Pet friendly building. Covered parking included. Shared pool and gym access.",3BR Apartment,Business Bay,25.18275,55.26965,4,1611,0,8,38,13500,Daniel Reyes,2026-08-10,active,0,2195
302,Townhouse with Full Amenities - Arabian Ranches,Pet friendly building. Near international schools. Balcony with community view. Close to metro station and community mall.,Townhouse,Arabian Ranches,25.07113,55.29342,3,2475,0,5,0,18500,Fatima Al-Suwaidi,2026-04-18,active,0,302
1696,Townhouse with Full Amenities - Palm Jumeirah,Balcony with community view. Covered parking included.,Townhouse,Palm Jumeirah,25.1058,55.14913,4,1807,0,18,0,21000,Elena Popescu,2026-07-24,active,0,1696
2539,Must See! 2BR Apartment Available in Downtown Dubai,"Built-in wardrobes throughout. Landlord maintained, no agency fees. Balcony with community view. Shared pool and gym access.",2BR Apartment,Downtown Dubai,25.20735,55.29453,2,1271,0,9,28,12500,Hassan Ali,2026-01-12,active,0,892
2069,"Upgraded Villa in Mirdif, Motivated Seller",Pet friendly building. Shared pool and gym access.,Villa,Mirdif,25.19981,55.40348,4,2851,1,19,0,14250,Priya Nair,2026-03-01,active,0,2069
1390,Stunning Villa | Dubai Marina | Vacant Soon,Built-in wardrobes throughout. Near international schools.,Villa,Dubai Marina,25.09935,55.11911,4,4845,1,3,0,48750,Michael Costa,2026-02-13,active,0,1390
1133,Exclusive Villa in Dubai Silicon Oasis | High Floor,"Landlord maintained, no agency fees. Near international schools. Recently renovated kitchen and bathrooms.",Villa,Dubai Silicon Oasis,25.13662,55.386,5,4020,0,18,0,17250,Priya Nair,2026-05-02,active,0,1133
566,2BR Apartment with Full Amenities - Jumeirah Village Circle,"Near international schools. Landlord maintained, no agency fees. Shared pool and gym access.",2BR Apartment,Jumeirah Village Circle,25.06617,55.18451,3,1356,0,13,42,7250,Sofia Marchetti,2026-02-27,active,0,566
2306,Must See! 3BR Apartment Available in Mirdif,Shared pool and gym access. Recently renovated kitchen and bathrooms.,3BR Apartment,Mirdif,25.22249,55.40059,3,1470,1,12,25,6500,Anjali Menon,2026-02-08,active,0,1492
1484,Stunning 1BR Apartment | Dubai Marina | Vacant Soon,Shared pool and gym access. Available for immediate move-in.,1BR Apartment,Dubai Marina,25.08075,55.11753,1,674,1,19,14,5500,Chen Wei,2026-05-18,active,0,1484
2559,Must See! 1BR Apartment Available in Arabian Ranches,Covered parking included. Near international schools. Pet friendly building. Balcony with community view.,1BR Apartment,Arabian Ranches,25.06174,55.2608,1,778,0,3,32,5500,Grace Okafor,2026-03-16,active,0,2173
2032,Chiller Free 2BR Apartment in Dubai Silicon Oasis,Recently renovated kitchen and bathrooms. Covered parking included. Built-in wardrobes throughout. Balcony with community view.,2BR Apartment,Dubai Silicon Oasis,25.14684,55.40506,3,1127,0,16,14,4000,Noor Abdullah,2026-02-21,active,0,2032
1973,Studio with Full Amenities - Dubai Silicon Oasis,Recently renovated kitchen and bathrooms. Close to metro station and community mall.,Studio,Dubai Silicon Oasis,25.11897,55.36062,0,433,0,0,18,1500,Fatima Al-Suwaidi,2026-02-22,active,0,1973
1856,Best Deal! Townhouse in Jumeirah Lake Towers,Available for immediate move-in. Pet friendly building. Near international schools.,Townhouse,Jumeirah Lake Towers,25.06729,55.15355,4,1841,0,14,0,11000,Chen Wei,2026-03-21,active,0,1856
1974,Chiller Free Studio in Dubai Marina,Near international schools. Balcony with community view. Close to metro station and community mall. Built-in wardrobes throughout.,Studio,Dubai Marina,25.07912,55.16409,0,455,0,0,5,3250,Daniel Reyes,2026-04-04,active,0,1974
1404,Spacious 3BR Apartment in Dubai Marina | Ready to Move,Shared pool and gym access. Built-in wardrobes throughout.,3BR Apartment,Dubai Marina,25.0627,55.13602,3,1468,0,12,22,12250,Elena Popescu,2026-04-24,active,0,1404
2393,Brand New Listing: Townhouse in Discovery Gardens,"Covered parking included. Close to metro station and community mall. Landlord maintained, no agency fees.",Townhouse,Discovery Gardens,25.0313,55.15823,3,2434,1,12,0,13500,Fatima Al-Suwaidi,2026-02-04,active,0,1842
1449,Best Deal! Villa in Dubai Sports City,Available for immediate move-in. Pet friendly building.,Villa,Dubai Sports City,25.04635,55.22916,5,3622,0,2,0,17750,Sofia Marchetti,2026-01-14,active,0,1449
1116,"Upgraded 3BR Apartment in Al Furjan, Motivated Seller",Balcony with community view. Built-in wardrobes throughout.,3BR Apartment,Al Furjan,25.02676,55.12458,3,2049,0,5,39,11500,Yusuf Karimi,2026-05-08,active,0,1116
2613,URGENT SALE Studio with Full Amenities - Dubai Marina,Pet friendly building. Balcony with community view.,Studio,Dubai Marina,25.08518,55.12546,0,417,0,0,28,2022,Elena Popescu,2026-04-19,active,1,2613
2440,"Hot Deal - 3BR Apartment in Discovery Gardens, Call Now",Pet friendly building. Covered parking included. Near international schools. Built-in wardrobes throughout.,3BR Apartment,Discovery Gardens,25.05934,55.14853,4,1870,1,12,41,11000,Grace Okafor,2026-08-18,active,0,461
1706,Townhouse for Rent in Arabian Ranches - Prime Location,Pet friendly building. Available for immediate move-in. Near international schools.,Townhouse,Arabian Ranches,25.076,55.2563,4,2121,0,7,0,15500,Sofia Marchetti,2026-07-24,active,0,1706
1522,"Upgraded 2BR Apartment in Dubai Silicon Oasis, Motivated Seller",Recently renovated kitchen and bathrooms. Near international schools. Close to metro station and community mall.,2BR Apartment,Dubai Silicon Oasis,25.14062,55.37382,2,1109,1,22,17,5250,Priya Nair,2026-05-31,active,0,1522
1949,2BR Apartment for Rent in Dubai Sports City - Prime Location,Pet friendly building. Built-in wardrobes throughout.,2BR Apartment,Dubai Sports City,25.02572,55.20229,2,1376,0,15,4,6500,Ravi Shankar,2026-08-26,active,0,1949
1011,Chiller Free 3BR Apartment in Mirdif,"Landlord maintained, no agency fees. Recently renovated kitchen and bathrooms. Pet friendly building. Covered parking included.",3BR Apartment,Mirdif,25.23686,55.41601,3,1746,0,6,5,7000,Fatima Al-Suwaidi,2026-04-25,active,0,1011
999,Chiller Free 1BR Apartment in Palm Jumeirah,Balcony with community view. Recently renovated kitchen and bathrooms. Near international schools. Close to metro station and community mall.,1BR Apartment,Palm Jumeirah,25.10954,55.13468,1,782,0,18,35,10500,Anjali Menon,2026-08-10,active,0,999
2611,URGENT SALE 1BR Apartment with Full Amenities - Jumeirah Lake Towers,Pet friendly building. Recently renovated kitchen and bathrooms. Close to metro station and community mall. Shared pool and gym access.,1BR Apartment,Jumeirah Lake Towers,25.05567,55.15655,2,870,1,17,41,2669,Layla Haddad,2026-08-16,active,1,2611
1701,Stunning Villa | Jumeirah Village Circle | Vacant Soon,Recently renovated kitchen and bathrooms. Built-in wardrobes throughout. Shared pool and gym access.,Villa,Jumeirah Village Circle,25.07925,55.22992,4,3809,0,18,0,19000,Hassan Ali,2026-08-09,active,0,1701
899,2BR Apartment for Rent in Mirdif - Prime Location,Balcony with community view. Near international schools.,2BR Apartment,Mirdif,25.21687,55.43552,3,1335,1,5,6,6500,Elena Popescu,2026-05-14,active,0,899
1029,Stunning Villa | Palm Jumeirah | Vacant Soon,Pet friendly building. Built-in wardrobes throughout. Recently renovated kitchen and bathrooms. Covered parking included.,Villa,Palm Jumeirah,25.09007,55.14936,5,5058,1,2,0,72750,Priya Nair,2026-02-15,active,0,1029
2621,URGENT SALE 1BR Apartment with Full Amenities - Arabian Ranches,Recently renovated kitchen and bathrooms. Shared pool and gym access.,1BR Apartment,Arabian Ranches,25.05807,55.2686,2,657,0,15,15,2225,Sofia Marchetti,2026-02-28,active,1,2621
1692,Spacious 2BR Apartment in Al Furjan | Ready to Move,"Landlord maintained, no agency fees. Shared pool and gym access. Available for immediate move-in. Close to metro station and community mall.",2BR Apartment,Al Furjan,25.03494,55.16234,2,1023,0,13,11,4750,Daniel Reyes,2026-01-02,active,0,1692
305,Exclusive Villa in Dubai Silicon Oasis | High Floor,"Recently renovated kitchen and bathrooms. Near international schools. Pet friendly building. Landlord maintained, no agency fees.",Villa,Dubai Silicon Oasis,25.1045,55.40027,5,5171,1,1,0,19000,Grace Okafor,2026-01-18,active,0,305
1196,Best Deal! Villa in Dubai Marina,"Near international schools. Landlord maintained, no agency fees. Shared pool and gym access. Built-in wardrobes throughout.",Villa,Dubai Marina,25.0578,55.15907,6,3883,0,22,0,29500,Daniel Reyes,2026-07-12,active,0,1196
1944,Studio with Full Amenities - Dubai Silicon Oasis,"Recently renovated kitchen and bathrooms. Close to metro station and community mall. Landlord maintained, no agency fees.",Studio,Dubai Silicon Oasis,25.09918,55.3646,0,513,0,10,2,2000,Elena Popescu,2026-06-14,active,0,1944
1474,Exclusive Villa in Jumeirah Village Circle | High Floor,Recently renovated kitchen and bathrooms. Balcony with community view. Shared pool and gym access.,Villa,Jumeirah Village Circle,25.03394,55.19718,4,4100,0,11,0,24000,Priya Nair,2026-07-11,active,0,1474
1748,Stunning Townhouse | Al Furjan | Vacant Soon,Available for immediate move-in. Built-in wardrobes throughout. Balcony with community view.,Townhouse,Al Furjan,25.02196,55.15016,4,2246,0,4,0,12500,Anjali Menon,2026-05-20,active,0,1748
202,Chiller Free 1BR Apartment in Dubai Silicon Oasis,Built-in wardrobes throughout. Balcony with community view.,1BR Apartment,Dubai Silicon Oasis,25.13735,55.38168,1,906,1,21,25,3500,Anjali Menon,2026-03-29,active,0,202
2331,Townhouse in Dubai Silicon Oasis | Well Maintained,Near international schools. Pet friendly building. Built-in wardrobes throughout. Balcony with community view.,Townhouse,Dubai Silicon Oasis,25.14658,55.38729,4,1892,0,7,0,8500,Hassan Ali,2026-08-29,active,0,1635
2283,Brand New Listing: Villa in Dubai Silicon Oasis,Balcony with community view. Built-in wardrobes throughout.,Villa,Dubai Silicon Oasis,25.12469,55.36875,5,3178,1,15,0,13000,Layla Haddad,2026-03-06,active,0,1577
1670,"Upgraded 2BR Apartment in Arabian Ranches, Motivated Seller",Pet friendly building. Close to metro station and community mall. Covered parking included.,2BR Apartment,Arabian Ranches,25.05616,55.25727,2,1151,1,6,38,8750,Noor Abdullah,2026-06-10,active,0,1670
984,Villa for Rent in Jumeirah Lake Towers - Prime Location,"Pet friendly building. Landlord maintained, no agency fees.",Villa,Jumeirah Lake Towers,25.07856,55.15808,5,4835,0,12,0,37500,Noor Abdullah,2026-02-27,active,0,984
272,Best Deal! Studio in Dubai Sports City,Pet friendly building. Recently renovated kitchen and bathrooms.,Studio,Dubai Sports City,25.0546,55.20972,0,481,0,0,3,2250,Omar Farouk,2026-07-17,active,0,272
1360,"Upgraded 3BR Apartment in Arabian Ranches, Motivated Seller",Shared pool and gym access. Built-in wardrobes throughout. Available for immediate move-in. Near international schools.,3BR Apartment,Arabian Ranches,25.0641,55.27737,4,1714,1,12,4,9750,Ravi Shankar,2026-05-26,active,0,1360
772,Studio for Rent in Mirdif - Prime Location,"Landlord maintained, no agency fees. Built-in wardrobes throughout. Pet friendly building.",Studio,Mirdif,25.21555,55.43128,0,396,1,0,4,1750,Fatima Al-Suwaidi,2026-02-24,active,0,772
1704,Stunning 2BR Apartment | Jumeirah Lake Towers | Vacant Soon,"Shared pool and gym access. Balcony with community view. Landlord maintained, no agency fees. Built-in wardrobes throughout.",2BR Apartment,Jumeirah Lake Towers,25.08286,55.13457,2,1186,0,20,17,9500,Anjali Menon,2026-04-26,active,0,1704
104,Stunning 3BR Apartment | Palm Jumeirah | Vacant Soon,"Landlord maintained, no agency fees. Available for immediate move-in.",3BR Apartment,Palm Jumeirah,25.10747,55.11601,3,1963,1,19,40,23750,Daniel Reyes,2026-08-29,active,0,104
1669,Chiller Free 3BR Apartment in Dubai Sports City,Balcony with community view. Recently renovated kitchen and bathrooms. Available for immediate move-in. Covered parking included.,3BR Apartment,Dubai Sports City,25.02711,55.19402,3,1850,0,13,1,7500,Daniel Reyes,2026-07-31,active,0,1669
1881,Exclusive 3BR Apartment in Arabian Ranches | High Floor,Covered parking included. Recently renovated kitchen and bathrooms.,3BR Apartment,Arabian Ranches,25.03257,55.27,4,1881,1,2,41,15000,Michael Costa,2026-02-16,active,0,1881
1852,Studio with Full Amenities - Al Furjan,"Covered parking included. Landlord maintained, no agency fees. Recently renovated kitchen and bathrooms.",Studio,Al Furjan,25.02816,55.15432,0,451,0,11,10,2250,Yusuf Karimi,2026-07-01,active,0,1852
533,1BR Apartment for Rent in Palm Jumeirah - Prime Location,"Built-in wardrobes throughout. Landlord maintained, no agency fees.",1BR Apartment,Palm Jumeirah,25.10363,55.16132,2,799,1,4,18,12500,Michael Costa,2026-07-30,active,0,533
2474,Must See! Villa Available in Dubai Sports City,Close to metro station and community mall. Built-in wardrobes throughout.,Villa,Dubai Sports City,25.02766,55.20348,4,2932,0,8,0,11500,Grace Okafor,2026-06-17,active,0,2146
1965,Villa with Full Amenities - Al Furjan,"Near international schools. Built-in wardrobes throughout. Landlord maintained, no agency fees. Available for immediate move-in.",Villa,Al Furjan,25.00697,55.16871,6,4498,1,2,0,23000,Omar Farouk,2026-04-02,active,0,1965
288,"Upgraded 1BR Apartment in Downtown Dubai, Motivated Seller",Recently renovated kitchen and bathrooms. Near international schools. Pet friendly building. Covered parking included.,1BR Apartment,Downtown Dubai,25.17334,55.25985,1,841,1,2,8,10750,Layla Haddad,2026-03-15,active,0,288
2460,"Hot Deal - Townhouse in Jumeirah Lake Towers, Call Now",Near international schools. Available for immediate move-in. Shared pool and gym access. Pet friendly building.,Townhouse,Jumeirah Lake Towers,25.07827,55.13039,3,2139,0,19,0,16500,Anjali Menon,2026-08-05,active,0,659
2467,Must See! Villa Available in Downtown Dubai,Available for immediate move-in. Recently renovated kitchen and bathrooms. Near international schools.,Villa,Downtown Dubai,25.17345,55.25951,4,3354,0,16,0,37500,Priya Nair,2026-04-05,active,0,1058
2231,Palm Jumeirah Studio - Negotiable Price,"Shared pool and gym access. Landlord maintained, no agency fees. Covered parking included.",Studio,Palm Jumeirah,25.11472,55.15488,0,530,0,18,30,7500,Priya Nair,2026-06-03,active,0,1055
1838,Exclusive 3BR Apartment in Dubai Silicon Oasis | High Floor,Pet friendly building. Near international schools.,3BR Apartment,Dubai Silicon Oasis,25.13201,55.37607,4,1799,0,19,23,6500,Priya Nair,2026-05-07,active,0,1838
877,Best Deal! 2BR Apartment in Jumeirah Village Circle,Close to metro station and community mall. Available for immediate move-in. Near international schools.,2BR Apartment,Jumeirah Village Circle,25.06133,55.22079,2,1036,1,18,7,5500,Hassan Ali,2026-07-30,active,0,877
762,3BR Apartment for Rent in Palm Jumeirah - Prime Location,Shared pool and gym access. Built-in wardrobes throughout.,3BR Apartment,Palm Jumeirah,25.10931,55.12114,3,1605,1,1,31,22000,Grace Okafor,2026-06-27,active,0,762
1650,Stunning 1BR Apartment | Discovery Gardens | Vacant Soon,Close to metro station and community mall. Balcony with community view.,1BR Apartment,Discovery Gardens,25.02602,55.1671,1,833,1,19,25,3500,Priya Nair,2026-01-02,active,0,1650
1351,"Upgraded 1BR Apartment in Al Furjan, Motivated Seller","Balcony with community view. Landlord maintained, no agency fees. Pet friendly building.",1BR Apartment,Al Furjan,25.01008,55.14915,1,718,0,15,14,3750,Yusuf Karimi,2026-05-30,active,0,1351
2524,Must See! 1BR Apartment Available in Discovery Gardens,Available for immediate move-in. Balcony with community view.,1BR Apartment,Discovery Gardens,25.05081,55.15466,2,859,0,9,21,4500,Ravi Shankar,2026-07-17,active,0,534
1260,Spacious 3BR Apartment in Downtown Dubai | Ready to Move,Balcony with community view. Pet friendly building.,3BR Apartment,Downtown Dubai,25.19597,55.28419,3,1966,0,2,24,23000,Chen Wei,2026-05-13,active,0,1260
1829,Best Deal! 1BR Apartment in Dubai Sports City,Balcony with community view. Recently renovated kitchen and bathrooms.,1BR Apartment,Dubai Sports City,25.05842,55.20677,2,733,0,17,24,2500,Priya Nair,2026-01-22,active,0,1829
2247,Dubai Sports City Villa - Negotiable Price,Built-in wardrobes throughout. Balcony with community view.,Villa,Dubai Sports City,25.05063,55.22856,4,4981,1,17,0,19500,Omar Farouk,2026-02-20,active,0,18
1168,Spacious Studio in Downtown Dubai | Ready to Move,Near international schools. Covered parking included.,Studio,Downtown Dubai,25.20173,55.2874,0,544,0,17,36,6750,Fatima Al-Suwaidi,2026-07-30,active,0,1168
525,Stunning 2BR Apartment | Jumeirah Village Circle | Vacant Soon,Recently renovated kitchen and bathrooms. Balcony with community view.,2BR Apartment,Jumeirah Village Circle,25.05256,55.19799,2,1308,1,13,13,7250,Hassan Ali,2026-02-18,active,0,525
1720,Stunning 1BR Apartment | Jumeirah Village Circle | Vacant Soon,Near international schools. Pet friendly building. Shared pool and gym access. Close to metro station and community mall.,1BR Apartment,Jumeirah Village Circle,25.07473,55.20515,1,865,0,17,4,4750,Daniel Reyes,2026-05-29,active,0,1720
2567,URGENT SALE 1BR Apartment for Rent in Palm Jumeirah - Prime Location,Near international schools. Built-in wardrobes throughout. Shared pool and gym access.,1BR Apartment,Palm Jumeirah,25.10888,55.15959,2,828,1,3,2,6773,Daniel Reyes,2026-05-03,active,1,2567
2302,Brand New Listing: 1BR Apartment in Dubai Marina,Available for immediate move-in. Balcony with community view. Shared pool and gym access.,1BR Apartment,Dubai Marina,25.08244,55.12435,2,677,0,10,21,6500,Daniel Reyes,2026-07-02,active,0,2039
153,Townhouse with Full Amenities - Dubai Marina,Recently renovated kitchen and bathrooms. Balcony with community view. Shared pool and gym access. Close to metro station and community mall.,Townhouse,Dubai Marina,25.10512,55.15865,3,2159,0,19,0,18250,Ravi Shankar,2026-03-16,active,0,153
650,Best Deal! Studio in Jumeirah Village Circle,Pet friendly building. Near international schools.,Studio,Jumeirah Village Circle,25.05309,55.22133,0,523,1,15,38,2500,Grace Okafor,2026-05-26,active,0,650
431,Exclusive Studio in Jumeirah Village Circle | High Floor,"Landlord maintained, no agency fees. Pet friendly building. Shared pool and gym access.",Studio,Jumeirah Village Circle,25.08233,55.21875,0,488,0,15,14,2500,Grace Okafor,2026-05-13,active,0,431
1793,3BR Apartment for Rent in Palm Jumeirah - Prime Location,"Recently renovated kitchen and bathrooms. Landlord maintained, no agency fees. Near international schools.",3BR Apartment,Palm Jumeirah,25.13405,55.12689,4,1438,0,16,39,16750,Omar Farouk,2026-05-28,active,0,1793
1208,3BR Apartment for Rent in Mirdif - Prime Location,Pet friendly building. Balcony with community view.,3BR Apartment,Mirdif,25.21971,55.4299,4,1936,1,11,1,9000,Chen Wei,2026-02-12,active,0,1208
1046,"Upgraded 3BR Apartment in Downtown Dubai, Motivated Seller","Landlord maintained, no agency fees. Balcony with community view. Built-in wardrobes throughout. Available for immediate move-in.",3BR Apartment,Downtown Dubai,25.2102,55.26158,4,1446,0,22,19,12750,Noor Abdullah,2026-02-26,active,0,1046
4,Stunning Studio | Downtown Dubai | Vacant Soon,"Covered parking included. Balcony with community view. Pet friendly building. Landlord maintained, no agency fees.",Studio,Downtown Dubai,25.1857,55.29567,0,477,1,20,24,4500,Ravi Shankar,2026-01-19,active,0,4
2300,Must See! 3BR Apartment Available in Mirdif,Pet friendly building. Recently renovated kitchen and bathrooms. Shared pool and gym access.,3BR Apartment,Mirdif,25.21539,55.40118,4,1953,0,16,42,8000,Elena Popescu,2026-05-04,active,0,1497
617,Best Deal! Studio in Jumeirah Lake Towers,Built-in wardrobes throughout. Covered parking included. Pet friendly building.,Studio,Jumeirah Lake Towers,25.07996,55.16447,0,460,1,20,16,4000,Fatima Al-Suwaidi,2026-01-20,active,0,617
318,Studio for Rent in Dubai Silicon Oasis - Prime Location,"Recently renovated kitchen and bathrooms. Built-in wardrobes throughout. Landlord maintained, no agency fees.",Studio,Dubai Silicon Oasis,25.13802,55.38394,0,396,0,11,31,1500,Sofia Marchetti,2026-02-02,active,0,318
1135,Studio for Rent in Jumeirah Lake Towers - Prime Location,Near international schools. Available for immediate move-in. Close to metro station and community mall.,Studio,Jumeirah Lake Towers,25.05756,55.1332,0,485,0,9,30,3750,Grace Okafor,2026-05-18,active,0,1135
347,Chiller Free 1BR Apartment in Dubai Silicon Oasis,Recently renovated kitchen and bathrooms. Close to metro station and community mall.,1BR Apartment,Dubai Silicon Oasis,25.14464,55.36609,1,731,0,1,4,3000,Elena Popescu,2026-07-26,active,0,347
154,Chiller Free 1BR Apartment in Discovery Gardens,Recently renovated kitchen and bathrooms. Shared pool and gym access.,1BR Apartment,Discovery Gardens,25.04058,55.13331,2,777,1,10,16,4250,Anjali Menon,2026-04-17,active,0,154
2013,Exclusive Studio in Business Bay | High Floor,Shared pool and gym access. Pet friendly building. Near international schools. Close to metro station and community mall.,Studio,Business Bay,25.18428,55.28282,0,504,0,8,13,4500,Omar Farouk,2026-03-15,active,0,2013
1580,Spacious 3BR Apartment in Dubai Silicon Oasis | Ready to Move,Close to metro station and community mall. Pet friendly building. Balcony with community view.,3BR Apartment,Dubai Silicon Oasis,25.10504,55.38422,4,2093,1,6,28,9000,Anjali Menon,2026-06-02,active,0,1580
1145,"Upgraded 1BR Apartment in Mirdif, Motivated Seller",Built-in wardrobes throughout. Balcony with community view. Available for immediate move-in. Near international schools.,1BR Apartment,Mirdif,25.22523,55.40462,2,887,0,13,18,4000,Chen Wei,2026-03-24,active,0,1145
2360,Townhouse in Downtown Dubai | Well Maintained,"Close to metro station and community mall. Shared pool and gym access. Landlord maintained, no agency fees.",Townhouse,Downtown Dubai,25.17998,55.2533,4,2159,0,22,0,25000,Omar Farouk,2026-05-07,active,0,811
265,Stunning Villa | Palm Jumeirah | Vacant Soon,"Close to metro station and community mall. Landlord maintained, no agency fees. Balcony with community view.",Villa,Palm Jumeirah,25.10459,55.13746,4,4986,1,11,0,65250,Fatima Al-Suwaidi,2026-04-16,active,0,265
121,Studio for Rent in Dubai Marina - Prime Location,Shared pool and gym access. Close to metro station and community mall.,Studio,Dubai Marina,25.06753,55.11866,0,456,0,17,28,3750,Michael Costa,2026-03-12,active,0,121
2264,Brand New Listing: 1BR Apartment in Discovery Gardens,Built-in wardrobes throughout. Recently renovated kitchen and bathrooms.,1BR Apartment,Discovery Gardens,25.04532,55.13893,1,844,0,2,27,4500,Daniel Reyes,2026-08-22,active,0,1780
2042,Stunning Studio | Al Furjan | Vacant Soon,"Shared pool and gym access. Landlord maintained, no agency fees. Recently renovated kitchen and bathrooms.",Studio,Al Furjan,25.01538,55.15787,0,492,1,11,31,3000,Omar Farouk,2026-08-29,active,0,2042
1593,Best Deal! Townhouse in Discovery Gardens,Available for immediate move-in. Balcony with community view. Shared pool and gym access.,Townhouse,Discovery Gardens,25.03803,55.11994,4,2261,0,3,0,11000,Omar Farouk,2026-05-27,active,0,1593
213,"Upgraded 2BR Apartment in Mirdif, Motivated Seller",Available for immediate move-in. Recently renovated kitchen and bathrooms. Shared pool and gym access. Built-in wardrobes throughout.,2BR Apartment,Mirdif,25.22813,55.4202,3,956,0,21,34,4750,Hassan Ali,2026-06-21,active,0,213
947,Chiller Free 1BR Apartment in Jumeirah Lake Towers,Pet friendly building. Balcony with community view. Close to metro station and community mall. Recently renovated kitchen and bathrooms.,1BR Apartment,Jumeirah Lake Towers,25.07038,55.15263,1,653,1,20,40,4500,Elena Popescu,2026-01-29,active,0,947
653,1BR Apartment with Full Amenities - Dubai Silicon Oasis,"Built-in wardrobes throughout. Landlord maintained, no agency fees. Balcony with community view. Recently renovated kitchen and bathrooms.",1BR Apartment,Dubai Silicon Oasis,25.11291,55.39155,2,918,0,17,27,3500,Elena Popescu,2026-08-25,active,0,653
1769,Studio for Rent in Dubai Silicon Oasis - Prime Location,Recently renovated kitchen and bathrooms. Available for immediate move-in. Pet friendly building. Balcony with community view.,Studio,Dubai Silicon Oasis,25.10019,55.39796,0,456,0,22,5,2000,Elena Popescu,2026-05-21,active,0,1769
1396,2BR Apartment for Rent in Mirdif - Prime Location,"Balcony with community view. Landlord maintained, no agency fees. Covered parking included.",2BR Apartment,Mirdif,25.19894,55.4035,2,1361,0,15,9,6250,Omar Farouk,2026-07-04,active,0,1396
351,Spacious 3BR Apartment in Dubai Sports City | Ready to Move,"Close to metro station and community mall. Landlord maintained, no agency fees. Pet friendly building.",3BR Apartment,Dubai Sports City,25.05697,55.21801,4,1873,1,13,16,8000,Ravi Shankar,2026-08-22,active,0,351
407,Villa for Rent in Dubai Sports City - Prime Location,Close to metro station and community mall. Near international schools. Recently renovated kitchen and bathrooms.,Villa,Dubai Sports City,25.04001,55.22232,4,5198,1,0,0,24250,Yusuf Karimi,2026-07-16,active,0,407
1698,1BR Apartment for Rent in Palm Jumeirah - Prime Location,Shared pool and gym access. Close to metro station and community mall.,1BR Apartment,Palm Jumeirah,25.11487,55.16295,2,659,0,10,30,8500,Noor Abdullah,2026-08-11,active,0,1698
2096,2BR Apartment with Full Amenities - Business Bay,"Close to metro station and community mall. Landlord maintained, no agency fees.",2BR Apartment,Business Bay,25.19457,55.2524,3,968,0,19,26,7750,Sofia Marchetti,2026-04-26,active,0,2096
1231,Best Deal! 3BR Apartment in Discovery Gardens,Pet friendly building. Balcony with community view.,3BR Apartment,Discovery Gardens,25.06437,55.14406,3,1732,1,5,23,9500,Chen Wei,2026-02-26,active,0,1231
686,Villa with Full Amenities - Dubai Silicon Oasis,Pet friendly building. Covered parking included. Shared pool and gym access. Near international schools.,Villa,Dubai Silicon Oasis,25.10498,55.38766,4,4714,1,19,0,19000,Layla Haddad,2026-07-15,active,0,686
1797,Exclusive Townhouse in Business Bay | High Floor,Shared pool and gym access. Available for immediate move-in. Balcony with community view.,Townhouse,Business Bay,25.21095,55.27653,3,2240,1,6,0,18500,Omar Farouk,2026-04-28,active,0,1797
176,Best Deal! 2BR Apartment in Mirdif,Available for immediate move-in. Close to metro station and community mall. Shared pool and gym access. Pet friendly building.,2BR Apartment,Mirdif,25.22747,55.42008,3,1205,0,17,31,4500,Grace Okafor,2026-08-15,active,0,176
715,"Upgraded 1BR Apartment in Dubai Marina, Motivated Seller","Landlord maintained, no agency fees. Balcony with community view. Covered parking included. Shared pool and gym access.",1BR Apartment,Dubai Marina,25.06291,55.13072,1,815,0,8,15,7250,Grace Okafor,2026-02-21,active,0,715
996,Best Deal! Townhouse in Dubai Sports City,"Landlord maintained, no agency fees. Balcony with community view. Covered parking included.",Townhouse,Dubai Sports City,25.05604,55.1982,3,1869,0,19,0,8500,Omar Farouk,2026-08-01,active,0,996
609,Villa for Rent in Downtown Dubai - Prime Location,Close to metro station and community mall. Balcony with community view.,Villa,Downtown Dubai,25.21686,55.26738,5,3463,0,16,0,40250,Noor Abdullah,2026-06-11,active,0,609
2116,"Upgraded 2BR Apartment in Palm Jumeirah, Motivated Seller",Shared pool and gym access. Built-in wardrobes throughout.,2BR Apartment,Palm Jumeirah,25.11865,55.11736,3,1221,0,17,39,18000,Hassan Ali,2026-03-18,active,0,2116
2417,"Hot Deal - Studio in Business Bay, Call Now","Landlord maintained, no agency fees. Pet friendly building. Covered parking included.",Studio,Business Bay,25.18478,55.2604,0,493,1,19,41,4000,Daniel Reyes,2026-04-30,active,0,451
1728,Chiller Free Studio in Al Furjan,Built-in wardrobes throughout. Close to metro station and community mall. Balcony with community view. Available for immediate move-in.,Studio,Al Furjan,25.01701,55.13113,0,393,1,2,6,1750,Omar Farouk,2026-07-28,active,0,1728
1004,3BR Apartment with Full Amenities - Arabian Ranches,"Covered parking included. Landlord maintained, no agency fees. Close to metro station and community mall.",3BR Apartment,Arabian Ranches,25.04746,55.25753,4,1668,1,9,21,11250,Yusuf Karimi,2026-05-27,active,0,1004
1298,3BR Apartment for Rent in Al Furjan - Prime Location,Shared pool and gym access. Close to metro station and community mall. Near international schools. Covered parking included.,3BR Apartment,Al Furjan,25.03834,55.15731,3,1502,1,17,18,7750,Omar Farouk,2026-06-18,active,0,1298
2432,2BR Apartment in Al Furjan | Well Maintained,Close to metro station and community mall. Pet friendly building. Balcony with community view.,2BR Apartment,Al Furjan,25.01055,55.12823,2,943,0,21,36,4000,Omar Farouk,2026-02-17,active,0,1097
1024,Chiller Free 2BR Apartment in Downtown Dubai,Available for immediate move-in. Close to metro station and community mall.,2BR Apartment,Downtown Dubai,25.19056,55.27748,2,950,0,17,21,8500,Ravi Shankar,2026-07-17,active,0,1024
1427,Best Deal! Studio in Business Bay,Covered parking included. Shared pool and gym access.,Studio,Business Bay,25.20466,55.27188,0,392,0,21,34,2500,Hassan Ali,2026-07-17,active,0,1427
2344,"Hot Deal - Studio in Jumeirah Village Circle, Call Now",Recently renovated kitchen and bathrooms. Close to metro station and community mall. Shared pool and gym access.,Studio,Jumeirah Village Circle,25.04092,55.19778,0,424,0,16,42,2500,Priya Nair,2026-05-23,active,0,358
1744,Stunning 3BR Apartment | Jumeirah Lake Towers | Vacant Soon,Pet friendly building. Available for immediate move-in. Close to metro station and community mall. Covered parking included.,3BR Apartment,Jumeirah Lake Towers,25.06511,55.13335,4,1760,0,2,7,11250,Hassan Ali,2026-05-20,active,0,1744
1122,Stunning 3BR Apartment | Mirdif | Vacant Soon,"Landlord maintained, no agency fees. Balcony with community view.",3BR Apartment,Mirdif,25.22754,55.41791,3,1688,0,12,20,8250,Noor Abdullah,2026-03-17,active,0,1122
395,Stunning 3BR Apartment | Dubai Silicon Oasis | Vacant Soon,Built-in wardrobes throughout. Shared pool and gym access. Close to metro station and community mall.,3BR Apartment,Dubai Silicon Oasis,25.1121,55.3613,4,1408,0,12,17,5000,Elena Popescu,2026-08-09,active,0,395
2118,"Upgraded Townhouse in Dubai Silicon Oasis, Motivated Seller",Recently renovated kitchen and bathrooms. Near international schools.,Townhouse,Dubai Silicon Oasis,25.11719,55.40424,3,2174,1,15,0,10000,Ravi Shankar,2026-05-05,active,0,2118
1836,Exclusive 3BR Apartment in Dubai Marina | High Floor,Available for immediate move-in. Covered parking included. Built-in wardrobes throughout. Near international schools.,3BR Apartment,Dubai Marina,25.08819,55.13966,3,1411,0,10,33,10500,Anjali Menon,2026-03-29,active,0,1836
753,Exclusive 2BR Apartment in Jumeirah Village Circle | High Floor,"Recently renovated kitchen and bathrooms. Available for immediate move-in. Landlord maintained, no agency fees.",2BR Apartment,Jumeirah Village Circle,25.04942,55.20258,2,1299,1,16,11,8000,Yusuf Karimi,2026-08-29,active,0,753
636,Stunning 1BR Apartment | Dubai Silicon Oasis | Vacant Soon,"Landlord maintained, no agency fees. Close to metro station and community mall.",1BR Apartment,Dubai Silicon Oasis,25.14639,55.38429,1,736,1,8,39,3500,Sofia Marchetti,2026-08-03,active,0,636
2279,Palm Jumeirah Villa - Negotiable Price,Shared pool and gym access. Covered parking included.,Villa,Palm Jumeirah,25.08992,55.1464,6,4400,1,21,0,62000,Sofia Marchetti,2026-03-14,active,0,475
238,Chiller Free 1BR Apartment in Mirdif,Close to metro station and community mall. Covered parking included. Pet friendly building.,1BR Apartment,Mirdif,25.20339,55.40932,1,734,0,4,29,3250,Chen Wei,2026-02-07,active,0,238
915,Best Deal! Studio in Discovery Gardens,"Shared pool and gym access. Landlord maintained, no agency fees. Recently renovated kitchen and bathrooms.",Studio,Discovery Gardens,25.05571,55.15754,0,512,0,3,9,2500,Layla Haddad,2026-08-12,active,0,915
2324,Studio in Dubai Silicon Oasis | Well Maintained,Recently renovated kitchen and bathrooms. Close to metro station and community mall. Pet friendly building. Built-in wardrobes throughout.,Studio,Dubai Silicon Oasis,25.14419,55.36499,0,456,0,6,15,2000,Ravi Shankar,2026-04-08,active,0,1408
1348,2BR Apartment for Rent in Palm Jumeirah - Prime Location,Pet friendly building. Close to metro station and community mall. Recently renovated kitchen and bathrooms.,2BR Apartment,Palm Jumeirah,25.12503,55.16081,3,1313,0,8,3,15000,Fatima Al-Suwaidi,2026-01-20,active,0,1348
2213,"Hot Deal - 3BR Apartment in Al Furjan, Call Now",Available for immediate move-in. Covered parking included.,3BR Apartment,Al Furjan,25.04614,55.1272,3,1802,1,12,7,11000,Ravi Shankar,2026-05-05,active,0,184
2465,Dubai Marina 3BR Apartment - Negotiable Price,Available for immediate move-in. Shared pool and gym access. Balcony with community view.,3BR Apartment,Dubai Marina,25.08801,55.13916,3,1426,0,10,33,10500,Layla Haddad,2026-04-03,active,0,1836
907,Stunning Townhouse | Palm Jumeirah | Vacant Soon,Built-in wardrobes throughout. Balcony with community view. Pet friendly building.,Townhouse,Palm Jumeirah,25.1179,55.14886,4,2343,0,0,0,33750,Chen Wei,2026-05-23,active,0,907
1820,Best Deal! 3BR Apartment in Al Furjan,"Near international schools. Covered parking included. Landlord maintained, no agency fees.",3BR Apartment,Al Furjan,25.01614,55.15401,4,1753,0,2,36,8500,Omar Farouk,2026-04-24,active,0,1820
997,Villa for Rent in Dubai Silicon Oasis - Prime Location,Built-in wardrobes throughout. Close to metro station and community mall. Balcony with community view.,Villa,Dubai Silicon Oasis,25.11642,55.40511,5,4469,0,10,0,16000,Sofia Marchetti,2026-03-24,active,0,997
2092,Exclusive 3BR Apartment in Discovery Gardens | High Floor,"Shared pool and gym access. Landlord maintained, no agency fees.",3BR Apartment,Discovery Gardens,25.05162,55.14892,3,1947,0,12,11,8500,Fatima Al-Suwaidi,2026-08-24,active,0,2092
2176,Best Deal! Villa in Downtown Dubai,"Near international schools. Landlord maintained, no agency fees. Close to metro station and community mall. Shared pool and gym access.",Villa,Downtown Dubai,25.21783,55.29684,6,3491,1,5,0,40500,Sofia Marchetti,2026-03-03,active,0,2176
712,"Upgraded 1BR Apartment in Arabian Ranches, Motivated Seller","Landlord maintained, no agency fees. Shared pool and gym access.",1BR Apartment,Arabian Ranches,25.07598,55.29339,2,782,1,0,9,4750,Layla Haddad,2026-05-16,active,0,712
306,3BR Apartment with Full Amenities - Palm Jumeirah,"Landlord maintained, no agency fees. Built-in wardrobes throughout. Near international schools.",3BR Apartment,Palm Jumeirah,25.11367,55.16375,4,1937,1,6,40,22750,Chen Wei,2026-07-05,active,0,306
2200,Exclusive 3BR Apartment in Jumeirah Village Circle | High Floor,Covered parking included. Recently renovated kitchen and bathrooms. Built-in wardrobes throughout. Near international schools.,3BR Apartment,Jumeirah Village Circle,25.04795,55.20535,4,1816,0,4,11,10500,Omar Farouk,2026-03-05,active,0,2200
1970,Spacious 3BR Apartment in Dubai Sports City | Ready to Move,Available for immediate move-in. Shared pool and gym access. Balcony with community view. Recently renovated kitchen and bathrooms.,3BR Apartment,Dubai Sports City,25.02299,55.2144,4,1650,0,15,14,6000,Elena Popescu,2026-01-27,active,0,1970
1710,"Upgraded 2BR Apartment in Downtown Dubai, Motivated Seller",Pet friendly building. Close to metro station and community mall. Balcony with community view.,2BR Apartment,Downtown Dubai,25.17404,55.26995,3,1196,0,9,28,14250,Daniel Reyes,2026-04-02,active,0,1710
361,Stunning 1BR Apartment | Arabian Ranches | Vacant Soon,Pet friendly building. Built-in wardrobes throughout. Recently renovated kitchen and bathrooms. Available for immediate move-in.,1BR Apartment,Arabian Ranches,25.05015,55.2474,1,652,0,17,33,3750,Ravi Shankar,2026-07-13,active,0,361
2408,Must See! 2BR Apartment Available in Al Furjan,Available for immediate move-in. Recently renovated kitchen and bathrooms.,2BR Apartment,Al Furjan,25.02731,55.14027,3,1242,1,19,9,5000,Anjali Menon,2026-02-11,active,0,1117
1017,Exclusive 2BR Apartment in Jumeirah Village Circle | High Floor,"Near international schools. Balcony with community view. Landlord maintained, no agency fees. Recently renovated kitchen and bathrooms.",2BR Apartment,Jumeirah Village Circle,25.07773,55.22588,2,1379,0,4,17,7000,Sofia Marchetti,2026-06-03,active,0,1017
125,Best Deal! Townhouse in Al Furjan,Near international schools. Shared pool and gym access.,Townhouse,Al Furjan,25.03208,55.15385,3,2342,1,7,0,11250,Omar Farouk,2026-04-05,active,0,125
1387,Spacious 3BR Apartment in Jumeirah Village Circle | Ready to Move,Built-in wardrobes throughout. Pet friendly building.,3BR Apartment,Jumeirah Village Circle,25.03744,55.21939,3,1462,0,18,7,6750,Anjali Menon,2026-05-20,active,0,1387
16,"Upgraded 1BR Apartment in Dubai Sports City, Motivated Seller",Near international schools. Shared pool and gym access.,1BR Apartment,Dubai Sports City,25.02684,55.22508,2,946,0,19,6,3750,Noor Abdullah,2026-02-22,active,0,16
291,Spacious Townhouse in Al Furjan | Ready to Move,Covered parking included. Available for immediate move-in.,Townhouse,Al Furjan,25.01365,55.1482,3,2526,1,10,0,13000,Sofia Marchetti,2026-04-28,active,0,291
2085,Spacious 1BR Apartment in Downtown Dubai | Ready to Move,Near international schools. Balcony with community view.,1BR Apartment,Downtown Dubai,25.17679,55.26932,1,809,0,12,41,7500,Grace Okafor,2026-03-11,active,0,2085
2174,"Upgraded Studio in Business Bay, Motivated Seller",Recently renovated kitchen and bathrooms. Pet friendly building.,Studio,Business Bay,25.20585,55.26548,0,426,0,21,36,2500,Noor Abdullah,2026-08-09,active,0,2174
1028,1BR Apartment for Rent in Arabian Ranches - Prime Location,Balcony with community view. Pet friendly building. Near international schools. Covered parking included.,1BR Apartment,Arabian Ranches,25.05631,55.2846,1,687,0,11,22,4250,Chen Wei,2026-03-16,active,0,1028
1695,Chiller Free 2BR Apartment in Arabian Ranches,Available for immediate move-in. Close to metro station and community mall. Covered parking included.,2BR Apartment,Arabian Ranches,25.02719,55.29082,3,1209,0,5,30,8000,Omar Farouk,2026-02-26,active,0,1695
655,"Upgraded Studio in Dubai Silicon Oasis, Motivated Seller",Available for immediate move-in. Covered parking included. Built-in wardrobes throughout. Pet friendly building.,Studio,Dubai Silicon Oasis,25.09911,55.36693,0,381,1,6,13,1750,Omar Farouk,2026-02-10,active,0,655
1934,Villa for Rent in Al Furjan - Prime Location,Built-in wardrobes throughout. Shared pool and gym access.,Villa,Al Furjan,25.01041,55.17007,6,5105,0,18,0,27000,Elena Popescu,2026-07-28,active,0,1934
59,"Upgraded 2BR Apartment in Palm Jumeirah, Motivated Seller",Covered parking included. Pet friendly building.,2BR Apartment,Palm Jumeirah,25.08865,55.15821,3,996,0,0,17,13750,Anjali Menon,2026-05-30,active,0,59
2449,Brand New Listing: 3BR Apartment in Arabian Ranches,Recently renovated kitchen and bathrooms. Covered parking included.,3BR Apartment,Arabian Ranches,25.02703,55.28731,4,1843,0,0,3,14500,Omar Farouk,2026-04-01,active,0,281
1269,Spacious 2BR Apartment in Arabian Ranches | Ready to Move,Balcony with community view. Recently renovated kitchen and bathrooms. Pet friendly building. Built-in wardrobes throughout.,2BR Apartment,Arabian Ranches,25.05314,55.26611,2,1260,0,8,15,8500,Grace Okafor,2026-03-04,active,0,1269
2020,Chiller Free Villa in Downtown Dubai,"Pet friendly building. Close to metro station and community mall. Landlord maintained, no agency fees. Shared pool and gym access.",Villa,Downtown Dubai,25.17438,55.2516,5,4461,1,6,0,45750,Ravi Shankar,2026-03-10,active,0,2020
2093,Stunning Studio | Discovery Gardens | Vacant Soon,Available for immediate move-in. Pet friendly building.,Studio,Discovery Gardens,25.04469,55.1544,0,476,0,19,41,2250,Grace Okafor,2026-08-14,active,0,2093
633,Exclusive 2BR Apartment in Discovery Gardens | High Floor,Pet friendly building. Shared pool and gym access. Near international schools. Available for immediate move-in.,2BR Apartment,Discovery Gardens,25.03866,55.12613,2,1010,1,10,38,5250,Elena Popescu,2026-04-25,active,0,633
55,Studio with Full Amenities - Mirdif,Near international schools. Covered parking included. Shared pool and gym access.,Studio,Mirdif,25.23447,55.40143,0,499,0,21,35,2000,Anjali Menon,2026-06-13,active,0,55
1654,Studio for Rent in Dubai Silicon Oasis - Prime Location,Recently renovated kitchen and bathrooms. Covered parking included. Shared pool and gym access.,Studio,Dubai Silicon Oasis,25.09872,55.36156,0,456,1,7,5,2000,Anjali Menon,2026-06-23,active,0,1654
1864,Stunning 2BR Apartment | Dubai Sports City | Vacant Soon,Covered parking included. Close to metro station and community mall.,2BR Apartment,Dubai Sports City,25.05428,55.2173,3,1062,0,17,2,4750,Yusuf Karimi,2026-07-21,active,0,1864
2135,"Upgraded Studio in Business Bay, Motivated Seller",Shared pool and gym access. Built-in wardrobes throughout. Balcony with community view.,Studio,Business Bay,25.18761,55.28786,0,398,1,8,38,3250,Anjali Menon,2026-01-22,active,0,2135
1940,Best Deal! 1BR Apartment in Dubai Marina,Built-in wardrobes throughout. Recently renovated kitchen and bathrooms. Pet friendly building.,1BR Apartment,Dubai Marina,25.06704,55.16398,1,791,0,15,17,6750,Hassan Ali,2026-06-01,active,0,1940
298,Spacious 1BR Apartment in Dubai Silicon Oasis | Ready to Move,Recently renovated kitchen and bathrooms. Pet friendly building. Available for immediate move-in. Shared pool and gym access.,1BR Apartment,Dubai Silicon Oasis,25.14229,55.40119,1,868,0,1,39,4000,Ravi Shankar,2026-07-10,active,0,298
1274,Stunning Townhouse | Discovery Gardens | Vacant Soon,Covered parking included. Recently renovated kitchen and bathrooms.,Townhouse,Discovery Gardens,25.03761,55.15118,3,2194,0,5,0,11500,Layla Haddad,2026-05-23,active,0,1274
2063,Stunning 3BR Apartment | Dubai Silicon Oasis | Vacant Soon,Recently renovated kitchen and bathrooms. Shared pool and gym access.,3BR Apartment,Dubai Silicon Oasis,25.10915,55.38236,4,2016,0,7,41,9750,Priya Nair,2026-08-13,active,0,2063
1001,Chiller Free Studio in Discovery Gardens,Covered parking included. Shared pool and gym access. Close to metro station and community mall.,Studio,Discovery Gardens,25.03236,55.12292,0,463,1,8,21,2500,Layla Haddad,2026-02-16,active,0,1001
977,Exclusive 3BR Apartment in Dubai Silicon Oasis | High Floor,"Covered parking included. Recently renovated kitchen and bathrooms. Pet friendly building. Landlord maintained, no agency fees.",3BR Apartment,Dubai Silicon Oasis,25.11221,55.40446,4,1402,1,17,4,6000,Chen Wei,2026-08-22,active,0,977
211,Exclusive Studio in Discovery Gardens | High Floor,"Balcony with community view. Recently renovated kitchen and bathrooms. Landlord maintained, no agency fees. Built-in wardrobes throughout.",Studio,Discovery Gardens,25.05112,55.16848,0,475,0,5,8,2250,Yusuf Karimi,2026-08-06,active,0,211
1672,Studio with Full Amenities - Dubai Marina,"Landlord maintained, no agency fees. Available for immediate move-in. Recently renovated kitchen and bathrooms.",Studio,Dubai Marina,25.06247,55.11969,0,550,1,3,4,4500,Sofia Marchetti,2026-02-19,active,0,1672
260,Stunning 2BR Apartment | Jumeirah Lake Towers | Vacant Soon,"Built-in wardrobes throughout. Landlord maintained, no agency fees. Pet friendly building.",2BR Apartment,Jumeirah Lake Towers,25.08304,55.13975,2,1134,0,8,23,7500,Ravi Shankar,2026-02-20,active,0,260
1994,Stunning 3BR Apartment | Dubai Marina | Vacant Soon,Balcony with community view. Near international schools. Pet friendly building.,3BR Apartment,Dubai Marina,25.08012,55.13942,4,2081,0,18,41,19500,Fatima Al-Suwaidi,2026-07-30,active,0,1994
1629,Best Deal! 1BR Apartment in Jumeirah Lake Towers,Shared pool and gym access. Pet friendly building.,1BR Apartment,Jumeirah Lake Towers,25.07423,55.15361,1,881,0,7,21,6250,Noor Abdullah,2026-02-15,active,0,1629
820,Studio with Full Amenities - Palm Jumeirah,Available for immediate move-in. Close to metro station and community mall. Near international schools. Shared pool and gym access.,Studio,Palm Jumeirah,25.09425,55.16004,0,439,1,9,9,6250,Noor Abdullah,2026-05-15,active,0,820
362,Studio with Full Amenities - Jumeirah Lake Towers,Close to metro station and community mall. Recently renovated kitchen and bathrooms.,Studio,Jumeirah Lake Towers,25.07122,55.13967,0,482,0,7,29,3500,Michael Costa,2026-05-15,active,0,362
717,Chiller Free 1BR Apartment in Downtown Dubai,Shared pool and gym access. Covered parking included. Available for immediate move-in.,1BR Apartment,Downtown Dubai,25.21075,55.27891,1,831,1,14,8,10250,Layla Haddad,2026-04-08,active,0,717
2585,"URGENT SALE Upgraded Studio in Dubai Marina, Motivated Seller","Covered parking included. Balcony with community view. Landlord maintained, no agency fees.",Studio,Dubai Marina,25.07903,55.116,0,410,1,10,31,2006,Michael Costa,2026-01-27,active,1,2585
1021,Chiller Free Studio in Al Furjan,Shared pool and gym access. Available for immediate move-in. Balcony with community view.,Studio,Al Furjan,25.00815,55.13917,0,453,1,7,36,2250,Layla Haddad,2026-07-13,active,0,1021
2192,Exclusive 1BR Apartment in Arabian Ranches | High Floor,Close to metro station and community mall. Pet friendly building. Recently renovated kitchen and bathrooms.,1BR Apartment,Arabian Ranches,25.04796,55.27651,2,888,0,1,18,5500,Ravi Shankar,2026-04-05,active,0,2192
2064,Exclusive Studio in Business Bay | High Floor,Covered parking included. Recently renovated kitchen and bathrooms. Near international schools. Shared pool and gym access.,Studio,Business Bay,25.16244,55.26577,0,381,0,7,38,2500,Hassan Ali,2026-07-28,active,0,2064
1496,Studio for Rent in Dubai Sports City - Prime Location,"Landlord maintained, no agency fees. Shared pool and gym access. Close to metro station and community mall.",Studio,Dubai Sports City,25.0627,55.21682,0,400,0,5,9,1750,Sofia Marchetti,2026-01-23,active,0,1496
760,Townhouse for Rent in Jumeirah Lake Towers - Prime Location,"Recently renovated kitchen and bathrooms. Landlord maintained, no agency fees. Balcony with community view. Shared pool and gym access.",Townhouse,Jumeirah Lake Towers,25.06873,55.12657,4,1810,0,12,0,10500,Michael Costa,2026-06-26,active,0,760
2375,Brand New Listing: 2BR Apartment in Dubai Sports City,Balcony with community view. Close to metro station and community mall. Near international schools. Recently renovated kitchen and bathrooms.,2BR Apartment,Dubai Sports City,25.02834,55.23833,2,1217,0,14,15,4500,Fatima Al-Suwaidi,2026-08-07,active,0,366
851,Best Deal! Villa in Dubai Silicon Oasis,Pet friendly building. Balcony with community view.,Villa,Dubai Silicon Oasis,25.1447,55.39217,6,4457,1,18,0,17000,Hassan Ali,2026-02-27,active,0,851
1415,"Upgraded Studio in Arabian Ranches, Motivated Seller",Available for immediate move-in. Close to metro station and community mall. Shared pool and gym access.,Studio,Arabian Ranches,25.05931,55.28526,0,468,1,15,42,3750,Hassan Ali,2026-01-23,active,0,1415
1491,Chiller Free 3BR Apartment in Discovery Gardens,Near international schools. Close to metro station and community mall. Balcony with community view. Built-in wardrobes throughout.,3BR Apartment,Discovery Gardens,25.02179,55.15377,4,1790,0,14,35,7750,Michael Costa,2026-01-26,active,0,1491
308,1BR Apartment for Rent in Discovery Gardens - Prime Location,Near international schools. Available for immediate move-in. Built-in wardrobes throughout.,1BR Apartment,Discovery Gardens,25.05315,55.12509,2,862,0,10,23,4000,Fatima Al-Suwaidi,2026-03-14,active,0,308
2287,Brand New Listing: 2BR Apartment in Palm Jumeirah,Built-in wardrobes throughout. Shared pool and gym access. Available for immediate move-in. Close to metro station and community mall.,2BR Apartment,Palm Jumeirah,25.12423,55.12435,3,1025,0,22,32,12500,Sofia Marchetti,2026-03-01,active,0,1525
423,Villa for Rent in Business Bay - Prime Location,"Built-in wardrobes throughout. Landlord maintained, no agency fees.",Villa,Business Bay,25.20316,55.24425,4,3283,0,11,0,21750,Yusuf Karimi,2026-05-10,active,0,423
2288,Must See! 3BR Apartment Available in Dubai Sports City,Built-in wardrobes throughout. Available for immediate move-in. Near international schools.,3BR Apartment,Dubai Sports City,25.06343,55.19469,3,1553,0,15,9,6500,Priya Nair,2026-03-31,active,0,547
1997,Best Deal! 3BR Apartment in Dubai Marina,Near international schools. Pet friendly building.,3BR Apartment,Dubai Marina,25.05705,55.14348,4,1560,0,8,23,15000,Ravi Shankar,2026-01-16,active,0,1997
661,Chiller Free Townhouse in Dubai Marina,Close to metro station and community mall. Near international schools. Available for immediate move-in.,Townhouse,Dubai Marina,25.08676,55.16386,3,2117,1,11,0,22000,Fatima Al-Suwaidi,2026-06-15,active,0,661
539,Spacious Studio in Palm Jumeirah | Ready to Move,"Shared pool and gym access. Landlord maintained, no agency fees.",Studio,Palm Jumeirah,25.09477,55.14677,0,385,0,3,35,4750,Michael Costa,2026-08-22,active,0,539
1946,Chiller Free 1BR Apartment in Dubai Sports City,Covered parking included. Near international schools.,1BR Apartment,Dubai Sports City,25.0432,55.21258,1,839,0,10,14,3500,Daniel Reyes,2026-01-23,active,0,1946
958,Villa for Rent in Palm Jumeirah - Prime Location,Pet friendly building. Shared pool and gym access. Covered parking included. Built-in wardrobes throughout.,Villa,Palm Jumeirah,25.09251,55.11665,4,3888,0,12,0,41250,Ravi Shankar,2026-02-06,active,0,958
834,Chiller Free Villa in Downtown Dubai,Covered parking included. Built-in wardrobes throughout. Balcony with community view. Available for immediate move-in.,Villa,Downtown Dubai,25.17607,55.29125,6,4813,0,16,0,48000,Hassan Ali,2026-04-10,active,0,834
393,2BR Apartment with Full Amenities - Al Furjan,Built-in wardrobes throughout. Pet friendly building.,2BR Apartment,Al Furjan,25.03418,55.16477,2,1391,0,15,35,6250,Michael Costa,2026-06-24,active,0,393
2274,"Hot Deal - 2BR Apartment in Dubai Sports City, Call Now","Close to metro station and community mall. Available for immediate move-in. Near international schools. Landlord maintained, no agency fees.",2BR Apartment,Dubai Sports City,25.06854,55.19751,2,1096,1,15,42,5000,Grace Okafor,2026-05-28,active,0,1364
1668,3BR Apartment with Full Amenities - Palm Jumeirah,Recently renovated kitchen and bathrooms. Covered parking included. Near international schools. Pet friendly building.,3BR Apartment,Palm Jumeirah,25.09744,55.12022,4,1737,0,7,40,21000,Omar Farouk,2026-06-19,active,0,1668
2298,3BR Apartment in Dubai Sports City | Well Maintained,Pet friendly building. Shared pool and gym access. Balcony with community view. Available for immediate move-in.,3BR Apartment,Dubai Sports City,25.04377,55.2091,4,2050,0,2,31,9000,Sofia Marchetti,2026-04-09,active,0,46
810,"Upgraded Townhouse in Jumeirah Village Circle, Motivated Seller",Recently renovated kitchen and bathrooms. Built-in wardrobes throughout. Available for immediate move-in.,Townhouse,Jumeirah Village Circle,25.05992,55.20405,4,2357,1,3,0,13500,Michael Costa,2026-07-09,active,0,810
1955,Stunning 2BR Apartment | Discovery Gardens | Vacant Soon,Balcony with community view. Recently renovated kitchen and bathrooms. Covered parking included.,2BR Apartment,Discovery Gardens,25.0479,55.14225,3,1173,0,16,33,6500,Chen Wei,2026-01-19,active,0,1955
758,Best Deal! 3BR Apartment in Dubai Marina,Shared pool and gym access. Close to metro station and community mall. Balcony with community view.,3BR Apartment,Dubai Marina,25.06258,55.12761,4,1610,0,3,19,12500,Anjali Menon,2026-02-15,active,0,758
2379,"Hot Deal - 3BR Apartment in Jumeirah Lake Towers, Call Now",Recently renovated kitchen and bathrooms. Balcony with community view. Available for immediate move-in. Close to metro station and community mall.,3BR Apartment,Jumeirah Lake Towers,25.04695,55.13233,4,1578,1,22,39,13500,Michael Costa,2026-04-10,active,0,1543
1045,Best Deal! Villa in Discovery Gardens,Close to metro station and community mall. Covered parking included. Recently renovated kitchen and bathrooms.,Villa,Discovery Gardens,25.01495,55.13681,4,4299,0,7,0,21000,Fatima Al-Suwaidi,2026-04-11,active,0,1045
1690,Studio with Full Amenities - Palm Jumeirah,"Covered parking included. Landlord maintained, no agency fees.",Studio,Palm Jumeirah,25.13031,55.12671,0,535,1,13,26,6250,Yusuf Karimi,2026-05-23,active,0,1690
2008,Studio with Full Amenities - Dubai Sports City,Balcony with community view. Covered parking included. Built-in wardrobes throughout.,Studio,Dubai Sports City,25.04881,55.23142,0,500,1,0,36,2500,Hassan Ali,2026-05-30,active,0,2008
1173,Stunning 3BR Apartment | Palm Jumeirah | Vacant Soon,Built-in wardrobes throughout. Recently renovated kitchen and bathrooms.,3BR Apartment,Palm Jumeirah,25.13699,55.1561,3,1428,0,17,31,16250,Michael Costa,2026-04-15,active,0,1173
1646,"Upgraded Villa in Dubai Marina, Motivated Seller",Available for immediate move-in. Pet friendly building. Balcony with community view.,Villa,Dubai Marina,25.05613,55.12047,5,3619,1,15,0,33000,Omar Farouk,2026-04-17,active,0,1646
332,3BR Apartment with Full Amenities - Dubai Silicon Oasis,"Near international schools. Landlord maintained, no agency fees. Recently renovated kitchen and bathrooms.",3BR Apartment,Dubai Silicon Oasis,25.11117,55.38651,4,2094,1,16,3,7500,Hassan Ali,2026-06-16,active,0,332
459,1BR Apartment with Full Amenities - Business Bay,Built-in wardrobes throughout. Covered parking included.,1BR Apartment,Business Bay,25.16486,55.27788,1,747,1,12,24,5750,Michael Costa,2026-05-31,active,0,459
2326,"Hot Deal - 3BR Apartment in Jumeirah Village Circle, Call Now",Close to metro station and community mall. Available for immediate move-in.,3BR Apartment,Jumeirah Village Circle,25.06151,55.22235,4,1537,0,2,21,10000,Hassan Ali,2026-06-09,active,0,710
1136,Chiller Free 1BR Apartment in Dubai Sports City,"Shared pool and gym access. Landlord maintained, no agency fees.",1BR Apartment,Dubai Sports City,25.03479,55.22289,1,913,0,0,21,4750,Priya Nair,2026-04-13,active,0,1136
942,Villa with Full Amenities - Dubai Marina,Built-in wardrobes throughout. Shared pool and gym access.,Villa,Dubai Marina,25.07455,55.14628,6,4979,1,16,0,36500,Layla Haddad,2026-04-05,active,0,942
2149,Best Deal! 3BR Apartment in Dubai Silicon Oasis,Close to metro station and community mall. Covered parking included. Pet friendly building.,3BR Apartment,Dubai Silicon Oasis,25.12591,55.38399,4,1840,1,20,25,8750,Omar Farouk,2026-08-03,active,0,2149
14,3BR Apartment with Full Amenities - Business Bay,Available for immediate move-in. Pet friendly building. Balcony with community view.,3BR Apartment,Business Bay,25.17169,55.24899,3,1897,0,12,4,13000,Yusuf Karimi,2026-07-20,active,0,14
939,Townhouse with Full Amenities - Mirdif,"Built-in wardrobes throughout. Available for immediate move-in. Recently renovated kitchen and bathrooms. Landlord maintained, no agency fees.",Townhouse,Mirdif,25.196,55.41344,4,2243,0,19,0,10750,Priya Nair,2026-06-15,active,0,939
28,Chiller Free 1BR Apartment in Al Furjan,"Available for immediate move-in. Landlord maintained, no agency fees. Built-in wardrobes throughout. Shared pool and gym access.",1BR Apartment,Al Furjan,25.04297,55.15433,2,740,0,22,34,3500,Grace Okafor,2026-02-04,active,0,28
1391,"Upgraded 2BR Apartment in Jumeirah Village Circle, Motivated Seller",Built-in wardrobes throughout. Balcony with community view.,2BR Apartment,Jumeirah Village Circle,25.07038,55.20914,3,1061,1,13,39,6250,Daniel Reyes,2026-07-28,active,0,1391
1252,Exclusive Studio in Al Furjan | High Floor,Close to metro station and community mall. Near international schools.,Studio,Al Furjan,25.01256,55.12836,0,493,0,21,10,2500,Grace Okafor,2026-02-20,active,0,1252
29,Best Deal! 3BR Apartment in Palm Jumeirah,Pet friendly building. Recently renovated kitchen and bathrooms. Near international schools.,3BR Apartment,Palm Jumeirah,25.09912,55.13079,3,1562,0,15,29,19000,Yusuf Karimi,2026-05-14,active,0,29
2131,Stunning Villa | Downtown Dubai | Vacant Soon,Recently renovated kitchen and bathrooms. Covered parking included. Balcony with community view. Available for immediate move-in.,Villa,Downtown Dubai,25.21978,55.26572,6,4402,0,12,0,42500,Yusuf Karimi,2026-03-19,active,0,2131
2580,URGENT SALE Exclusive Studio in Mirdif | High Floor,Shared pool and gym access. Recently renovated kitchen and bathrooms. Available for immediate move-in. Covered parking included.,Studio,Mirdif,25.22976,55.43034,0,543,0,16,5,1292,Noor Abdullah,2026-08-18,active,1,2580
2415,Villa in Dubai Marina | Well Maintained,"Near international schools. Close to metro station and community mall. Available for immediate move-in. Landlord maintained, no agency fees.",Villa,Dubai Marina,25.05645,55.12024,5,3619,1,15,0,34500,Yusuf Karimi,2026-04-28,active,0,1646
622,Spacious 3BR Apartment in Palm Jumeirah | Ready to Move,Near international schools. Recently renovated kitchen and bathrooms. Covered parking included.,3BR Apartment,Palm Jumeirah,25.12597,55.12879,4,1834,0,18,34,21000,Priya Nair,2026-03-02,active,0,622
548,Exclusive 1BR Apartment in Palm Jumeirah | High Floor,Near international schools. Recently renovated kitchen and bathrooms.,1BR Apartment,Palm Jumeirah,25.11348,55.1629,1,655,0,13,30,8500,Michael Costa,2026-07-01,active,0,548
1850,Stunning Townhouse | Dubai Marina | Vacant Soon,Pet friendly building. Built-in wardrobes throughout.,Townhouse,Dubai Marina,25.06588,55.1495,3,1931,0,15,0,15000,Omar Farouk,2026-04-25,active,0,1850
779,Studio for Rent in Arabian Ranches - Prime Location,"Landlord maintained, no agency fees. Pet friendly building.",Studio,Arabian Ranches,25.05775,55.26195,0,419,0,7,6,3250,Elena Popescu,2026-08-11,active,0,779
350,Stunning 1BR Apartment | Jumeirah Lake Towers | Vacant Soon,"Available for immediate move-in. Covered parking included. Recently renovated kitchen and bathrooms. Landlord maintained, no agency fees.",1BR Apartment,Jumeirah Lake Towers,25.08715,55.14186,1,706,0,14,27,4750,Grace Okafor,2026-07-22,active,0,350
2115,"Upgraded Townhouse in Al Furjan, Motivated Seller","Landlord maintained, no agency fees. Covered parking included. Pet friendly building. Available for immediate move-in.",Townhouse,Al Furjan,25.03682,55.13174,3,2135,0,5,0,9750,Grace Okafor,2026-07-09,active,0,2115
384,Townhouse for Rent in Dubai Sports City - Prime Location,Recently renovated kitchen and bathrooms. Covered parking included. Built-in wardrobes throughout.,Townhouse,Dubai Sports City,25.04514,55.23337,4,2231,1,22,0,9250,Ravi Shankar,2026-03-24,active,0,384
800,Exclusive 2BR Apartment in Dubai Sports City | High Floor,Balcony with community view. Recently renovated kitchen and bathrooms.,2BR Apartment,Dubai Sports City,25.02238,55.23303,2,1121,1,8,26,4750,Grace Okafor,2026-05-12,active,0,800
2311,Arabian Ranches Studio - Negotiable Price,Shared pool and gym access. Pet friendly building.,Studio,Arabian Ranches,25.05722,55.2798,0,482,1,7,9,3500,Anjali Menon,2026-03-30,active,0,1633
1073,Studio for Rent in Mirdif - Prime Location,Available for immediate move-in. Pet friendly building. Recently renovated kitchen and bathrooms.,Studio,Mirdif,25.23761,55.42395,0,387,0,21,8,1500,Omar Farouk,2026-08-27,active,0,1073
321,Chiller Free Townhouse in Business Bay,Covered parking included. Built-in wardrobes throughout.,Townhouse,Business Bay,25.17719,55.27782,4,2573,0,0,0,22000,Anjali Menon,2026-03-16,active,0,321
826,Exclusive Townhouse in Jumeirah Lake Towers | High Floor,Near international schools. Shared pool and gym access. Covered parking included.,Townhouse,Jumeirah Lake Towers,25.08272,55.16193,3,2325,1,10,0,20000,Daniel Reyes,2026-07-31,active,0,826
1778,2BR Apartment for Rent in Palm Jumeirah - Prime Location,Close to metro station and community mall. Shared pool and gym access.,2BR Apartment,Palm Jumeirah,25.0988,55.13687,3,1161,0,8,34,14750,Yusuf Karimi,2026-03-01,active,0,1778
892,"Upgraded 2BR Apartment in Downtown Dubai, Motivated Seller",Available for immediate move-in. Balcony with community view.,2BR Apartment,Downtown Dubai,25.20642,55.29405,2,1271,0,9,28,12750,Priya Nair,2026-01-02,active,0,892
1874,"Upgraded Townhouse in Jumeirah Lake Towers, Motivated Seller","Landlord maintained, no agency fees. Covered parking included. Balcony with community view.",Townhouse,Jumeirah Lake Towers,25.08038,55.12344,4,1833,0,15,0,13000,Chen Wei,2026-02-20,active,0,1874
2233,Studio in Discovery Gardens | Well Maintained,Close to metro station and community mall. Pet friendly building.,Studio,Discovery Gardens,25.04194,55.15246,0,411,0,16,2,2500,Hassan Ali,2026-03-15,active,0,1931
140,Chiller Free 2BR Apartment in Business Bay,Covered parking included. Built-in wardrobes throughout. Shared pool and gym access. Balcony with community view.,2BR Apartment,Business Bay,25.20302,55.25775,2,1114,0,22,13,8000,Chen Wei,2026-07-08,active,0,140
1547,Spacious Villa in Dubai Sports City | Ready to Move,Available for immediate move-in. Balcony with community view.,Villa,Dubai Sports City,25.0283,55.2053,6,3221,1,3,0,17000,Omar Farouk,2026-06-07,active,0,1547
1075,Exclusive Townhouse in Discovery Gardens | High Floor,Built-in wardrobes throughout. Shared pool and gym access. Covered parking included. Recently renovated kitchen and bathrooms.,Townhouse,Discovery Gardens,25.0382,55.12497,3,2220,0,4,0,9750,Anjali Menon,2026-05-28,active,0,1075
841,Exclusive Villa in Business Bay | High Floor,Pet friendly building. Available for immediate move-in. Built-in wardrobes throughout. Shared pool and gym access.,Villa,Business Bay,25.19248,55.27402,6,2973,1,12,0,20000,Anjali Menon,2026-07-13,active,0,841
1915,Spacious 1BR Apartment in Business Bay | Ready to Move,Balcony with community view. Covered parking included. Available for immediate move-in.,1BR Apartment,Business Bay,25.1896,55.23818,1,938,0,15,28,6500,Chen Wei,2026-06-01,active,0,1915
269,2BR Apartment with Full Amenities - Al Furjan,Recently renovated kitchen and bathrooms. Available for immediate move-in. Pet friendly building.,2BR Apartment,Al Furjan,25.00748,55.16848,3,1352,0,11,30,7500,Layla Haddad,2026-02-07,active,0,269
1771,Best Deal! 2BR Apartment in Al Furjan,Shared pool and gym access. Covered parking included.,2BR Apartment,Al Furjan,25.00428,55.125,2,979,0,15,30,4500,Priya Nair,2026-04-28,active,0,1771
699,Best Deal! Townhouse in Jumeirah Lake Towers,Near international schools. Balcony with community view.,Townhouse,Jumeirah Lake Towers,25.07878,55.14994,3,2347,0,17,0,17000,Sofia Marchetti,2026-05-26,active,0,699
2159,Exclusive 2BR Apartment in Business Bay | High Floor,"Pet friendly building. Near international schools. Landlord maintained, no agency fees. Covered parking included.",2BR Apartment,Business Bay,25.19837,55.24709,2,1296,0,4,30,9000,Priya Nair,2026-07-17,active,0,2159
2277,Studio in Dubai Sports City | Well Maintained,Built-in wardrobes throughout. Shared pool and gym access.,Studio,Dubai Sports City,25.06591,55.20479,0,422,0,1,37,2000,Elena Popescu,2026-06-02,active,0,766
757,Stunning Townhouse | Discovery Gardens | Vacant Soon,Built-in wardrobes throughout. Recently renovated kitchen and bathrooms.,Townhouse,Discovery Gardens,25.0505,55.14416,3,2336,0,16,0,10250,Yusuf Karimi,2026-01-26,active,0,757
1648,Best Deal! 1BR Apartment in Dubai Silicon Oasis,Covered parking included. Close to metro station and community mall. Available for immediate move-in. Pet friendly building.,1BR Apartment,Dubai Silicon Oasis,25.12741,55.37185,2,916,0,4,20,3750,Fatima Al-Suwaidi,2026-07-17,active,0,1648
1165,Exclusive Studio in Jumeirah Village Circle | High Floor,Available for immediate move-in. Recently renovated kitchen and bathrooms.,Studio,Jumeirah Village Circle,25.04566,55.19726,0,428,0,17,1,1750,Michael Costa,2026-04-18,active,0,1165
1153,Villa with Full Amenities - Mirdif,"Near international schools. Available for immediate move-in. Landlord maintained, no agency fees.",Villa,Mirdif,25.22276,55.44306,6,4194,1,22,0,15500,Priya Nair,2026-03-15,active,0,1153
532,2BR Apartment with Full Amenities - Dubai Sports City,Covered parking included. Near international schools. Available for immediate move-in.,2BR Apartment,Dubai Sports City,25.04791,55.20136,2,1055,1,5,37,4750,Chen Wei,2026-07-01,active,0,532
155,Exclusive 3BR Apartment in Dubai Silicon Oasis | High Floor,Pet friendly building. Near international schools.,3BR Apartment,Dubai Silicon Oasis,25.11454,55.37148,3,1735,0,2,30,7750,Michael Costa,2026-04-12,active,0,155
2543,Business Bay 1BR Apartment - Negotiable Price,Near international schools. Recently renovated kitchen and bathrooms. Close to metro station and community mall. Covered parking included.,1BR Apartment,Business Bay,25.21104,55.26944,2,837,1,2,17,7500,Layla Haddad,2026-01-21,active,0,1626
2082,"Upgraded Villa in Arabian Ranches, Motivated Seller",Pet friendly building. Close to metro station and community mall. Balcony with community view. Built-in wardrobes throughout.,Villa,Arabian Ranches,25.07126,55.2469,6,4856,0,14,0,35250,Michael Costa,2026-02-18,active,0,2082
281,3BR Apartment with Full Amenities - Arabian Ranches,Covered parking included. Built-in wardrobes throughout.,3BR Apartment,Arabian Ranches,25.02729,55.2865,4,1858,0,0,3,15000,Layla Haddad,2026-03-19,active,0,281
1084,Best Deal! Studio in Downtown Dubai,Near international schools. Recently renovated kitchen and bathrooms. Built-in wardrobes throughout. Available for immediate move-in.,Studio,Downtown Dubai,25.17288,55.2824,0,545,1,1,18,6250,Daniel Reyes,2026-06-21,active,0,1084
194,Spacious 3BR Apartment in Discovery Gardens | Ready to Move,"Covered parking included. Landlord maintained, no agency fees.",3BR Apartment,Discovery Gardens,25.05665,55.13187,4,1928,0,1,33,11000,Hassan Ali,2026-07-19,active,0,194
2169,Stunning 2BR Apartment | Palm Jumeirah | Vacant Soon,Close to metro station and community mall. Near international schools. Shared pool and gym access.,2BR Apartment,Palm Jumeirah,25.11696,55.14586,3,1219,0,1,25,18250,Layla Haddad,2026-07-22,active,0,2169
2127,Spacious Townhouse in Dubai Sports City | Ready to Move,"Balcony with community view. Landlord maintained, no agency fees. Covered parking included.",Townhouse,Dubai Sports City,25.0209,55.20223,4,2235,1,21,0,10250,Anjali Menon,2026-07-27,active,0,2127
41,Stunning 2BR Apartment | Dubai Silicon Oasis | Vacant Soon,"Landlord maintained, no agency fees. Near international schools.",2BR Apartment,Dubai Silicon Oasis,25.10266,55.36971,3,1044,0,8,31,3750,Layla Haddad,2026-06-25,active,0,41
1776,Exclusive 1BR Apartment in Discovery Gardens | High Floor,Covered parking included. Near international schools.,1BR Apartment,Discovery Gardens,25.04077,55.12765,1,841,0,10,18,3750,Elena Popescu,2026-01-30,active,0,1776
1530,Chiller Free 2BR Apartment in Dubai Marina,Covered parking included. Close to metro station and community mall.,2BR Apartment,Dubai Marina,25.0866,55.11821,2,1396,1,15,27,12000,Daniel Reyes,2026-01-20,active,0,1530
1658,Exclusive Studio in Dubai Silicon Oasis | High Floor,Built-in wardrobes throughout. Pet friendly building. Balcony with community view.,Studio,Dubai Silicon Oasis,25.14572,55.36492,0,455,0,16,30,1750,Daniel Reyes,2026-07-26,active,0,1658
427,"Upgraded 2BR Apartment in Dubai Marina, Motivated Seller",Shared pool and gym access. Covered parking included. Near international schools. Close to metro station and community mall.,2BR Apartment,Dubai Marina,25.05735,55.13202,2,1220,0,4,26,11250,Yusuf Karimi,2026-06-16,active,0,427
2078,Studio for Rent in Jumeirah Lake Towers - Prime Location,Close to metro station and community mall. Recently renovated kitchen and bathrooms. Available for immediate move-in. Shared pool and gym access.,Studio,Jumeirah Lake Towers,25.09174,55.13112,0,494,0,19,2,3250,Noor Abdullah,2026-05-19,active,0,2078
1942,3BR Apartment for Rent in Discovery Gardens - Prime Location,Built-in wardrobes throughout. Pet friendly building.,3BR Apartment,Discovery Gardens,25.03239,55.16225,3,1976,1,9,14,8500,Michael Costa,2026-03-31,active,0,1942
1499,Studio with Full Amenities - Downtown Dubai,Shared pool and gym access. Covered parking included. Pet friendly building. Near international schools.,Studio,Downtown Dubai,25.19756,55.25383,0,423,0,11,23,4500,Ravi Shankar,2026-04-18,active,0,1499
2241,Townhouse in Dubai Sports City | Well Maintained,"Landlord maintained, no agency fees. Recently renovated kitchen and bathrooms. Built-in wardrobes throughout.",Townhouse,Dubai Sports City,25.02284,55.21664,4,2055,1,8,0,9000,Layla Haddad,2026-04-08,active,0,1799
1222,Best Deal! 3BR Apartment in Dubai Marina,Covered parking included. Available for immediate move-in. Shared pool and gym access.,3BR Apartment,Dubai Marina,25.07929,55.14988,4,1826,0,4,1,15250,Hassan Ali,2026-01-18,active,0,1222
511,Exclusive Townhouse in Discovery Gardens | High Floor,Balcony with community view. Available for immediate move-in. Covered parking included. Close to metro station and community mall.,Townhouse,Discovery Gardens,25.04628,55.13287,3,2232,1,8,0,10500,Noor Abdullah,2026-03-07,active,0,511
186,Chiller Free Townhouse in Discovery Gardens,Close to metro station and community mall. Built-in wardrobes throughout.,Townhouse,Discovery Gardens,25.01499,55.12378,4,2539,0,17,0,10500,Anjali Menon,2026-01-13,active,0,186
797,Spacious 3BR Apartment in Downtown Dubai | Ready to Move,"Covered parking included. Landlord maintained, no agency fees.",3BR Apartment,Downtown Dubai,25.2197,55.29712,3,1562,1,8,15,16750,Yusuf Karimi,2026-02-27,active,0,797
2248,3BR Apartment in Jumeirah Lake Towers | Well Maintained,Shared pool and gym access. Near international schools. Pet friendly building. Recently renovated kitchen and bathrooms.,3BR Apartment,Jumeirah Lake Towers,25.06325,55.1305,3,1856,1,0,4,15000,Daniel Reyes,2026-08-21,active,0,1329
916,Stunning 1BR Apartment | Al Furjan | Vacant Soon,"Landlord maintained, no agency fees. Recently renovated kitchen and bathrooms. Pet friendly building.",1BR Apartment,Al Furjan,25.02972,55.14796,1,883,1,6,7,5500,Sofia Marchetti,2026-04-21,active,0,916
1100,Exclusive 3BR Apartment in Arabian Ranches | High Floor,"Landlord maintained, no agency fees. Covered parking included.",3BR Apartment,Arabian Ranches,25.07342,55.25845,4,1764,0,19,26,10000,Sofia Marchetti,2026-01-01,active,0,1100
2476,Business Bay Studio - Negotiable Price,Recently renovated kitchen and bathrooms. Close to metro station and community mall. Available for immediate move-in.,Studio,Business Bay,25.19694,55.2638,0,447,0,19,27,4000,Hassan Ali,2026-05-25,active,0,651
2141,Spacious 3BR Apartment in Mirdif | Ready to Move,Shared pool and gym access. Built-in wardrobes throughout. Pet friendly building.,3BR Apartment,Mirdif,25.23208,55.43805,3,1628,1,8,33,7500,Ravi Shankar,2026-01-26,active,0,2141
2235,Townhouse in Dubai Sports City | Well Maintained,Balcony with community view. Pet friendly building. Built-in wardrobes throughout.,Townhouse,Dubai Sports City,25.04493,55.23297,4,2231,1,22,0,9500,Noor Abdullah,2026-03-29,active,0,384
57,"Upgraded 2BR Apartment in Dubai Sports City, Motivated Seller","Balcony with community view. Recently renovated kitchen and bathrooms. Near international schools. Landlord maintained, no agency fees.",2BR Apartment,Dubai Sports City,25.05767,55.20158,2,1297,0,21,9,5250,Layla Haddad,2026-04-23,active,0,57
78,"Upgraded Townhouse in Dubai Silicon Oasis, Motivated Seller",Recently renovated kitchen and bathrooms. Available for immediate move-in. Balcony with community view. Close to metro station and community mall.,Townhouse,Dubai Silicon Oasis,25.11079,55.37919,4,2467,1,19,0,9500,Hassan Ali,2026-08-19,active,0,78
2610,URGENT SALE Villa with Full Amenities - Jumeirah Village Circle,Recently renovated kitchen and bathrooms. Shared pool and gym access. Balcony with community view.,Villa,Jumeirah Village Circle,25.06559,55.21798,6,5169,0,12,0,13669,Layla Haddad,2026-07-25,active,1,2610
